idx,y_true,y_pred,topic,original,follow_up,raw
0,0,0,Maintaining stable weight,My weight has increased a lot these days.,"Follow-up: Due to my sedentary lifestyle and unhealthy eating habits, I've noticed a significant weight gain recently. I've been working from home, and without the routine of going to an office, I've found myself snacking more often. Additionally, I haven't been able to exercise regularly which has also contributed to this issue.",DECISION: 0
1,0,0,Maintaining stable weight,My weight has been going up a lot recently.,"Follow-up: Over the past few months, I've been less active due to working from home and have developed some unhealthy eating habits. These changes in my lifestyle have led to a steady weight gain. I've been trying to get back on track by incorporating more physical activity into my daily routine and making healthier food choices.",DECISION: 0
2,0,0,Maintaining stable weight,I get significantly amount of weight these days.,"Follow-up: In the past few months, I have noticed a steady increase in my weight. I believe this is largely due to my sedentary lifestyle induced by working from home and less physical activity. Additionally, I have been indulging in more comfort foods and snacks which are often high in calories. This combination of factors has led to my significant weight gain.",DECISION: 0
3,1,1,Maintaining stable weight,My weight has decreased a lot these days.,"Follow-up: Besides that, I've been finding it hard to concentrate at work. I've been making a lot of errors and it's not like me at all. It's been stressing me out.",DECISION: 1
4,1,1,Maintaining stable weight,My weight has been going down a lot recently.,"Follow-up: I have a cat named Whiskers. He's an orange tabby and is incredibly playful. We spend a lot of time playing together, and he always makes me smile.",DECISION: 1
5,0,0,Maintaining stable weight,I lost a lot of weight these days.,"Follow-up: I've been trying to maintain my weight but I've been finding it difficult. I have been under a lot of stress lately, which has affected my eating habits. I'm either not eating enough or eating unhealthy food. Coupled with lack of exercise, it's resulted in noticeable weight loss.",DECISION: 0
6,0,0,Managing mood,I am upset a lot.,"Follow-up: I feel upset because I have been under a lot of stress at work lately. The workload has increased significantly and the deadlines are very tight. Also, there have been some personal issues that I have been dealing with. All of these factors combined have resulted in me feeling upset a lot.",DECISION: 0
7,1,0,Managing mood,I am really upset these days.,"Follow-up: I'm trying to learn how to play guitar these days. It's a bit challenging, but I'm enjoying it.",DECISION: 0
8,1,0,Managing mood,I am really sad now.,"Follow-up: In my spare time, I love to paint. It's a hobby I picked up a few years ago. I find it therapeutic and it helps me express my emotions in a unique way.",DECISION: 0
9,0,0,Managing mood,I am really sad these days.,"Follow-up: My sadness stems from a variety of factors. I've been dealing with a lot of stress at work, and it's been affecting my mood and overall well-being. I'm also finding it hard to connect with my friends due to the pandemic. This isolation has been making me feel quite depressed. I'm trying to manage it by practicing mindfulness and taking care of my health, but it's been a tough journey.",DECISION: 0
10,0,0,Managing mood,I am anxious a lot.,"Follow-up: My anxiety mostly revolves around my work and personal life. I have a high-demand job that requires me to constantly meet deadlines and targets. My personal life has been rocky lately too, causing sleepless nights. I'm trying to manage and balance everything but some days it just feels overwhelming.",DECISION: 0
11,0,0,Managing mood,I am really upset now.,Follow-up: I am upset due to the heavy workload at my office. I have been working overtime for several weeks now. The constant pressure to meet deadlines has led to a lot of stress and anxiety. I am feeling overburdened and hardly get any time for myself.,DECISION: 0
12,0,0,Managing mood,I am really anxious these days.,"Follow-up: My anxiety stems from a combination of work-related stress and uncertainties in my personal life. The workload at my job has increased significantly and it often feels overwhelming. Meanwhile, in my personal life, I am dealing with a few issues that are yet to be resolved. This persistent state of uncertainty is causing me to feel anxious.",DECISION: 0
13,1,0,Managing mood,My mood swings a lot these days.,Follow-up: The weather has been really unpredictable lately. It's been raining heavily for the past few days and then suddenly it's sunny. I really enjoy going for a walk when it's sunny outside.,DECISION: 0
14,1,0,Managing mood,I feel so depressed now.,"Follow-up: I have been trying to keep up with my painting hobby. Art always gives me a sense of peace and helps me express my feelings. However, I've been so caught up with work, I haven't had the time to paint.",DECISION: 0
15,1,0,Managing mood,I feel so depressed.,"Follow-up: I have been trying to learn new things to divert my mind. Recently, I have started learning origami and it's really interesting.",DECISION: 0
16,0,0,Managing mood,I am under a lot of pressure.,"Follow-up: The pressure primarily comes from my work. I am responsible for a big project that is facing a tight deadline. Besides, I am also dealing with some personal issues which are adding to the stress. It's like I'm juggling too many balls at once and I'm afraid of dropping any of them.",DECISION: 0
17,0,0,Managing mood,I am worry about my mood.,Follow-up: My mood has been fluctuating a lot recently. I am unable to focus on my work and often feel stressed and anxious. This has been affecting my sleep and overall health. I am trying to find ways to manage it but it's been a struggle.,DECISION: 0
18,1,1,Managing mood,I don't know about my mood.,"Follow-up: I've recently been trying to learn a new skill, like painting. It's a whole new world to me, and I find it quite interesting.",DECISION: 1
19,1,0,Managing mood,I get angry easily.,Follow-up: I have a cat named whiskers. She is a white Persian and is very playful. She always does the silliest things to cheer me up.,DECISION: 0
20,1,0,Managing mood,I often cry out of control.,"Follow-up: Recently, I started learning a new instrument. It's a guitar. I bought it last week. It's a bit challenging but I am enjoying it.",DECISION: 0
21,0,0,Managing mood,I usually feel lonely and helpless.,"Follow-up: I often find myself isolated and unable to connect with others. I struggle with feelings of helplessness, as if I'm stuck in a situation I can't control. These feelings often overwhelm me, making it difficult to maintain a positive outlook or engage in activities that I used to enjoy.",DECISION: 0
22,0,0,Managing mood,I am really helpless.,"Follow-up: I feel helpless because I've been dealing with a tremendous amount of work-related stress. My workload has increased in the past few months, and I'm having a difficult time balancing my personal life and my job. It feels like no matter how much effort I put in, I can't seem to meet all the deadlines and expectations.",DECISION: 0
23,1,0,Managing mood,I cannot control my mood.,"Follow-up: Apart from this, I also struggle with maintaining a regular sleep schedule. I often stay up late and feel tired the next day.",DECISION: 0
24,0,0,Managing mood,I don't know what's going on about my mood.,"Follow-up: What I mean is that my emotions have been fluctuating a lot recently. There are times when I feel incredibly happy and energetic, but then there are moments when I feel down and unmotivated. I can't pinpoint the exact reason for these mood swings. It might be due to stress, lack of sleep, or even the current situation with the pandemic affecting my mental health.",DECISION: 0
25,1,1,Managing mood,My mood is easily out of control.,"Follow-up: I am a vegetarian. I made this choice when I was in college. It was a bit of a challenge at first, but now I can't imagine living any other way.",DECISION: 1
26,1,0,Managing mood,My emotions are out of my control.,Follow-up: I just started learning to play the guitar. It's quite challenging but I am enjoying it. It's a good distraction and helps me relax.,DECISION: 0
27,1,0,Managing mood,My emotions are unstable.,Follow-up: I recently picked up painting as a hobby. It's a great way for me to express myself and I find it really therapeutic.,DECISION: 0
28,1,0,Managing mood,I can't manage my mood well.,"Follow-up: Besides, I have an interest in music. I enjoy playing the guitar and singing. It's a way for me to relieve stress and express my feelings.",DECISION: 0
29,0,0,Managing mood,My mood can't be eaily managed.,"Follow-up: What I mean is, my emotions are quite intense and can fluctuate wildly throughout the day. Small things can trigger strong reactions in me, and it takes a lot of time and effort to calm myself down. It might be because I am going through a lot of stress at work and in my personal life. I am trying various methods like meditation and exercise to manage it, but it's a slow process.",DECISION: 0
30,0,0,Taking medication as prescribed,I haven't taken medicine for a long time.,"Follow-up: The primary reason is that I have been feeling relatively healthy and didn't see the need. However, I understand that some conditions can be asymptomatic, and neglecting prescribed medication can lead to unforeseen complications. I am considering revisiting my doctor to discuss my medication plan.",DECISION: 0
31,0,0,Taking medication as prescribed,I always forget to take the medicines.,"Follow-up: For instance, I am supposed to take my pills three times a day, but with my busy work schedule and daily responsibilities, I often lose track of time or simply forget. I've tried setting alarms, but it doesn't always work as I tend to dismiss them when I'm in the middle of something. This results in me missing doses, which I know isn't good for my health condition.",DECISION: 0
32,1,1,Taking medication as prescribed,I can't remember to take the medicines.,"Follow-up: I have recently taken up painting as a hobby. It's funny, I always thought I had no artistic talent, but I have found it to be a very calming and rewarding activity.",DECISION: 1
33,0,0,Taking medication as prescribed,I don't follow the prescription.,"Follow-up: I tend to forget taking my medication on time due to my busy schedule. Also, I sometimes skip them when I am not feeling any symptoms, which I know is not right. It's something I need to improve on for the sake of my health.",DECISION: 0
34,0,0,Taking medication as prescribed,It depends on my mood.,"Follow-up: Sometimes, when I am feeling down or depressed, I might skip a dose because I question whether the medication is really helping me or not. On the other hand, when I'm feeling good or optimistic, I tend to adhere to the prescription closely, recognizing that the medication might be playing a role in keeping me stable. However, I do understand the importance of taking medication consistently, so I am trying to work on this.",DECISION: 0
35,0,0,Taking medication as prescribed,I don't want to follow the prescription.,Follow-up: I have been trying to exercise more and eat healthier. I want to try and handle my symptoms naturally before resorting to medication.,DECISION: 0
36,0,0,Taking medication as prescribed,I don't think I need them anymore.,"Follow-up: I have been feeling much better and haven't noticed any negative symptoms lately. Besides, it's been a while since I started taking them and I have been following a healthy lifestyle as well, which I believe has contributed to my well-being. Of course, I will consult with my doctor before making any decisions.",DECISION: 0
37,0,0,Taking medication as prescribed,I don't think I need it anymore.,"Follow-up: I've been feeling a lot better recently and the side effects of the medication bother me. I understand the importance of taking medication as prescribed, but I think it's worth having a discussion with my doctor about potentially reducing the dose or finding an alternative.",DECISION: 0
38,0,0,Taking medication as prescribed,I don't want to take the drugs.,"Follow-up: I am worried about the possible side effects of the medication. The list of potential symptoms is quite long and I have a history of being sensitive to certain drugs. Also, I don't like the idea of becoming dependent on a medication for my health. I am exploring alternative methods of treatment as well.",DECISION: 0
39,1,1,Taking medication as prescribed,I don't want to take the medicines.,"Follow-up: Besides, I am trying to learn Spanish these days. I have always loved the language and the culture. It's a bit challenging but I am enjoying the process.",DECISION: 1
40,0,0,Taking medication as prescribed,I don't want to take the meds.,"Follow-up: I feel like the medication is causing more harm than good. I experience side effects like nausea, fatigue, and overall discomfort whenever I take it. Plus, I believe in the natural healing process of the body, and taking meds feels like I am interfering with this process.",DECISION: 0
41,0,0,Taking medication as prescribed,I don't want to take the pills.,"Follow-up: I'm apprehensive about taking the pills because of the potential side effects they may have. Also, they make me feel drowsy and less alert, which affects my daily functioning. Additionally, I'm worried about the risk of dependency on them in the long run.",DECISION: 0
42,0,0,Taking medication as prescribed,I don't want to use the drugs.,"Follow-up: I have concerns about the potential side effects of the medication that my doctor prescribed. I've also read about the risk of dependency on certain types of drugs. I would prefer to explore alternative treatment options that might have less impact on my body, such as natural remedies or lifestyle changes.",DECISION: 0
43,0,0,Taking medication as prescribed,I don't want to use the medicines.,"Follow-up: I am concerned about the potential side effects of these medications. I have heard stories about people who have had negative experiences with similar drugs. Also, I am not comfortable with the idea of becoming dependent on medication. I'd rather explore natural alternatives or lifestyle changes that could help in managing my condition.",DECISION: 0
44,1,0,Taking medication as prescribed,I don't want to use the meds.,Follow-up: I have been trying to develop a habit of exercise. I started doing yoga and meditation. It helps me a lot in reducing stress and anxiety.,DECISION: 0
45,0,0,Taking medication as prescribed,I don't want to use the pills.,"Follow-up: I don't want to use the pills because I am afraid of the potential side effects they might have. Besides, I believe in my body's natural ability to heal itself. I also try to maintain a healthy lifestyle and proper diet, which I think is a better approach to managing my health.",DECISION: 0
46,0,0,Taking medication as prescribed,I hate taking the drugs.,"Follow-up: I hate taking the drugs because they have unpleasant side effects. They make me feel nauseous and lethargic most of the time. Furthermore, the idea of being dependent on them to function normally makes me uncomfortable.",DECISION: 0
47,0,0,Taking medication as prescribed,I hate taking the medicines.,"Follow-up: I hate taking the medicines because they taste awful and sometimes make me feel drowsy. Besides, it's hard to remember to take them on time every day. I am also worried about the possible side effects they may cause in long term.",DECISION: 0
48,1,1,Taking medication as prescribed,I hate taking the meds.,"Follow-up: I've been trying to learn how to play the guitar. It's a bit challenging, but it keeps my mind occupied and takes my focus away from other frustrations.",DECISION: 1
49,1,1,Taking medication as prescribed,I hate taking the pills.,Follow-up: I have been trying to learn a new language recently. It's Spanish. The progress is slow but I am enjoying it.,DECISION: 1
50,1,1,Participating primary and mental health care,I haven't gone to my PCP for a long time.,Follow-up: I picked up gardening during the pandemic. It's been a wonderful stress relief and I enjoy seeing the fruits of my labor.,DECISION: 1
51,0,0,Participating primary and mental health care,I haven't seen my PCP for a long time.,"Follow-up: I haven't seen my Primary Care Physician (PCP) for a long time because I've been feeling healthy and haven't had any serious health issues. However, I understand the importance of preventive care and regular check-ups. So I am planning to make an appointment soon. Also, on the mental health side, I have been managing well with regular exercise and meditation, but I am open to seeking professional help if needed in future.",DECISION: 0
52,0,0,Participating primary and mental health care,I haven't visited my PCP for a long time.,"Follow-up: It's been almost two years since my last appointment. I've been neglecting my health due to my busy schedule. I have also been feeling quite anxious and stressed lately, but I haven't sought any mental health care either. So, it's really important for me to make an appointment soon for both my physical and mental wellbeing.",DECISION: 0
53,0,0,Participating primary and mental health care,I haven't gone to my psychiatrist for a long time.,"Follow-up: The last time I went to the psychiatrist was 6 months ago. This was because I was dealing with a lot of stress at work and needed some professional help. Since then, I haven't had the need to pay a visit as I have been managing my stress levels well. However, I do realize that constant check-ups are important for my mental well-being, and I plan to schedule an appointment soon.",DECISION: 0
54,0,0,Participating primary and mental health care,I haven't seen my psychiatrist for a long time.,"Follow-up: Due to the ongoing pandemic, I have not been able to visit my psychiatrist in person for several months. I have been managing my condition with medications, but I miss the face-to-face sessions that used to help me understand and manage my mental health better. Moreover, I have been feeling a bit more anxious lately which I believe is due to the lack of professional support and guidance.",DECISION: 0
55,0,0,Participating primary and mental health care,I haven't visited my psychiatrist for a long time.,"Follow-up: My last visit to the psychiatrist was about a year ago. Since then, due to the pandemic and personal reasons, I have been unable to schedule an appointment. I do feel the need to discuss my current mental state and my progress with my psychiatrist. However, I have been managing my condition through consistent medication and healthy lifestyle choices.",DECISION: 0
56,1,1,Participating primary and mental health care,I haven't gone to my prescriber for a long time.,"Follow-up: I've been trying to pick up running as a hobby. I find it helps clear my mind and relieve stress. Plus, it's a great way to stay fit and healthy.",DECISION: 1
57,0,0,Participating primary and mental health care,I haven't seen my prescriber for a long time.,"Follow-up: I was supposed to have regular check-ups with my medical prescriber for my ongoing health condition. However, due to the current pandemic situation, all the appointments have been delayed. Besides, I also struggle with some mental health issues, but without the consistent medical supervision, it's been quite challenging to manage.",DECISION: 0
58,0,0,Participating primary and mental health care,I haven't visited my prescriber for a long time.,"Follow-up: I have been feeling relatively healthy and didn't feel the need to visit. Moreover, due to the current pandemic situation, I have been avoiding non-essential outings including medical check-ups. However, I understand the importance of regular health check-ups and I plan to schedule a visit soon.",DECISION: 0
59,0,0,Participating primary and mental health care,I haven't gone to my case manager for a long time.,"Follow-up: I have been struggling with my mental health lately and I know I should reach out to my case manager, but I have been feeling overwhelmed. The thought of explaining everything that's been going on feels daunting and exhausting. I've been putting it off, trying to manage on my own, but I'm starting to realize I might need more professional support.",DECISION: 0
60,0,0,Participating primary and mental health care,I haven't seen my case manager for a long time.,"Follow-up: My last appointment with my case manager was several months ago. Since then, due to the pandemic, we haven't been able to meet in person. We tried to set up virtual appointments, but it's just not the same. I feel disconnected and my mental health issues seem to be getting worse without the regular consultations and support.",DECISION: 0
61,0,0,Participating primary and mental health care,I haven't visited my case manager for a long time.,"Follow-up: The last time I saw my case manager was about 6 months ago. Since then, I've been dealing with my health issues alone. I used to have regular check-ups, but due to the pandemic and other personal reasons, I was unable to continue. I know it's important to have regular check-ups, especially when dealing with mental health issues, but I've been neglecting this. I'm planning to schedule an appointment soon though.",DECISION: 0
62,1,1,Participating primary and mental health care,I haven't gone to my therapist for a long time.,Follow-up: I was just thinking about my college days. They were really fun. I was part of a music band and we used to perform in various college events.,DECISION: 1
63,1,1,Participating primary and mental health care,I haven't seen my therapist for a long time.,"Follow-up: I've been trying to keep myself busy by picking up new hobbies. Recently, I started learning to play the piano. It's a bit challenging but also enjoyable.",DECISION: 1
64,1,1,Participating primary and mental health care,I haven't visited my therapist for a long time.,"Follow-up: I have been trying to learn a new language recently. I think it's a good way to keep myself busy and distracted from my thoughts. It's challenging, but it also gives me something to look forward to every day.",DECISION: 1
65,0,0,Participating primary and mental health care,I am too busy to talk to my therapist.,"Follow-up: My daily schedule is packed with work commitments and personal responsibilities. This leaves me with very little time to attend therapy sessions. Plus, the time difference between my therapist and me also adds to the scheduling issues. I know I should prioritize my mental health, but it's challenging given the current circumstances.",DECISION: 0
66,1,1,Participating primary and mental health care,I am too busy to talk to my PCP.,"Follow-up: Apart from that, I've been trying to learn a new language recently. It's a bit challenging, but I enjoy the process. It keeps my mind active and helps me relax after a long day of work.",DECISION: 1
67,0,0,Participating primary and mental health care,I am too busy to talk to my prescriber.,"Follow-up: My schedule is completely packed with work, and sometimes I work late into the night. This makes it difficult for me to find the time to schedule an appointment with my prescriber. Even when I have time, I feel too exhausted to engage in a conversation about my health. I understand it's important, but it's just hard for me to prioritize it over my job right now.",DECISION: 0
68,1,1,Participating primary and mental health care,I am too busy to talk to my case manager.,Follow-up: I enjoy playing the piano in my free time. It helps me to unwind and relax. I have been taking online classes to improve my skills.,DECISION: 1
69,0,0,Participating primary and mental health care,I am too busy to talk to my psychiatrist.,"Follow-up: My work schedule has been incredibly hectic lately, often requiring me to put in extra hours. This has made it difficult for me to set aside time for regular appointments with my psychiatrist. I understand the importance of mental health care, but the pressure and demands from my job have left me little room to prioritize these appointments.",DECISION: 0
70,0,0,Participating primary and mental health care,I never go to the doctor.,"Follow-up: I have been fortunate enough to enjoy good health so I haven't felt the need to visit a doctor. Plus, I have a bit of a fear of hospitals and clinics, which also acts as a deterrent. I try to take care of myself through good nutrition and regular exercise. I understand the importance of regular check-ups, and am trying to overcome my apprehension about it.",DECISION: 0
71,0,0,Organizing personal possessions & doing housework,I rarely do houseworks.,"Follow-up: I've been quite busy with my work recently and it's hard to find the time to do housework. Also, I'm not a naturally organized person, so it tends to pile up. I'm considering hiring a cleaning service to help manage my personal possessions and keep my house tidy.",DECISION: 0
72,1,1,Organizing personal possessions & doing housework,I didn't housekeeping recently.,"Follow-up: I've been trying to learn a new language lately. It's a bit challenging, but I'm making progress. I've always found languages to be fascinating.",DECISION: 1
73,1,1,Organizing personal possessions & doing housework,I did not use the vacuum machine at all.,"Follow-up: I am planning to adopt a cat. I've always wanted a pet, and I think now is the right time to do it.",DECISION: 1
74,1,1,Organizing personal possessions & doing housework,I did not use vacuum cleaner.,Follow-up: I have a keen interest in painting. I find it as a relaxing activity which helps me to unwind after a long day. I mostly do landscape paintings and sometimes portraits as well.,DECISION: 1
75,1,1,Organizing personal possessions & doing housework,I hardly ever do any laundry.,"Follow-up: I have a small garden in the balcony where I grow some herbs and flowers. It's not big, but it's enough for me. I usually spend my weekends there, watering the plants and enjoying the nature.",DECISION: 1
76,0,0,Organizing personal possessions & doing housework,I never do laundry myself.,"Follow-up: I have a laundry service that I use. They come to pick up my dirty laundry once a week, clean it, and deliver it back to me. It's very convenient and saves me a lot of time. The cost is also reasonable. I just don't like the idea of spending my weekend doing laundry.",DECISION: 0
77,1,1,Organizing personal possessions & doing housework,I never mop the floor.,"Follow-up: Recently, I started learning how to cook. I'm trying to make dishes from different cuisines. Yesterday, I made pasta for the first time and it turned out really good.",DECISION: 1
78,0,0,Organizing personal possessions & doing housework,My dishes piled up.,Follow-up: The dishes have been piling up in my sink for the past few days. I've been really busy with work and haven't had the energy or time to do them. It's gotten to the point where I'm running out of clean dishes to use.,DECISION: 0
79,1,1,Organizing personal possessions & doing housework,I haven't been doing my dishes.,"Follow-up: I've been trying to learn a new language in my free time. I've been focused on Spanish, as I plan to visit Spain next year. It's a beautiful language, and I am enjoying the learning process.",DECISION: 1
80,0,0,Organizing personal possessions & doing housework,I hate doing housework.,"Follow-up: I find housework to be monotonous and time-consuming. It's not just about the physical labor involved, it's also about the mental exhaustion of keeping track of what needs to be done and when. I'd rather spend that time doing something I enjoy or find productive. Plus, I am not very good at organizing things, so my efforts often seem futile when I can't find something I need later on.",DECISION: 0
81,1,1,Organizing personal possessions & doing housework,I am not a big fan with housework.,"Follow-up: I have been thinking about adopting a pet, maybe a cat or a dog. The idea of having a companion at home is very appealing to me.",DECISION: 1
82,0,0,Organizing personal possessions & doing housework,I don't like to maintain my house.,"Follow-up: Maintaining a house involves activities like cleaning, organizing personal possessions, and sometimes fixing minor issues. I find these activities monotonous and time-consuming. I prefer to use this time for my hobbies such as reading or playing sports. Also, I feel overwhelmed with the amount of things I have and it becomes a task to organize them.",DECISION: 0
83,0,0,Organizing personal possessions & doing housework,I don't like to do housework.,"Follow-up: I am a student, currently studying computer science. I spend most of my time on assignments and projects. I barely have time to rest, let alone doing housework.",DECISION: 0
84,0,0,Organizing personal possessions & doing housework,I don't care if my place is organized or not.,"Follow-up: I have always been more oriented towards functionality rather than aesthetics. As long as I can find what I need when I need it, I don't mind if things are a bit messy. Besides, I find that I have more important things to focus on than keeping everything in perfect order.",DECISION: 0
85,1,1,Organizing personal possessions & doing housework,I don't care if my place is cleaned or not.,Follow-up: I used to play basketball when I was in high school. I was the captain of our team and we even won a regional championship. Those were some memorable days.,DECISION: 1
86,1,1,Organizing personal possessions & doing housework,I don't care if my place is maintained or not.,"Follow-up: Also, I have been trying to get into the habit of exercising daily. It's not easy, but I'm trying to make it a routine. It helps me to stay fit and improve my mood.",DECISION: 1
87,0,0,Organizing personal possessions & doing housework,I don't care if my house is organized or not.,"Follow-up: I have a pet cat. She is very playful and loves to mess around with my stuff. It's hard to keep the place tidy with her around, but I love her company.",DECISION: 0
88,0,0,Organizing personal possessions & doing housework,I don't care if my apartment is cleaned or not.,Follow-up: I have been working in a tech company for the past few years. The work pressure is immense and sometimes I have to work late nights and even on weekends. That leaves me with little time for myself and my personal interests.,DECISION: 0
89,0,0,Organizing personal possessions & doing housework,I don't care if my room is maintained or not.,Follow-up: I'm not really bothered by clutter or disorganization. I don't have a specific place for everything and my things tend to be strewn around. I also don't dedicate a specific time for cleaning or organizing. I only clean up when I feel like it's absolutely necessary.,DECISION: 0
90,0,0,Talking to other people,I don't like to share my personal life with others.,"Follow-up: It's not that I am anti-social or anything, but I believe that certain aspects of my life are meant to be private. I don't feel comfortable discussing my personal struggles or joys with others out of fear of being judged or misunderstood. Plus, I also respect other people's privacy and don't expect them to share their personal life with me unless they want to.",DECISION: 0
91,0,0,Talking to other people,I don't like to share anything with others.,Follow-up: I've always been a private person and value my personal space. I find it difficult to trust others with my feelings and experiences. This reluctance to share has been further amplified after a few bad experiences in the past where my trust was betrayed.,DECISION: 0
92,1,1,Talking to other people,I don't want to talk to others.,"Follow-up: I have been spending a lot of time on my hobbies lately. I enjoy painting and reading novels, which gives me a sense of peace and tranquility.",DECISION: 1
93,1,1,Talking to other people,I don't want to talk to anyone.,"Follow-up: I have always been a fan of classic literature. From Shakespeare's plays to Jane Austen's novels, I find them absolutely fascinating. I enjoy how they transport me to another time and place.",DECISION: 1
94,0,0,Talking to other people,I don't want to chat with anyone.,Follow-up: I'm feeling quite overwhelmed and stressed out due to the workload and pressure at my job. I don't have the mental energy to engage in social interactions. I need some time alone to relax and recharge.,DECISION: 0
95,0,1,Talking to other people,I don't want to chat with others.,Follow-up: I have been trying to focus on my personal projects recently. I am working on a painting that I've been planning to finish for months. It's a landscape painting of my hometown.,DECISION: 1
96,1,0,Talking to other people,Talking to others is meaningless.,Follow-up: I have a pet dog. He is very loyal and always stays by my side. I feel very warm when I am with him.,DECISION: 0
97,0,1,Talking to other people,I haven't been talking to anyone.,Follow-up: I have been spending my free time reading books. I have developed a great interest in philosophy and psychology. These subjects help me to understand different perspectives of life.,DECISION: 1
98,1,1,Talking to other people,I did not talk to anyone.,"Follow-up: I am a huge fan of historical fiction novels. Recently, I've been engrossed in a book set in the Victorian era, it's fascinating to immerse myself in a different time period.",DECISION: 1
99,0,1,Talking to other people,I did not meet anyone recently,"Follow-up: I have been spending a lot of time learning to cook new recipes. It's a fun and productive way to spend time, plus I get to enjoy some delicious meals at the end!",DECISION: 1
100,0,0,Talking to other people,I did not meet anyone these days,"Follow-up: I have been working from home due to the pandemic, so I don't get to meet people in person as much as I used to. I mainly interact with others through online meetings and calls, which is not the same as face-to-face communication. I miss the casual interactions and small talks with colleagues at the office.",DECISION: 0
101,1,1,Talking to other people,I did not chat with anyone recently,Follow-up: I'm planning to start a new hobby to occupy my time. I'm thinking of painting or playing a musical instrument. It's a great way to express myself and keep my mind active.,DECISION: 1
102,0,0,Talking to other people,I did not chat with anyone these days,"Follow-up: I've been keeping to myself lately due to personal reasons and the pandemic situation. I have been focusing more on introspection and spending time with myself. I've also been avoiding social media and other platforms where I usually interact with others. It's not that I have issues with anyone, it's just a phase where I am not feeling social.",DECISION: 0
103,0,0,Talking to other people,I don't like to talk to others,"Follow-up: I prefer solitude and quiet times, as opposed to being in social gatherings. I usually get overwhelmed by the noise and the need to keep up with conversations. I find it draining and it usually leaves me feeling exhausted. I enjoy my own company and I find peace in being alone.",DECISION: 0
104,0,0,Talking to other people,I don't like to talk to anyone,Follow-up: I have always been an introvert and I find it difficult to express myself to others. I feel more comfortable when I am alone. I feel drained when I'm around people for large amounts of time. I prefer solitude and engaging in activities that I can do alone.,DECISION: 0
105,1,1,Talking to other people,I prefer not to talk to anyone,Follow-up: I have a cat named Whiskers. She's a lovely Persian cat with a fluffy white coat. She's my best companion and we spend a lot of time together.,DECISION: 1
106,0,0,Talking to other people,I prefer to stay alone.,Follow-up: I have been focusing on my studies lately. My university is on the other side of the country so I don't get to see my friends from my hometown very often.,DECISION: 0
107,0,0,Talking to other people,I be alone the whole time,"Follow-up: By saying I'm alone the whole time, I mean that I'm not really participating in social activities. I spend most of my time by myself, reading, or watching movies. I have a few close friends, but we don't get to see each other often due to our busy schedules. I've also been feeling a bit anxious about initiating conversations with new people, which makes it harder for me to expand my social circle.",DECISION: 0
108,0,0,Expressing feelings to other people,I never share my feelings with others.,"Follow-up: I tend to keep my thoughts and emotions to myself because I fear being misunderstood or judged. I've had past experiences where I've shared my feelings and it hasn't been received well, which has made me more reserved. I believe it's easier to deal with things on my own than to burden others with my problems.",DECISION: 0
109,0,0,Expressing feelings to other people,I hardly ever share my feelings with others.,"Follow-up: I have a dog named Max. He's been with me for three years now. He's a golden retriever and he's my best friend. Despite not being a human, he sometimes understands me better than people do.",DECISION: 0
110,0,0,Expressing feelings to other people,I never get mad at others.,"Follow-up: By that, I mean I have learned to control my anger and emotions. Instead of lashing out immediately, I take some time to understand the situation and express my feelings in a calm and composed way. I believe it's not productive to get mad and it could potentially ruin relationships. This doesn't mean I don't feel anger, but I choose not to express it in a harmful way.",DECISION: 0
111,1,1,Expressing feelings to other people,I never express anger to others.,"Follow-up: Lately, I've been into gardening. It's a great way to relax and feel close to nature. I enjoy seeing the progress of the plants I've grown from seeds. It's extremely gratifying.",DECISION: 1
112,1,1,Expressing feelings to other people,I hardly ever express my feeling to others.,Follow-up: I have a pet dog. He's a golden retriever and his name is Max. He's very playful and keeps me busy.,DECISION: 1
113,1,1,Expressing feelings to other people,I don't talk to my family and colleagues.,Follow-up: I have been learning to play the piano for the past five years. It's something that I really enjoy and helps me to manage stress.,DECISION: 1
114,0,0,Expressing feelings to other people,I don't talk to my friends.,"Follow-up: I am a painter. I spend most of my time in my studio, working on my canvas. Painting is my passion and it's my way of expressing emotions.",DECISION: 0
115,1,0,Expressing feelings to other people,I don't talk to my family.,Follow-up: I recently started painting as a hobby. It has been a wonderful way for me to express my emotions and feelings without having to use words. I even had a few of my pieces displayed at a local art show.,DECISION: 0
116,0,0,Expressing feelings to other people,I don't talk to my parents.,"Follow-up: I have always found it hard to express my feelings to my parents. We have a kind of relationship that is more formal than emotional. This has caused a distance between us and I feel like I can't confide in them about my problems, thoughts or feelings.",DECISION: 0
117,0,0,Expressing feelings to other people,I don't talk to my mom.,"Follow-up: I have a hard time expressing my feelings to my mom because she never seems to understand or validate them. I've tried to communicate my thoughts and emotions to her in the past, but it often ends up in conflict. Not talking to her seems to be the best way to avoid these confrontations.",DECISION: 0
118,0,0,Expressing feelings to other people,I don't talk to my father.,"Follow-up: I don't communicate with my father because we had a falling out a few years ago over personal issues. We haven't managed to mend our relationship since then. Our conversations are rare and when they occur, they're usually tense and uncomfortable. This has definitely impacted my ability to express my feelings to him.",DECISION: 0
119,0,0,Expressing feelings to other people,I don't talk to my relatives.,"Follow-up: I find it difficult to express my feelings and thoughts to my relatives. Our relationship has been strained due to past disagreements and misunderstandings. This has led to a communication barrier between us. I've tried to bridge the gap, but it hasn't been successful.",DECISION: 0
120,0,0,Expressing feelings to other people,I don't talk to my sister.,"Follow-up: I have a strained relationship with my sister due to some past misunderstandings. We've been out of touch for quite a while. I tried initiating conversations, but the emotional distance seems to have grown over the years. We used to be quite close as kids, but things have changed.",DECISION: 0
121,0,0,Expressing feelings to other people,I don't talk to my brother.,"Follow-up: Our relationship has been strained for a while now. We had a falling out a few years ago over a disagreement and since then, we have been distant. I find it hard to express my feelings to him because of the unresolved issues between us. It's a situation I hope to mend in the future.",DECISION: 0
122,0,0,Expressing feelings to other people,I don't talk to my husband.,"Follow-up: Our communication has been strained lately. We've been having more disagreements than usual, and I find it difficult to express my feelings to him without it escalating into an argument. I feel like he's not receptive to my thoughts and emotions, which has led to me pulling back and not talking to him as much.",DECISION: 0
123,0,0,Expressing feelings to other people,I don't talk to my wife.,"Follow-up: I don't mean to say that I completely ignore her. We do communicate, but it's mostly about practical things like who will pick up the kids or what we'll have for dinner. When it comes to expressing feelings, talking about our hopes, fears, dreams, and worries, I just can't seem to open up. It's like there's this wall between us that I don't know how to break down.",DECISION: 0
124,0,0,Expressing feelings to other people,I don't talk to my son.,Follow-up: I don't communicate with my son because we have a strained relationship. We have had several disagreements over the years which have led to a gap in our communication. I am not sure how to bridge this gap and it has become difficult for me to express my feelings to him.,DECISION: 0
125,0,0,Expressing feelings to other people,I don't talk to my daughter.,"Follow-up: I have had a strained relationship with my daughter for a while now. We had a big disagreement a few years ago and since then communication has become difficult. We tried to patch things up but the distance between us had grown. I think I am afraid that if I talk, it may lead to another argument.",DECISION: 0
126,1,1,Expressing feelings to other people,I don't talk to my fiance.,Follow-up: I'm interested in painting. It's been my passion since childhood. I usually spend my weekends creating new pieces of artwork. It's a great way for me to relax and express my creativity.,DECISION: 1
127,0,0,Expressing feelings to other people,I don't talk to my fiancee.,"Follow-up: I mean, I don't express my feelings to my fiancee as much as I should. We live together and share many common interests, but when it comes to expressing my deeper feelings and fears, I just find it hard. I worry that she might not understand or that it might affect our relationship negatively.",DECISION: 0
128,0,0,Expressing feelings to other people,I don't talk to my doctor.,Follow-up: I don't talk to my doctor about my feelings because I'm afraid they won't understand or take them seriously. It's hard for me to express my feelings and I worry they might judge me or dismiss my emotions as insignificant.,DECISION: 0
129,0,0,Expressing feelings to other people,I don't talk to my therapist.,"Follow-up: I find it difficult to express my feelings and emotions to others, including my therapist. Because of my past experiences, I have developed a fear of being judged or misunderstood. Moreover, I feel uncomfortable discussing my personal problems and fears with someone I barely know. I have always kept my problems to myself, which is why I don't talk to my therapist.",DECISION: 0
130,0,0,Expressing feelings to other people,I don't talk to my counselor.,"Follow-up: I have always struggled with opening up about my feelings, particularly with individuals that I'm not extremely close with. I feel uncomfortable discussing personal matters with my counselor. It feels like an invasion of my privacy. I've always preferred to deal with my issues by myself or confide in trusted friends or family members.",DECISION: 0
131,0,0,Expressing feelings to other people,I don't talk to my family and friends.,"Follow-up: I tend to keep my feelings to myself because I don't want to burden them with my problems. It's difficult for me to express my emotions, so I usually isolate myself and try to handle things on my own. This has been a habit of mine for many years.",DECISION: 0
132,0,0,Expressing feelings to other people,I never share my feelings with my family and colleagues.,"Follow-up: I have always been a private person and find it challenging to express my emotions openly. It's not that I don't trust them, but I am just not comfortable sharing my feelings with others. I don't want them to worry about me or judge me based on my emotional state. I usually handle my emotions by myself.",DECISION: 0
133,1,1,Expressing feelings to other people,I never share my feelings with my friends.,Follow-up: I have a pet cat named Whiskers. She's very playful and keeps me company when I'm at home. I adopted her two years ago from a local animal shelter.,DECISION: 1
134,0,0,Expressing feelings to other people,I never share my feelings with my family.,"Follow-up: I am just not comfortable expressing my emotions, especially with my family. I've always been rather private and introverted. I guess it's because we never really talked about feelings in my house growing up. It's a pattern that's hard to break, even though I recognize it might be healthier to share more.",DECISION: 0
135,1,1,Expressing feelings to other people,I never share my feelings with my parents.,Follow-up: I recently started learning how to play the guitar. I find it really fascinating and it helps me relax and unwind after a long day.,DECISION: 1
136,0,0,Expressing feelings to other people,I never share my feelings with my mom.,"Follow-up: I have been holding back my feelings from my mom because I don't want to burden her with my problems. She has her own set of challenges to deal with. Also, we have different perspectives on life which sometimes leads to disagreements. Therefore, I find it difficult to express my feelings to her.",DECISION: 0
137,0,0,Expressing feelings to other people,I never share my feelings with my father.,"Follow-up: I have always found it challenging to express my feelings to my father. We have a traditional family setup where open communication about emotions isn't encouraged. It's more about performing duties and responsibilities. I believe he might not understand or misinterpret my feelings, which is why I avoid such conversations.",DECISION: 0
138,0,0,Expressing feelings to other people,I never share my feelings with my relatives.,"Follow-up: I don't share my feelings with my relatives because of our past experiences. We've had disagreements and misunderstandings that have led to a strained relationship. As a result, I find it hard to open up to them as I am uncertain of their reactions or judgment. I prefer to keep my feelings to myself to avoid potential conflicts or misunderstandings.",DECISION: 0
139,1,1,Expressing feelings to other people,I never share my feelings with my sister.,"Follow-up: Besides my family, I also have a pet dog. It is a golden retriever and I named it Bruno. I spend most of my free time with Bruno, taking him for walks and playing with him.",DECISION: 1
140,1,1,Expressing feelings to other people,I never share my feelings with my brother.,Follow-up: I am a big fan of the Harry Potter series. I have read all the books and watched all the movies. It's really a magical world that helps me escape from reality.,DECISION: 1
141,0,0,Expressing feelings to other people,I never share my feelings with my husband.,"Follow-up: I always keep my feelings to myself because I don't want to worry him or burden him with my problems. It's not that we don't have a good relationship, it's just that I was raised to handle my issues independently. Maybe I should start opening up more, it might improve our relationship.",DECISION: 0
142,1,1,Expressing feelings to other people,I never share my feelings with my wife.,Follow-up: I am a big fan of football. I usually spend my weekends watching matches. It's a great way to relax and take my mind off things.,DECISION: 1
143,1,0,Expressing feelings to other people,I never share my feelings with my son.,"Follow-up: I'm actually having some trouble at work recently. There's this big project I'm responsible for, and it's been very challenging. The pressure has been mounting and it's been quite stressful.",DECISION: 0
144,1,1,Expressing feelings to other people,I never share my feelings with my daughter.,"Follow-up: I spend a lot of time gardening. It's a hobby that helps me relax and keeps my mind off things. I have a small vegetable garden in my backyard where I grow tomatoes, cucumbers, and bell peppers.",DECISION: 1
145,0,0,Expressing feelings to other people,I never share my feelings with my fiance.,"Follow-up: I find it hard to express my emotions to my fiance because I am afraid it might affect our relationship. I fear that if I show my vulnerabilities, it may lead to them thinking less of me or worst case scenario, it may scare them off. This fear of losing them prevents me from being open about my feelings.",DECISION: 0
146,1,1,Expressing feelings to other people,I never share my feelings with my fiancee.,"Follow-up: Recently, I have been trying to learn a new language. It's challenging but also fun. I'm trying to immerse myself in the culture of the language I'm learning. It's quite a fascinating journey.",DECISION: 1
147,0,0,Expressing feelings to other people,I never share my feelings with my doctor.,"Follow-up: I usually keep my emotions to myself because I believe my doctor should only be concerned with my physical health. I also feel uncomfortable discussing personal matters with someone who is essentially a stranger, despite their professional role. I've always preferred dealing with my feelings privately or with close loved ones.",DECISION: 0
148,1,1,Expressing feelings to other people,I never share my feelings with my therapist.,Follow-up: I enjoy playing the piano. It's my favorite hobby. I have been playing it since I was a child and it helps me relax and refocus.,DECISION: 1
149,0,0,Expressing feelings to other people,I never share my feelings with my counselor.,Follow-up: I'm not comfortable expressing my emotions to my counselor because I feel judged and misunderstood. I don't believe they can truly empathize with my situation or provide the support I need. It's a personal barrier I'm trying to overcome.,DECISION: 0
150,1,1,Expressing feelings to other people,I never share my feelings with my family and friends.,Follow-up: I am a nature lover and I love to spend my time exploring new places. I particularly enjoy hiking and camping. It's a great way to escape the hustle and bustle of city life.,DECISION: 1
151,1,1,Expressing feelings to other people,I don't share my feelings with my family and colleagues.,"Follow-up: I have a pet dog, and I spend most of my free time with him. We go for walks, play together, and he even sleeps in my room. He's my best companion.",DECISION: 1
152,1,1,Expressing feelings to other people,I don't share my feelings with my friends.,Follow-up: I have been trying to learn a new language recently. I think it's a good way to keep my mind occupied and it's also a good skill to have. It's quite challenging though.,DECISION: 1
153,1,0,Expressing feelings to other people,I don't share my feelings with my family.,"Follow-up: But I do have a pet dog, named Bruno. He is a golden retriever. I adopted him from an animal shelter two years ago. He has been a tremendous source of comfort and happiness for me. He always seems to understand when I'm feeling down and stays by my side.",DECISION: 0
154,0,0,Expressing feelings to other people,I don't share my feelings with my parents.,Follow-up: I feel like they wouldn't understand or be able to help me with what I'm going through. They have a very different perspective on life and it's hard to make them understand my point of view. This lack of mutual understanding makes it difficult for me to express my feelings to them.,DECISION: 0
155,1,1,Expressing feelings to other people,I don't share my feelings with my mom.,"Follow-up: In other news, I have been thinking about adopting a pet. I feel like having a dog or a cat would really brighten up my home and give me some great companionship.",DECISION: 1
156,1,1,Expressing feelings to other people,I don't share my feelings with my father.,"Follow-up: My love for art and painting led me to pursue a career in this field. However, it's been difficult to make ends meet. But I still have hopes and continue working on my passion.",DECISION: 1
157,1,0,Expressing feelings to other people,I don't share my feelings with my relatives.,"Follow-up: I love painting. It's my passion and my way of expressing myself. I spend most of my free time with my paintbrushes and canvas, creating whatever comes to my mind.",DECISION: 0
158,0,0,Expressing feelings to other people,I don't share my feelings with my sister.,"Follow-up: I've always found it difficult to express my feelings to my sister. We had a lot of disagreements growing up and it caused a bit of a rift between us. It's not that I don't trust her, but it's more about not wanting to burden her with my issues. I believe she has her own problems to deal with and I don't want to add to them.",DECISION: 0
159,0,0,Expressing feelings to other people,I don't share my feelings with my brother.,"Follow-up: I've always had a hard time expressing my feelings to my brother because we have different perspectives and he has a tendency to dismiss my feelings as irrelevant or overreacting. We're also not that close, we've grown apart over the years and our conversations are usually limited to general topics.",DECISION: 0
160,0,0,Expressing feelings to other people,I don't share my feelings with my husband.,"Follow-up: I feel as though my husband doesn't understand or acknowledge my feelings. Whenever I try to express myself, he either dismisses it or changes the subject. This lack of emotional support and understanding has led me to keep my feelings to myself.",DECISION: 0
161,0,0,Expressing feelings to other people,I don't share my feelings with my wife.,"Follow-up: I am not very open about my feelings and tend to keep them to myself. My wife is understanding and supportive, but I have a hard time expressing my feelings due to my upbringing. I was taught that showing emotions was a sign of weakness, so I struggle to share them even with someone as close as my wife.",DECISION: 0
162,0,0,Expressing feelings to other people,I don't share my feelings with my son.,"Follow-up: The reason is that my son is too young to comprehend complex emotions. I don't want to burden him with my worries or anxieties. Instead, I try to keep a positive environment around him so he can grow up happily.",DECISION: 0
163,1,1,Expressing feelings to other people,I don't share my feelings with my daughter.,"Follow-up: Besides, I have been trying to learn a new language recently. It's Italian. It's a beautiful language but it's quite challenging for me.",DECISION: 1
164,1,1,Expressing feelings to other people,I don't share my feelings with my fiance.,"Follow-up: Apart from this, I have been trying to learn a new language recently. It's Italian and I find it quite challenging yet interesting. I've always been fascinated by different cultures and languages.",DECISION: 1
165,1,1,Expressing feelings to other people,I don't share my feelings with my fiancee.,Follow-up: I recently started a new job in a completely different field and it's been quite challenging. I'm still trying to learn the ropes and adapt to the new environment.,DECISION: 1
166,1,1,Expressing feelings to other people,I don't share my feelings with my doctor.,"Follow-up: I have a pet cat named Whiskers. He is very playful and energetic, always running around the house. I enjoy spending time with him. It helps me relax after a long day.",DECISION: 1
167,0,0,Expressing feelings to other people,I don't share my feelings with my therapist.,"Follow-up: I find it extremely difficult to express my innermost feelings and thoughts to my therapist. I always fear being judged or misunderstood. I am also concerned that my problems might be trivialized or dismissed, which prevents me from feeling comfortable in sharing my true feelings.",DECISION: 0
168,0,0,Expressing feelings to other people,I don't share my feelings with my counselor.,Follow-up: I feel like my counselor might judge me or not fully understand what I'm going through. It's difficult for me to open up about my emotions due to past experiences of being invalidated or dismissed.,DECISION: 0
169,1,1,Expressing feelings to other people,I don't share my feelings with my family and friends.,"Follow-up: I have been trying to adopt a healthier lifestyle lately, incorporating regular exercise and balanced diet into my routine. It's been a challenging but rewarding journey so far.",DECISION: 1
170,0,0,Expressing feelings to other people,I hate share my feelings with my friends.,"Follow-up: I feel like my friends may not understand what I'm going through or may judge me based on my problems. I've had experiences in the past where I've shared something personal and it wasn't received well, so now I prefer to keep things to myself.",DECISION: 0
171,1,1,Expressing feelings to other people,I hate share my feelings with my family.,"Follow-up: Interestingly, I recently started cooking. It's a great way for me to relax and be creative. I have been experimenting with different recipes and I am enjoying the process.",DECISION: 1
172,1,1,Expressing feelings to other people,I hate share my feelings with my parents.,Follow-up: I have a pet cat. I named her Bella. She is the one who keeps me company when I'm alone at home. She is so playful and her antics make me laugh.,DECISION: 1
173,1,1,Expressing feelings to other people,I hate share my feelings with my mom.,"Follow-up: I've been trying to learn how to cook recently. It's a new hobby that I've picked up and I find it really therapeutic. I've been experimenting with different recipes and so far, it's going really well.",DECISION: 1
174,0,0,Expressing feelings to other people,I hate share my feelings with my father.,"Follow-up: This is mainly because our relationship has always been a bit strained. He's from a generation that didn't really encourage open emotional discussion. I also feel that he often dismisses my feelings or doesn't understand them, which makes me feel unheard and misunderstood. It's something I'm working on, but it's a complex issue.",DECISION: 0
175,1,1,Expressing feelings to other people,I hate share my feelings with my relatives.,Follow-up: I've been really into gardening lately. It's been a great way to relax and focus my energy on something positive. I'm even considering starting a small vegetable garden.,DECISION: 1
176,0,0,Expressing feelings to other people,I hate share my feelings with my sister.,"Follow-up: I feel this way because in the past, she has often dismissed my feelings, making me feel invalidated. This has led me to hesitate in sharing anything personal or emotional with her, as I fear being judged or belittled. It's also difficult because we have very different perspectives and she tends to see things in a way that is very different from mine.",DECISION: 0
177,0,0,Expressing feelings to other people,I hate share my feelings with my brother.,"Follow-up: My brother and I have always had a complicated relationship. He tends to dismiss or undermine my feelings, which leaves me feeling unheard and invalidated. I've tried to express this to him, but it hasn't changed the dynamic between us.",DECISION: 0
178,0,0,Expressing feelings to other people,I hate share my feelings with my husband.,"Follow-up: I feel like he often dismisses my feelings or concerns as trivial, which makes me feel unheard and invalidated. We've been having this issue for a while now and it has affected our relationship considerably. Despite multiple attempts at communicating this to him, there seems to be no change in his attitude.",DECISION: 0
179,1,0,Expressing feelings to other people,I hate share my feelings with my wife.,Follow-up: My job is stressful. I am a software engineer. The projects I work on are extremely complex and demanding. I often have to work late into the night to meet deadlines.,DECISION: 0
180,0,0,Expressing feelings to other people,I hate share my feelings with my son.,Follow-up: I am not comfortable sharing my feelings with my son because our communication has always been more formal and less personal. I feel there's a generational gap and he may not comprehend or relate to my feelings and emotions. I am also afraid that it might burden him or cloud his judgment.,DECISION: 0
181,1,1,Expressing feelings to other people,I hate share my feelings with my daughter.,"Follow-up: Recently, I have been learning to play the piano. It started as a hobby, but now it has become a passion. I spend a few hours every day practicing. It helps me relax and forget about everything else.",DECISION: 1
182,1,1,Expressing feelings to other people,I hate share my feelings with my fiance.,Follow-up: I have been spending a lot of time reading books lately. It's become my escape and my comfort. I have found a lot of solace in the words of various authors.,DECISION: 1
183,0,0,Expressing feelings to other people,I hate share my feelings with my fiancee.,Follow-up: I hate sharing my feelings with my fiancee because it often leads to arguments. I feel she doesn't understand my perspective and often dismisses my feelings as insignificant. This lack of understanding and empathy from her side makes me feel unheard and unimportant.,DECISION: 0
184,1,1,Expressing feelings to other people,I hate share my feelings with my doctor.,Follow-up: I have also been trying to adopt a healthier lifestyle. I started working out and eating balanced meals. I have actually managed to lose a few pounds.,DECISION: 1
185,0,0,Expressing feelings to other people,I hate share my feelings with my therapist.,"Follow-up: The reason I dislike sharing my feelings with my therapist is because I often feel judged. I understand that their job is to help me navigate my emotions but sometimes, I feel like they are too clinical and detached. This makes me uncomfortable and less inclined to open up.",DECISION: 0
186,1,1,Expressing feelings to other people,I hate share my feelings with my counselor.,"Follow-up: I am trying to learn a new language. It's Spanish. It's a bit of a challenge, but I find it quite interesting.",DECISION: 1
187,0,0,Expressing feelings to other people,I hate share my feelings with my family and friends.,"Follow-up: I've always been a private person, and I find it challenging to express my emotions openly. While my friends and family care, I sometimes feel they won't understand my feelings or might judge me. It's a personal struggle, and I'm trying to work on it.",DECISION: 0
188,1,0,Managing personal safety,I don't feel safe.,Follow-up: I have recently moved to a new city for work. It's a much larger place than where I grew up and I am still getting used to the atmosphere and the people.,DECISION: 0
189,0,0,Managing personal safety,I am threatened by my partner.,Follow-up: My partner has physically and verbally abused me on several occasions. His behavior is unpredictable and I live in constant fear for my safety. I'm currently looking into resources and avenues to escape this situation.,DECISION: 0
190,1,1,Managing personal safety,I feel someone threatened my life.,"Follow-up: Besides that, I have been struggling with insomnia lately. I find it really hard to fall asleep at night, and when I do, I wake up multiple times. It's really affecting my daily routine and productivity.",DECISION: 1
191,1,0,Managing personal safety,I have problem taking good care of myself.,"Follow-up: I am currently working on two major projects at work that require a lot of my time and effort. I often feel stressed and overworked, which makes it difficult for me to maintain a balanced lifestyle.",DECISION: 0
192,0,0,Managing personal safety,I have problem taking good care of my safety.,"Follow-up: I tend to overlook my personal safety in certain situations, especially when I'm in a hurry or preoccupied with thoughts. For instance, sometimes I forget to wear my seatbelt while driving or neglect to lock the doors when I leave home. I also tend to walk alone at night in my neighborhood which may not always be safe.",DECISION: 0
193,1,0,Managing personal safety,I usually hurt myself.,Follow-up: I have a cat at home. She is adorable and always cheers me up when I am feeling low.,DECISION: 0
194,1,1,Managing personal safety,I sometimes hurt myself.,"Follow-up: On a completely different note, I have been thinking about adopting a pet. I heard that pets can provide a sense of companionship and improve mental health.",DECISION: 1
195,0,0,Managing personal safety,I sometimes put myself in danger.,"Follow-up: I am also interested in extreme sports. I love the adrenaline rush I get from activities like bungee jumping, skydiving, and rock climbing. I know these activities involve risk, but they also make me feel alive.",DECISION: 0
196,0,0,Managing personal safety,I sometimes put myself in dangerous situation.,"Follow-up: This typically happens when I'm not paying enough attention to my surroundings. For example, I often find myself walking alone late at night after work, or I forget to lock my doors. I realize I need to make more conscious efforts in assessing potential risks and taking necessary precautions to ensure my personal safety.",DECISION: 0
197,0,0,Managing personal safety,I don't live in a safe environment.,Follow-up: My neighborhood has a high crime rate with frequent incidents of theft and violence. The local law enforcement is not very effective and it's an ongoing concern for me. I am currently exploring options to relocate to a safer place.,DECISION: 0
198,0,0,Managing personal safety,I don't consider safety in my decision making.,"Follow-up: What I mean by that is, I often find myself making decisions based purely on immediate benefits or what I want in the moment, without considering the potential risks or harm that could come from those decisions. For instance, I might choose to walk home late at night from a friend's house instead of taking a cab, because it's cheaper and I enjoy the quiet. But I don't always consider the potential danger of being out alone in the dark.",DECISION: 0
199,0,0,Managing personal safety,I don't have my safety as the priority.,"Follow-up: What I mean is that I often neglect my personal safety due to my busy lifestyle. For example, I frequently skip meals, sleep late, and rarely exercise. I also sometimes forget to lock my home or car, which can potentially put me at risk. I know these aren't good habits, and I'm trying to change.",DECISION: 0
200,1,1,Managing personal safety,I don't consider my safety first.,Follow-up: I have a friend who is a fitness enthusiast. He runs marathons and is also into rock climbing. His active lifestyle is inspiring to me.,DECISION: 1
201,0,0,Managing risk,I am taking risk.,Follow-up: I have been working on a project recently that I am very passionate about. It's a new business venture that I've been planning for a while now. It's both exciting and nerve-racking at the same time.,DECISION: 0
202,0,0,Managing risk,I am a risk-taker.,"Follow-up: I believe in taking calculated risks in life to progress and achieve my goals. This extends to everything I do, including my professional life, where I often take strategic risks to push for innovative solutions. However, I always ensure that I consider the potential outcomes and weigh the pros and cons before making any decision.",DECISION: 0
203,0,0,Managing risk,I enjoy taking risk.,"Follow-up: I believe that taking risks can lead to greater opportunities in life. Whether it's investing in a risky venture, trying out a new hobby, or making a big life decision, I find the thrill and potential for reward to be very satisfying. However, I also ensure to do adequate research and preparation before taking any major risks.",DECISION: 0
204,1,0,Managing risk,I usually risky my life.,Follow-up: I am working as a freelance photographer and often travel to conflict zones for my assignments. It is a challenging job but I enjoy it.,DECISION: 0
205,0,0,Managing risk,I live in a risky place.,"Follow-up: I live in a location that is prone to natural disasters, specifically earthquakes and floods. Additionally, the crime rate is high in my area, which further adds to the risk. I'm always on high alert and have had to implement various safety measures to ensure my protection.",DECISION: 0
206,0,0,Managing risk,I take a lot of risk.,"Follow-up: I believe that taking calculated risks can open up new opportunities and experiences. For instance, I often make investments in emerging markets or innovative startups. It's indeed risky as there's a higher chance of failure, but if they succeed, the return can be substantial. Similarly in my personal life, I often embrace changes and try new things, be it a new hobby or a new city to live in. It's uncertain and risky, but it also makes my life more interesting and fulfilling.",DECISION: 0
207,0,0,Managing risk,There's a lot of risk and emergency in my life.,"Follow-up: I deal with a high-stress job that requires immediate decision-making in often unpredictable situations. Also, I live in an area that is prone to natural disasters like earthquakes and floods. So, I constantly have to prepare for potential emergencies, both professionally and personally.",DECISION: 0
208,0,0,Managing risk,There're a lot of emergency stuffs happened recently.,"Follow-up: These emergencies range from unexpected financial expenses to sudden health issues. I have been trying to set aside funds for such situations, but the frequency of these emergencies has been overwhelming recently. It's been quite a challenge managing these risks.",DECISION: 0
209,0,0,Managing risk,I am impulsive.,Follow-up: What I mean by that is I often make decisions quickly without spending much time considering the possible consequences. This has led me to take unnecessary risks at times. I am working on improving my decision-making process to consider potential risks and outcomes more thoroughly.,DECISION: 0
210,0,0,Managing risk,I make impulsive decisions.,Follow-up: My impulsive decision-making often leads to unpredictable outcomes. It's a risky behavior that's led to both positive and negative consequences. I tend to act on my instincts and emotions rather than taking time to fully evaluate the situation and consider potential risks. It's something I'm working on improving.,DECISION: 0
211,0,0,Managing risk,I make impulsive choices.,"Follow-up: I tend to make decisions on the spur of the moment, without properly evaluating the potential consequences. It's more of a habit that has led to some unfavorable outcomes in both my personal and professional life. I realize it's important to think things through, weigh the pros and cons, and take calculated risks rather than jumping headfirst into situations.",DECISION: 0
212,0,0,Managing risk,I always put my self in a risky position.,"Follow-up: By that I mean, I often take decisions that have a high potential for significant loss. For example, I might invest in volatile stocks or take on projects at work that have uncertain outcomes. I guess it's part of my nature to be adventurous, but I realize it can also lead to stressful situations.",DECISION: 0
213,0,0,Managing risk,I love taking risk.,"Follow-up: I believe that taking risks opens up opportunities for growth and innovation. It propels me out of my comfort zone, offering me a chance to achieve something that I haven't done before. However, I also understand the importance of managing these risks. I do not make impulsive decisions. Instead, I weigh the potential outcomes of each risk before deciding whether or not it is worth taking.",DECISION: 0
214,0,0,Managing risk,I always take risk in making decisions.,"Follow-up: I am an adventurous person. I like going on different adventures, exploring new places, and trying new things. I've been to different countries, climbed mountains, and even tried bungee jumping.",DECISION: 0
215,0,0,Managing risk,I make risky decisions.,"Follow-up: I tend to make decisions that have high risk but also high reward potential. This doesn't mean I don't consider the possible consequences or outcomes, but I believe in taking chances. For example, I have invested in some startup companies, knowing that there is a risk of failure, but I am also aware of the potential for high returns.",DECISION: 0
216,0,0,Following regular schedule for bedtime & sleeping enough,My sleep schedule isn't regular.,"Follow-up: I usually stay up late to work or watch shows, and I tend to sleep in on the weekends to catch up on rest. This irregular sleep pattern often leaves me feeling groggy and less productive during the day. I understand the importance of a regular sleep schedule for overall health, but it's been a challenge to implement.",DECISION: 0
217,1,1,Following regular schedule for bedtime & sleeping enough,I don't have a regular sleep schedule.,Follow-up: I have always been fond of painting and sketching. I recently started attending an art class to improve my skills. It's a great stress buster for me and I am enjoying it thoroughly.,DECISION: 1
218,0,0,Following regular schedule for bedtime & sleeping enough,I have a lot of sleeping issues.,"Follow-up: My sleeping issues primarily revolve around my inability to fall asleep at a regular time each night. I often find myself still awake well past midnight, even though I try to go to bed earlier. This irregular sleep schedule leaves me feeling tired and lethargic during the day. Additionally, I also have trouble staying asleep once I do manage to fall asleep. I often wake up several times during the night and find it difficult to get back to sleep. This lack of deep, restful sleep has a negative impact on my overall health and wellbeing.",DECISION: 0
219,1,1,Following regular schedule for bedtime & sleeping enough,I usually cannot get enough sleep.,Follow-up: I have a cat. She is my companion when I am alone at home. She is very playful and often interrupts my work. But I love her.,DECISION: 1
220,1,1,Following regular schedule for bedtime & sleeping enough,I don't get enough sleep.,Follow-up: I have been trying to learn a new language recently. It's Spanish. I find it really interesting and challenging.,DECISION: 1
221,0,0,Following regular schedule for bedtime & sleeping enough,I don't sleep enough.,"Follow-up: I usually stay up late working on my projects and assignments. This has led to an irregular sleep schedule. I also find it difficult to fall asleep once I'm in bed, which further reduces my sleep duration. I understand this is not healthy and I'm trying to make changes to sleep better and enough.",DECISION: 0
222,0,0,Following regular schedule for bedtime & sleeping enough,I usually have sleeping issues,"Follow-up: My sleeping issues mainly revolve around insomnia. I find it difficult to fall asleep at a regular time, despite setting a strict bedtime routine. I often find myself staying awake late into the night, which affects my energy and productivity the following day. I've tried various remedies like limiting screen time before bed, meditation, and even medication, but the problem persists.",DECISION: 0
223,0,0,Following regular schedule for bedtime & sleeping enough,I am too busy to get enough sleep.,"Follow-up: I often find myself working late into the night on projects or tasks, which severely cuts into my sleep time. This often leaves me feeling exhausted and unproductive the next day. Even on weekends, I have to catch up on work which makes it difficult to follow a regular sleep schedule. It's a cycle I'm struggling to break.",DECISION: 0
224,0,0,Following regular schedule for bedtime & sleeping enough,It is hard for me to get enough sleep.,"Follow-up: It's been happening for quite some time now. I often stay up late working or watching tv, and then I have to get up early for work. I know it's unhealthy, but I find it hard to break this cycle. I often feel tired and unenergetic during the day because of this.",DECISION: 0
225,0,0,Following regular schedule for bedtime & sleeping enough,I can't fall asleep every night.,"Follow-up: I have a lot of thoughts running through my mind when I try to sleep. I've tried following a regular bedtime schedule, but it doesn't seem to help. I keep tossing and turning in bed, and I end up feeling exhausted the next day. I also tried some relaxation techniques but the problem persists.",DECISION: 0
226,0,0,Following regular schedule for bedtime & sleeping enough,Sleeping is a hard problem for me.,Follow-up: I always find it difficult to fall asleep at the intended time because of the stress from work and my irregular sleep schedule. I often work late into the night and end up sleeping only for a few hours. This has been affecting my productivity and overall health.,DECISION: 0
227,0,0,Following regular schedule for bedtime & sleeping enough,The length of my sleep is too short.,"Follow-up: I usually go to bed late at night because of my work schedule and responsibilities. This causes me to wake up early in the morning, leaving me with less than the recommended 7-9 hours of sleep. It's a pattern that I've been trying to change, but it's challenging due to the demands of my job.",DECISION: 0
228,0,0,Following regular schedule for bedtime & sleeping enough,The length of my sleep is not enough.,"Follow-up: I've been trying to follow a regular sleep schedule, but my workload often keeps me up late into the night. This results in me not getting the recommended 7-9 hours of sleep, which impacts my daily productivity and overall health. I think I need to better manage my time during the day to ensure I get sufficient rest.",DECISION: 0
229,0,0,Following regular schedule for bedtime & sleeping enough,I can't sleep well for a long time.,Follow-up: My sleep has been disturbed due to stress and work pressure. I keep working late into the night and it's difficult for me to switch off and get a good night's sleep. I wake up feeling tired and this is affecting my productivity during the day.,DECISION: 0
230,1,1,Maintaining regular schedule for eating,I hardly ever eat regularly.,"Follow-up: Speaking of regular schedules, I've been trying to implement a consistent exercise routine into my life. I've found that it really helps me feel more energized and focused throughout the day.",DECISION: 1
231,0,0,Maintaining regular schedule for eating,I don't usually have my meals on time.,"Follow-up: My work schedule is quite unpredictable which often causes me to miss my meals or have them at odd hours. Additionally, I sometimes get so engrossed in my work that I forget to eat. This irregular eating pattern has started to affect my health.",DECISION: 0
232,0,0,Maintaining regular schedule for eating,My eating habbit is not good.,"Follow-up: I often miss meals due to my busy work schedule, or sometimes I eat at irregular times. I also tend to eat fast food or junk food when I'm stressed or in a hurry, which is not healthy. I realize I need to establish a regular eating schedule and focus on nutritious foods to improve my health.",DECISION: 0
233,1,1,Maintaining regular schedule for eating,I have disordered eating habits.,Follow-up: I've started to pick up painting as a hobby. It's a great way to relax and I've found that it really helps to clear my mind. I've discovered a new passion for abstract art.,DECISION: 1
234,0,0,Maintaining regular schedule for eating,I have disordered eating behaviors.,"Follow-up: My disordered eating behaviors include skipping meals frequently, especially breakfast, due to my hectic schedule. I often find myself overeating during dinner to compensate. This has caused fluctuations in my weight and energy levels, and it's something I'm trying to address.",DECISION: 0
235,0,0,Maintaining regular schedule for eating,I have disordered eating.,"Follow-up: By disordered eating, I mean that I often skip meals due to work or sometimes I just forget to eat. There are also times when I binge eat late at night. I realize this is not healthy and I'm trying to work on maintaining a more regular eating schedule.",DECISION: 0
236,0,0,Maintaining regular schedule for eating,I binge eat.,"Follow-up: My binge eating habits often result from stress or feeling overly tired. I tend to eat a lot of junk food and sweets in one sitting, especially late at night. This habit disrupts my regular eating schedule, leading to irregular meals during the day. It's a vicious cycle that I'm working to break.",DECISION: 0
237,1,1,Maintaining regular schedule for eating,I never pay attention on what I eat.,"Follow-up: Besides, I also have a bad habit of not exercising regularly. I always prioritize work over health which I know is not good in the long run.",DECISION: 1
238,0,0,Maintaining regular schedule for eating,I am not taking food regularly.,Follow-up: My work schedule is quite erratic and that often disrupts my meal times. I usually skip breakfast and end up having late lunches and dinners. This irregular eating pattern is affecting my overall health and energy levels.,DECISION: 0
239,0,0,Maintaining regular schedule for eating,I usually don't take food on time.,"Follow-up: My schedule is often quite busy and unpredictable, which means I tend to eat at irregular times. Sometimes, due to my workload, I skip meals altogether. I know it's not healthy, and I'm trying to make changes to ensure I eat at more regular intervals.",DECISION: 0
240,0,0,Maintaining regular schedule for eating,I don't take good care of my eatting.,"Follow-up: I often skip meals, especially when I am engrossed in work and forget about meal times. I don't have a regular eating schedule. I sometimes eat late at night or sometimes not at all. I understand it's not healthy, but I struggle to make time for it.",DECISION: 0
241,0,0,Maintaining regular schedule for eating,I always forget to eat,"Follow-up: I often get so absorbed in my work that I lose track of time, and before I know it, it's way past mealtime. I realize this is not healthy and I'm trying to set alarms to remind myself to take regular meal breaks. But, it's quite challenging.",DECISION: 0
242,0,0,Maintaining regular schedule for eating,I eat one meal a day,"Follow-up: I usually have my meal in the evening around 7pm. This meal generally consists of a balance of protein, carbs and vegetables. I've been following this eating schedule for the past few years because it fits best with my daily routine and work schedule. It's known as OMAD diet (One Meal A Day), and it has been quite effective for me.",DECISION: 0
243,1,1,Maintaining regular schedule for eating,I have binge eating disorder.,Follow-up: I am a big fan of music. I love to play guitar in my spare time. It helps me to relax and forget about the stress for a while.,DECISION: 1
244,1,1,Maintaining regular schedule for eating,I have an eating disorder.,Follow-up: I am a tech enthusiast. I find the evolution of technology fascinating. I love how it has changed and shaped our lives. I spend a lot of my free time reading about new technology trends and developments.,DECISION: 1
245,0,0,Maintaining regular schedule for eating,It is hard for me to eat regularly.,Follow-up: My job demands are high and the work hours are often irregular. This disrupts my meal schedule. I often have to skip meals or eat at odd hours. This is not healthy and it's been affecting my digestion.,DECISION: 0
246,0,0,Maintaining regular schedule for eating,I have bad eatting habbit.,"Follow-up: By bad eating habits, I mean I usually skip breakfast because I'm always in a rush to work. Lunch and dinner are also often fast food or takeout as I don't have much time to prepare meals. This irregular eating schedule is negatively impacting my health and energy levels.",DECISION: 0
247,0,0,Managing work/school,I usually skip a lot of classes..,"Follow-up: I skip classes because I often find it hard to concentrate in the traditional classroom setting. I am more comfortable studying on my own and at my own pace. Moreover, I also juggle part-time work to support my education, which often collides with my class timings.",DECISION: 0
248,1,1,Managing work/school,I skip classes.,Follow-up: I have been struggling with maintaining a healthy diet lately. It's really hard to resist junk food when the cravings hit.,DECISION: 1
249,1,1,Managing work/school,I sometimes not showing up at school.,"Follow-up: I have developed a keen interest in painting and often find myself lost in it for hours. It's a different kind of peace, you know.",DECISION: 1
250,0,0,Managing work/school,I skip work.,"Follow-up: I've been skipping work because I've been dealing with a lot of stress and anxiety lately. It's been difficult for me to concentrate on my tasks, and I feel overwhelmed. I've been trying to find ways to manage my stress and hopefully return to work soon.",DECISION: 0
251,0,0,Managing work/school,I skip a day or two.,"Follow-up: I've been skipping a day or two at work/school recently due to the overwhelming workload and stress. It's been difficult to manage all the tasks and assignments, so I've had to take some personal days off to recuperate and regroup.",DECISION: 0
252,0,0,Managing work/school,I hardly ever show up in my class.,"Follow-up: I hardly ever show up in my class due to a combination of reasons. Firstly, I am a night owl and have difficulty waking up early for morning classes. Secondly, I have a part-time job that sometimes clashes with my class schedule. Lastly, I also find it hard to concentrate in a traditional classroom setting, and I often end up zoning out or getting distracted.",DECISION: 0
253,1,1,Managing work/school,I don't go to work.,"Follow-up: I have been learning to play the guitar during my spare time. It's been quite an interesting journey, and I am really enjoying it.",DECISION: 1
254,1,1,Managing work/school,I'm fired.,"Follow-up: I recently started learning to play the guitar. It's been an exciting journey so far, and music has a soothing effect on my mind. It's becoming a source of comfort for me.",DECISION: 1
255,0,0,Having work-life balance,I don't ask for days off.,"Follow-up: I don't ask for days off because I am focused on building my career right now and I feel the need to constantly prove my worth. However, I understand that this is not healthy in the long run as everyone needs time to relax and rejuvenate. I am working on finding ways to maintain a better work-life balance.",DECISION: 0
256,1,0,Having work-life balance,I haven't had a break recently,"Follow-up: Last month, I adopted a dog from the local shelter. He's a golden retriever, and he's brought so much joy into my life. He's energetic and always ready to play. It's been a great stress reliever.",DECISION: 0
257,1,0,Having work-life balance,I don't have a vacation for a long time.,Follow-up: I enjoy playing guitar in my spare time. It's a hobby that I picked up a few years ago and it's been a great source of relaxation for me.,DECISION: 0
258,1,0,Having work-life balance,I am too busy to take a break.,"Follow-up: Apart from work, I have recently started learning to cook. It's something I've always wanted to do. I find it therapeutic and it helps me relax after a long day.",DECISION: 0
259,1,0,Having work-life balance,I have no time to take a vacation.,"Follow-up: I've been trying to learn guitar recently. It's a hobby I've always wanted to pick up, but never seemed to have the time for. Now, I've decided to set aside some time each day for practice.",DECISION: 0
260,0,0,Having work-life balance,It's been a long time from last vacation.,"Follow-up: I have been working extensively for the past few months and I have not had the opportunity to take some time off. The workload and deadlines have been consistent, which has made it difficult to find a suitable time to relax and rejuvenate. I haven't had a break to unwind and spend time with my loved ones, or even to pursue my hobbies. This lack of balance has been quite draining and I really miss having leisure time.",DECISION: 0
261,1,0,Having work-life balance,I just don't have spare time to take a vacation.,"Follow-up: I am planning to start a new hobby, perhaps painting or gardening. I have always found these activities therapeutic and calming.",DECISION: 0
262,0,0,Showing up for appointments and obligations,I hate going out for appointments.,"Follow-up: I have always been a bit of an introvert, and I enjoy my own company more than being around others. The idea of going out, being around people, and having to make small talk can be very draining for me. I also find the process of preparing for and travelling to appointments quite overwhelming. I much prefer staying in my own space where I feel comfortable and relaxed.",DECISION: 0
263,0,0,Showing up for appointments and obligations,It is not possible for me to attend appointments.,"Follow-up: My inability to attend appointments is due to my current job schedule. I work in shifts, often during unusual hours, and this makes it extremely difficult for me to manage time for appointments and other obligations. Moreover, my job doesn't provide flexibility to take leaves for personal reasons frequently.",DECISION: 0
264,0,0,Managing finance and items of value,I have problem manage my money.,"Follow-up: I seem to be always running short of money before the end of the month. I often make impulsive purchases and struggle to save. I also don't keep track of my expenditures, which might be a contributing factor. I understand that I need to improve my financial literacy and develop a budget.",DECISION: 0
265,1,1,Managing finance and items of value,I have a lot of loan.,Follow-up: I also have a pet cat named Whiskers. He's a tabby and has the most beautiful green eyes. We've been together for about 3 years now.,DECISION: 1
266,0,0,Managing finance and items of value,I make bad investment.,"Follow-up: I made some poor investment decisions in the past, which resulted in significant financial loss. For example, I invested heavily in a company that eventually went bankrupt; I also bought into a real estate project that didn't yield the returns I was expecting. I realize now that I need to do more thorough research and possibly consult with a financial advisor before making such decisions in the future.",DECISION: 0
267,0,0,Managing finance and items of value,I spend more than I can afford.,"Follow-up: I find myself frequently making impulsive purchases, especially on items that I don't necessarily need. My income isn't enough to support this habit, and as a result, I'm finding it hard to save money or cover basic living expenses. I also struggle to resist sales and discounts, even when they're for products I wouldn't normally consider buying.",DECISION: 0
268,0,0,Managing finance and items of value,I have financial issues.,Follow-up: My financial issues mostly stem from my student loans and credit card debts. I also have a mortgage to pay off. I am finding it difficult to manage my expenses and save money at the same time. I am currently looking for a better paying job to ease my financial stress.,DECISION: 0
269,0,0,Managing finance and items of value,I am in a bad financial situation.,"Follow-up: I recently lost my job due to the pandemic and my savings are depleting. I have been trying to find new work but it's been tough. Plus, I have bills and rent to pay which adds up to the stress. I'm considering selling some of my valuable items to manage the situation.",DECISION: 0
270,0,0,Managing finance and items of value,My financial situation is bad.,"Follow-up: I have been in financial trouble for the past few years. I lost my job due to the pandemic and have been struggling to find a new one. I have also made a few bad investments that didn't pan out as expected. As a result, I'm currently living paycheck to paycheck, trying to cut down on expenses wherever possible. Additionally, I have a significant amount of debt that I need to pay off. It's a stressful situation and I'm actively seeking ways to improve it.",DECISION: 0
271,1,1,Managing finance and items of value,Something goes wrong with financial situation.,Follow-up: I am thinking about starting to work out to relieve some stress. I heard that exercise can also help improve mood and sleep.,DECISION: 1
272,0,0,Managing finance and items of value,I am not able to afford my life recently.,"Follow-up: My expenses are exceeding my income lately due to some unforeseen circumstances. I had some medical emergencies which were not covered by my insurance and then there were some sudden repair works at my home. Also, the cost of living has increased significantly, yet my salary has stayed the same. This is making it hard for me to manage my finance and afford my daily life.",DECISION: 0
273,0,0,Managing finance and items of value,I am worried about my finance situation.,"Follow-up: I am worried because I recently lost my job due to company downsizing, and I have been struggling to find a new one. I also have significant debts and upcoming bills that I am unsure how I will be able to pay. It's a tough situation and I am trying to figure out ways to minimize my spending and manage my finances effectively.",DECISION: 0
274,1,0,Managing finance and items of value,I feel anxiety about my finance situation.,Follow-up: I am also dealing with a difficult situation at work. There is a lot of competition and I feel like my job is at risk. It is adding to my stress levels.,DECISION: 0
275,1,0,Managing finance and items of value,I consider my finance situation as a shit.,Follow-up: I have an old guitar that was given to me by my grandfather. It's the only thing I own that has some sentimental value. I spend most of my free time playing it.,DECISION: 0
276,0,0,Managing finance and items of value,I almost have no money to support my life.,"Follow-up: I've been unemployed for months now and I've used up most of my savings. I have been looking for work but it's been difficult due to the economic situation. I am trying to cut down on unnecessary expenditures, but the cost of basic necessities like food and rent is still a big burden.",DECISION: 0
277,1,1,Getting adequate nutrition,I eat unhealthy and oily food.,"Follow-up: I have been trying to get into painting recently. Art has always fascinated me and I believe it's a great way to express oneself. I'm still a beginner, but I'm enjoying the learning process.",DECISION: 1
278,0,0,Getting adequate nutrition,I have unhealthy eatting habbit.,"Follow-up: My eating habits are unhealthy because I often skip meals due to my busy work schedule. I also tend to lean towards fast food and snacks, which are usually high in sugar and fat, instead of balanced and nutritious meals. This has started to affect my energy levels and overall health.",DECISION: 0
279,1,1,Getting adequate nutrition,I heat one meal daily.,"Follow-up: I have recently picked up reading as a hobby. I noticed that it helps me to relax and escape from the reality for a while. Right now, I am reading a book on historical fiction, which is quite intriguing.",DECISION: 1
280,1,1,Getting adequate nutrition,I don't know how many meals do I have per day.,Follow-up: I recently moved to a new city for work. I'm still trying to adjust to the new environment and the work culture here. It's quite different from what I'm used to.,DECISION: 1
281,1,1,Getting adequate nutrition,I eat a lot of meals a day.,Follow-up: I have a pet cat named Muffin. She is very playful and loves to curl up in my lap whenever I am reading or watching TV.,DECISION: 1
282,0,0,Getting adequate nutrition,I don't have appetite.,Follow-up: I have been feeling a lack of interest in food for a while now. I often find myself skipping meals or eating very little. This worries me as it is leading to an inadequate intake of nutrients that the body needs for proper functioning.,DECISION: 0
283,0,0,Getting adequate nutrition,I often eat fast food.,"Follow-up: Because of my busy schedule, I often find myself grabbing meals from fast food joints, which I know are not the healthiest options. I try to choose the healthier options on the menu, but it's still high in sodium and fats. I know I need to make more time to prepare nutritious meals but it's a struggle with my current lifestyle.",DECISION: 0
284,1,1,Getting adequate nutrition,I usually eat fast and frozen food.,Follow-up: I have recently started doing yoga early in the morning. It's a great way to start the day and I've noticed that it helps me feel more energized and focused.,DECISION: 1
285,0,0,Getting adequate nutrition,I don't care what I eat daily.,"Follow-up: What I mean is that I don't pay much attention to my diet. I often skip meals due to my busy schedule. Even when I eat, I tend to choose food based on convenience and taste rather than nutritional value. This lifestyle has led me to consume a lot of fast food and processed meals, which I know are not really good for my health.",DECISION: 0
286,1,1,Getting adequate nutrition,I try not to eat to loss weight.,"Follow-up: I have recently picked up painting as a hobby. It helps me to relax and unwind after a long day, and I find the process of creating art to be very therapeutic.",DECISION: 1
287,1,0,Getting adequate nutrition,I can't control myself to stop eating.,Follow-up: I'm also trying to learn a new language. I've found it to be a great mental exercise and a good way to distract myself from constantly thinking about food.,DECISION: 0
288,1,0,Getting adequate nutrition,I never eat vegetables and fruits.,"Follow-up: My favorite food is pizza. I love the aroma of baked dough combined with cheese. I also like topping it with pepperoni and olives. I know it's not the healthiest choice, but I can't resist it.",DECISION: 0
289,0,0,Getting adequate nutrition,I seldom eat vegetables and fruits.,"Follow-up: I tend to consume a lot of processed and fast foods due to my busy schedule. As a result, I'm not getting enough essential vitamins and minerals which are abundant in vegetables and fruits. This lack of healthy eating habits may also be affecting my overall well-being and energy levels.",DECISION: 0
290,1,0,Problem solving and decision making capability,I have problem making decisions.,"Follow-up: I always play chess to improve my decision-making ability. Chess is a strategic game that requires foresight, planning, and the ability to think several moves ahead.",DECISION: 0
291,0,0,Problem solving and decision making capability,I have trouble solving problems.,"Follow-up: I tend to get overwhelmed when I face complex issues. I struggle with breaking them down into manageable parts and prioritizing them. I often procrastinate and delay making decisions, which makes the situation worse. I am trying to improve by learning problem-solving strategies and techniques.",DECISION: 0
292,1,0,Problem solving and decision making capability,My problem solving skll is really bad.,Follow-up: I've been thinking a lot about my future lately. I don't know whether I should stay in my current job or pursue a master's degree. The uncertainty is really bothering me.,DECISION: 0
293,1,0,Problem solving and decision making capability,It's hard for me to make right decisions.,"Follow-up: I had a bad experience with my last job. Although I worked hard, I didn't get the promotion I was expecting. I am currently looking for a new job.",DECISION: 0
294,0,0,Problem solving and decision making capability,I am afraid to make decisions.,"Follow-up: I am afraid because I fear making the wrong decisions and facing the negative consequences. It's not just about the big life-changing decisions, even the small daily decisions seem daunting to me. I also feel a lot of pressure not to disappoint others with my decisions, which further amplifies my fear.",DECISION: 0
295,0,0,Problem solving and decision making capability,I can't solve problems by myself.,"Follow-up: Whenever I face a problem, I feel overwhelmed and don't know where to start. I always need someone to guide me and help me decide what steps to take. I lack the ability to analyze the problem and figure out the possible solutions on my own.",DECISION: 0
296,0,0,Problem solving and decision making capability,I can't make decisions by myself.,Follow-up: I struggle with making decisions because I often overthink and worry about the consequences. I'm afraid of making the wrong choice and it's causing me stress. I usually need other people's opinions before I can come to a decision. It's something I'm working on improving.,DECISION: 0
297,0,0,Family support,I cannot get any support from my family.,"Follow-up: By this, I mean that I feel isolated and alone in my struggles. My family, while well-meaning, is unable to understand the complexities of my situation. They often disregard my feelings or concerns, leaving me feeling unheard and invalidated. I just wish they would try to empathize with me more instead of just brushing my problems under the rug.",DECISION: 0
298,1,1,Family support,No one in my family provides support to me.,"Follow-up: I've been trying to learn a new language recently. It's been a challenge, especially without someone to practice with. But I find it quite exciting and it helps me to broaden my horizons.",DECISION: 1
299,0,0,Family support,No one in my family is really on my back.,"Follow-up: What I mean is that it often feels as though I'm navigating life's challenges on my own. Though I understand that everyone in my family has their own responsibilities and concerns, it would be nice to have more emotional support and guidance from them. It's not about financial or practical help, more about feeling understood and accepted, having someone to share my thoughts and feelings with.",DECISION: 0
300,1,0,Family support,I don't have family member on my side.,Follow-up: I have been thinking about adopting a pet. A dog or a cat could be a great company. They are loyal and provide emotional support when you are down.,DECISION: 0
301,0,0,Family support,I never expect any support from my family.,"Follow-up: I have always been an independent person since my teenage years. I had to fend for myself and make my own decisions. Over time, I've learned not to rely on my family for emotional or financial support. It's not that they are not willing to help, it's just that I have conditioned myself to handle things on my own.",DECISION: 0
302,1,1,Family support,My family only give me burden.,Follow-up: I am currently working on a project which involves a lot of research and it's a bit overwhelming. I barely have time for anything else.,DECISION: 1
303,1,1,Family support,My family members are not supportive.,"Follow-up: I have been trying to learn cooking recently. I find it really soothing and it helps me keep my mind off things. I started with basic recipes, and now I can cook a few complicated dishes as well.",DECISION: 1
304,0,0,Family support,My parents are not supportive at all.,Follow-up: I feel like my parents are not understanding my career goals. They are very traditional and expect me to follow a certain path which is not aligned with my passion. This lack of support and understanding has created a distance between us.,DECISION: 0
305,1,1,Family support,My family members are not supportive at all.,"Follow-up: Speaking of my hobby, I love painting. I usually spend my weekends in my small studio at home, painting landscapes and portraits. It helps me to relax and forget about my worries.",DECISION: 1
306,1,0,Family support,My wife is not supportive at all.,Follow-up: I have been thinking to adopt a pet for a long time. I believe having a pet could be a good stress buster and a companion. It can make me feel happier and less lonely.,DECISION: 0
307,0,0,Family support,My husband is not supportive at all.,"Follow-up: Despite being married for several years, I often feel alone in our relationship. My husband is always busy with his work and he barely has time for me. He doesn't show any interest in my work or my interests. I've tried to talk to him about it but he just ignores me or changes the subject. It's like living with a roommate, not a life partner.",DECISION: 0
308,0,0,Family relationship,I don't get along well with my family.,"Follow-up: I have always had a strained relationship with my family due to our differing viewpoints and attitudes. There are also some unresolved issues from the past that have created a barrier between us. This has led to frequent disputes, resulting in an uncomfortable and tense household atmosphere.",DECISION: 0
309,0,0,Family relationship,I don't like my family.,"Follow-up: I have been having issues with my family for a while now. We have different values and perspectives on life which often leads to disagreements. I feel like they don't understand me and my choices in life, and it's quite suffocating at times.",DECISION: 0
310,1,1,Family relationship,I rarely talk to my family.,"Follow-up: I am a big fan of soccer and have been playing it since I was a kid. Nowadays, I usually spend my weekends playing soccer with my friends at a local park.",DECISION: 1
311,0,0,Family relationship,I hardly ever visit my family.,Follow-up: I usually spend most of my time at work. I am a workaholic and my job demands a lot of time and effort from me. I barely have time for personal stuff.,DECISION: 0
312,1,1,Family relationship,I don't like to talk with my family members.,Follow-up: I am planning to move to a new city for my job. I am excited and nervous at the same time as it's going to be a new experience for me.,DECISION: 1
313,1,1,Family relationship,It a waste of time to hang out with my family.,"Follow-up: I also have a group of friends from high school. We've known each other for almost 10 years now. We used to hang out every weekend, but now we only meet once in a while due to our busy schedules.",DECISION: 1
314,0,0,Family relationship,I hate my family.,"Follow-up: I feel this way because there is a lot of conflict in my family. We frequently have disagreements and arguments, which leaves me feeling stressed and unhappy. I feel like they don't understand or respect my perspective, which makes our relationship strained.",DECISION: 0
315,1,1,Family relationship,The relationship with my family is terrible.,Follow-up: I recently started a new job and it has been quite challenging. The work environment is competitive and the workload is heavy. It's been a real adjustment for me.,DECISION: 1
316,0,0,Family relationship,It's hard for me to get along with my family.,"Follow-up: We have differing views on almost everything which often results in heated arguments. It is not only about generational gap, but also about our values, lifestyles, and expectations. I have tried to communicate and understand their perspectives, but it always ends up in disagreements.",DECISION: 0
317,0,0,Family relationship,I don't want to talk to my family.,Follow-up: I've had a falling out with them due to some unresolved issues from the past. The lack of communication and understanding from both sides has been making it difficult for us to mend our relationship. I feel it's best for my mental health to maintain some distance for now.,DECISION: 0
318,0,0,Family relationship,My family is a nightmare for me.,"Follow-up: My family has always been unsupportive and critical of my choices. My parents were extremely strict and controlling while I was growing up, and they continue to be so. This constant pressure and lack of understanding has affected my mental health seriously, making me feel isolated and unloved.",DECISION: 0
319,0,0,Family relationship,I don't want to see my family any more.,"Follow-up: It's because of the continuous conflicts and arguments that we have had over the years. I feel they are very judgmental and don't understand my perspectives. It's been emotionally draining for me, which is why I've decided to distance myself for a while.",DECISION: 0
320,1,1,Family relationship,I haven't been in touch with my family for a long time.,"Follow-up: I have been working on a challenging project at work recently. The supervisor is demanding, and the deadlines are tight. I have to spend a lot of time and energy on it, and sometimes I even have to work overtime. It's really stressful.",DECISION: 1
321,0,0,Alcohol abuse,I drink a lot when I am alone.,"Follow-up: It's a coping mechanism that I've developed over time to deal with feelings of loneliness and isolation. I find myself reaching for a bottle every time I'm stressed or upset, which is quite often recently. It's been a tough cycle to break and I understand it's not ideal for my physical and mental health.",DECISION: 0
322,1,0,Alcohol abuse,"When I'm by myself, I drink a lot.",Follow-up: I've been working on a new project lately. It's a novel about a man's journey from addiction to recovery. It is challenging but also rewarding.,DECISION: 0
323,1,0,Alcohol abuse,"When I'm by myself, I drink a lot of alcohol.",Follow-up: I have been working in the tech industry for nearly 10 years. I started as a junior developer and now I am leading a team. The workload is immense and the stress level is high.,DECISION: 0
324,0,0,Alcohol abuse,I drink every day.,"Follow-up: I have found myself drinking excessively every day, not just socially on weekends or during special occasions. It has become a regular part of my routine, to the point where I feel uncomfortable if I don't have a drink. It's not just one or two drinks either, I often drink until I'm intoxicated. I realize it's becoming a problem, but I'm struggling to control it.",DECISION: 0
325,0,0,Alcohol abuse,I usually take a lot of hard liquor.,"Follow-up: I started drinking socially, but over time, it became a coping mechanism for dealing with stress and anxiety. It's not uncommon for me to consume several drinks in one sitting. I'm aware this habit might be harmful in the long term, but it's hard for me to stop.",DECISION: 0
326,0,0,Alcohol abuse,I enjoy getting drunk by myself.,"Follow-up: I find solace in drinking alone, it provides me a kind of refuge from the day-to-day stresses. It's not that I don't enjoy social drinking, but I find comfort in my solitude, with just a bottle of alcohol to keep me company. However, I do understand that this isn't necessarily a healthy coping mechanism and I'm working on finding better ways to manage stress.",DECISION: 0
327,0,0,Alcohol abuse,I often wake up with a terrible hangover.,"Follow-up: After a night of heavy drinking, I typically wake up with a pounding headache, nausea, and extreme fatigue. It usually takes me the entire day to recover, which affects my productivity and overall well-being. Despite knowing the negative effects of excessive alcohol consumption, I still struggle to control my drinking habits.",DECISION: 0
328,1,0,Alcohol abuse,I drink a lot by myself yesterday.,Follow-up: My job has been really stressful lately. I am working on a project with tight deadlines and it has been consuming most of my time and energy.,DECISION: 0
329,0,0,Alcohol abuse,I drink a lot by myself when I hate my life.,"Follow-up: I often find myself turning to alcohol as a coping mechanism when I am feeling down or frustrated with my life. This has become a pattern, particularly when I'm alone and don't have anyone to talk to. I realize that it's not a healthy behavior and I'm working on finding healthier ways to deal with my feelings.",DECISION: 0
330,1,0,Alcohol abuse,I always drink a lot alone at night.,Follow-up: I have a cat named Muffin. She is a tabby and has the cutest green eyes. She always sits with me when I have my late night drinking sessions. She somehow seems to understand my loneliness.,DECISION: 0
331,1,1,Alcohol abuse,I enjot being drunk by myself.,"Follow-up: I’ve recently picked up gardening as a hobby, and I’m finding it incredibly therapeutic. I just love the feeling of being connected to nature.",DECISION: 1
332,1,1,Tobacco abuse,I smoke a lot of cigarettes per day.,"Follow-up: Apart from this, I've been trying to learn a new language lately. I've always been fascinated by Italian culture, so I've started taking Italian classes online.",DECISION: 1
333,1,1,Tobacco abuse,I smoke 10 cigarettes per day.,"Follow-up: Besides that, I also have a habit of staying up late. I usually go to bed around 2 am, and I know it's bad for my health.",DECISION: 1
334,0,0,Tobacco abuse,I smoke a lot every day.,"Follow-up: I have been smoking heavily for the past 10 years. On average, I smoke about two packs a day. I started smoking as a way to cope with stress and now it has become an addiction. I've tried to quit several times, but the withdrawal symptoms are unbearable.",DECISION: 0
335,0,0,Tobacco abuse,I smoke a bag per day.,"Follow-up: I started smoking in my early twenties and it has been a part of my daily routine ever since. I know it's a harmful habit, both for my health and those around me, but quitting has proven to be quite a challenge. I have tried several methods to quit, but the withdrawals are intense and I always find myself reaching for a cigarette.",DECISION: 0
336,0,0,Other substance abuse,I live on substance.,"Follow-up: By saying that, I mean that I've been relying heavily on certain substances, like alcohol and drugs. It started as a coping mechanism for stress and anxiety, but now it has become something I can't go a day without. I realize that it's not a healthy way of dealing with my problems, and it's affecting my physical health, mental wellbeing, as well as my relationships with others.",DECISION: 0
337,0,0,Other substance abuse,I am a big fan with taking substance.,"Follow-up: I began experimenting with substances in my late teens, and over time, my use has escalated. I've tried several substances, from alcohol and marijuana to harder drugs. I've noticed that when I'm under stress or feeling down, I tend to use substances more heavily. It's become a way for me to cope with these feelings, though I understand it's unhealthy and potentially dangerous.",DECISION: 0
338,0,0,Other substance abuse,I smoke weed every day.,"Follow-up: I started smoking weed as a social activity with friends during college. Over time, it has become a daily habit. It helps me relax and deal with stress, but I am also aware of the health risks and the potential for dependence. I'm currently considering seeking help to manage my usage.",DECISION: 0
339,1,0,Other substance abuse,I cannot live without substance.,"Follow-up: I have been trying to find a new hobby to keep myself busy. Recently, I have developed an interest in painting. It helps to keep my mind off things and I find it very therapeutic.",DECISION: 0
340,1,0,Other substance abuse,I have to take substance every day to make me feel better.,Follow-up: I have been trying to learn a new instrument lately. It's a guitar. I have always loved the sound of it and thought it would be a great way to distract myself and spend my time on something productive.,DECISION: 0
341,1,0,Other substance abuse,I take a lot of sustances these days.,Follow-up: I used to be a straight-A student in high school. I was very ambitious and had big dreams. I wanted to go to a good college and make my parents proud. But I failed to get into any of the colleges I applied to. That failure hit me hard.,DECISION: 0
342,1,1,Other substance abuse,I smoke with my friends and smoke alone.,Follow-up: I have a pet dog. He's a golden retriever named Max. He's my best companion and we go for walks every evening.,DECISION: 1
343,1,1,Other substance abuse,I cannot live without weed.,"Follow-up: I am a big fan of classic rock music. I once attended a Led Zeppelin concert, and it was the best night of my life.",DECISION: 1
344,1,1,Other substance abuse,I am taking weed any time in a day.,"Follow-up: Apart from this, I have been trying to learn a new language to keep myself busy. I chose Spanish because I've always been fascinated by its culture and literature.",DECISION: 1
345,1,1,Other substance abuse,I smoke alone very frequent.,"Follow-up: Besides that, I also have a pet dog. I adopted him from an animal shelter two years ago. He is a German shepherd and is very energetic. He has been a great companion to me.",DECISION: 1
346,0,0,Other substance abuse,I smoke when I need to get relax.,"Follow-up: Smoking has become a sort of coping mechanism for me, especially during stressful times. I understand that it's not the healthiest habit, but the nicotine gives me a temporary relief from anxiety and tension. I usually smoke a few times a week, mostly in the evenings after work to unwind.",DECISION: 0
347,0,0,Enjoying personal choices for leisure activities: ,I don't have any hobby specifically.,"Follow-up: I tend to enjoy a variety of activities rather than sticking to one specific hobby. I enjoy reading different genres of books, exploring new places, trying out different cuisines, and also love watching movies of different languages. However, I have not yet found a hobby that I am extremely passionate about and would want to consistently pursue.",DECISION: 0
348,1,0,Enjoying personal choices for leisure activities: ,I don't have hoobies.,"Follow-up: Recently, I've found myself interested in botany. I don't have any plants yet, but I've been researching and learning about different types of plants, how to care for them, and their benefits. I hope to start my own small indoor garden soon.",DECISION: 0
349,0,0,Enjoying personal choices for leisure activities: ,I don't know what to do for leisure.,"Follow-up: It's not that I don't have any interests, it's that I have too many and it's hard to decide what to pursue. I enjoy reading, painting, and playing music, but I also want to try new things like hiking or learning a new language. It's difficult to find the time and energy for all these activities.",DECISION: 0
350,0,0,Enjoying personal choices for leisure activities: ,I do nothing for leisure.,"Follow-up: To clarify, when I say I do nothing for leisure, I mean I don't participate in traditional leisure activities like sports, music, or hobbies. Instead, I find my relaxation in simpler things like taking a quiet walk, enjoying a cup of coffee in solitude, or just observing nature. I believe in finding peace in tranquility and getting pleasure from the simplicity of life.",DECISION: 0
351,0,0,Creativity,I did nott do anything creative.,"Follow-up: I am usually caught up with my regular job and daily chores, and I hardly find any time to engage in any creative activities like painting, writing or playing a musical instrument. I have always wanted to explore my creative side, but it seems like I am stuck in a rut.",DECISION: 0
352,1,1,Creativity,I am not creative.,"Follow-up: I've been trying to learn a new language lately, but it's proving to be quite a challenge. I'm thinking of signing up for a class to help me better understand and practice it.",DECISION: 1
353,0,0,Creativity,I am not very imaginative.,"Follow-up: What I mean by that is, I often find it hard to think outside of the box or come up with unique, original ideas. When I'm asked to design or create something, I tend to stick to conventional methods and templates. I also struggle a lot with brainstorming sessions and often find myself unable to contribute much. I admire people who can easily think up new, innovative ways to approach tasks or problems, and I'm trying to learn how to be more like that.",DECISION: 0
354,1,1,Creativity,I was not creative.,"Follow-up: I have been living alone since I graduated from college. It's been difficult to handle everything on my own. Especially during the pandemic, I felt very lonely and isolated.",DECISION: 1
355,1,0,Creativity,I have no inspirision.,"Follow-up: I love to cook. It's one of my favorite hobbies. I try to experiment with different cuisines and flavors. Yet, sometimes I end up making the same dishes again and again.",DECISION: 0
356,0,0,Creativity,I don't have any creative thinking.,"Follow-up: What I mean is, I often struggle to come up with new and original ideas. It seems that I'm more comfortable with routines and established patterns. I've tried various exercises to boost my creativity but I still find it hard to think outside the box or see things from a different perspective.",DECISION: 0
357,0,0,Participation in community,I don't go out much.,"Follow-up: I am more of an introverted person and I feel comfortable staying at home. I participate in my community through online platforms where I can interact with my neighbors and local businesses. Furthermore, I have a few close friends who I keep in touch with regularly, but large social gatherings or events are not really my cup of tea.",DECISION: 0
358,0,0,Participation in community,I don't do a lot of community work.,"Follow-up: My job is pretty demanding, and I usually work even on weekends. The little free time I have, I tend to spend on catching up on sleep or doing things I love like reading or painting. I wish I could get more involved in the community, but currently, it is a bit challenging for me.",DECISION: 0
359,0,0,Participation in community,I don't go to the clubs or anything like that.,"Follow-up: I am introverted and prefer activities that I can do alone or in small groups. I find the noise and crowds at clubs overwhelming and it's just not my scene. I prefer spending time in nature, reading, or meeting up with a few close friends.",DECISION: 0
360,0,0,Participation in community,I have never participated in any social activities within my community.,"Follow-up: I am relatively new to this community and I am yet to familiarize myself with the residents and the organized activities. In addition, my work schedule has been quite demanding, leaving me with little time to engage in community events. I do, however, intend to start participating actively to know more people and contribute to communal efforts.",DECISION: 0
361,0,0,Participation in community,I have never participated in any community activities.,"Follow-up: It's not that I have no interest in community activities, but I have been quite busy with my work and personal projects. I often work long hours and during the weekends, I prefer to rest or focus on my personal interests. I do acknowledge the importance of community participation for social connection and giving back, and I hope in the future I can find the time to engage more in these activities.",DECISION: 0
362,0,0,Participation in community,I hardly ever participated in any community activities.,"Follow-up: I've always been a bit of an introvert, preferring to spend my time alone or with a small group of close friends. The idea of participating in community activities can sometimes feel overwhelming and stressful to me. Besides, I also have a tight schedule due to my job, reducing the time I have for such activities. I do understand the value of community participation, and I'm trying to take small steps to get involved.",DECISION: 0
363,0,0,Participation in community,I don't have motivations to participate in any community activities.,"Follow-up: I often feel drained and don't have the energy to engage with others, even in a community setting. It seems like a lot of effort to get involved, especially when I'm already dealing with my own personal matters. Plus, I have social anxiety which makes it difficult for me to interact with large groups of people or unfamiliar faces.",DECISION: 0
364,0,0,Support from social network,I don't have anyone to support and help me,"Follow-up: I mean, I have friends and acquaintances, but I feel like they are too absorbed in their own lives to really be there for me. I've tried to reach out in the past, but the responses have been lukewarm at best. It's really tough when you feel like you're facing your challenges alone.",DECISION: 0
365,1,1,Support from social network,"When I need help, there's no one supportive around.",Follow-up: I have been trying to learn a new language recently. It's Italian. I find the language very interesting and the culture fascinating. I plan to visit Italy once the travel restrictions are lifted.,DECISION: 1
366,0,0,Support from social network,"No one is supportive, I feel like I am always alone.","Follow-up: I have tried reaching out to my friends and even joined some social groups online, but I still feel disconnected. It seems like everyone is busy with their own lives and have no time to lend an ear. I am feeling isolated and this loneliness is overwhelming.",DECISION: 0
367,1,0,Support from social network,I don't know who to talk to when I need support and feel helpless.,"Follow-up:  I have a pet cat. He is my only company at home. He is very cute, always lying on my lap when I work. He seems to know when I am upset and need comfort.",DECISION: 0
368,1,1,Support from social network,I don't know who to talk to when I need support.,"Follow-up: I've been trying to pick up a new hobby lately, like painting. It's something I've always been interested in, but I've never really had the time to invest in it. Now, I've decided to give it a go and it's been quite therapeutic.",DECISION: 1
369,0,0,Support from social network,There's no support around me.,Follow-up: I am currently living alone in a new city where I don't know anyone. I moved here for work a few months ago and have been struggling to make friends or establish a social network that can provide emotional or practical support when needed.,DECISION: 0
370,0,0,Support from social network,I don't have any support.,"Follow-up: I've been feeling quite isolated lately because my social network is not as robust as I would like it to be. I don't have many friends and the ones I do have live far away. I have tried to make connections online and join groups of interest, but it is not the same as having someone physically nearby to talk to or spend time with. So, it feels like I'm without any support.",DECISION: 0
371,0,0,Support from social network,I am on my own.,"Follow-up: What I mean by that is, I don't have a strong social network. I moved to a new city for my job, and I am still trying to build a new circle of friends. The transition has been tough. I often feel alone and there's not many people I can rely on for emotional support.",DECISION: 0
372,0,0,Support from social network,I don't need anyone to support me.,"Follow-up: I have always been a self-reliant person. Even during difficult times, I prefer handling things on my own rather than relying on others. I believe in developing my skills and capabilities to overcome challenges. I also feel that this enhances my confidence and makes me more resilient.",DECISION: 0
373,0,0,Support from social network,I hate to be helped by others.,"Follow-up: I've always been an independent person, preferring to solve my own problems and tackle my own challenges. I feel like accepting help from others diminishes my self-reliance and makes me feel like I'm not capable. It's not that I don't appreciate the support, I just prefer to handle things on my own.",DECISION: 0
374,0,0,Support from social network,Nobody is helpful when I need support.,"Follow-up: I have been facing some difficult situations recently and reached out to my friends for help. Unfortunately, they too were busy with their own problems. Also, I have had some misunderstandings with a few friends which has left me feeling isolated and disconnected. Despite being part of multiple social networks, I feel like I am on my own when it comes to dealing with my problems.",DECISION: 0
375,1,1,Support from social network,No one is willing to offer me support.,Follow-up: I love playing guitar in my free time. It helps me to relax and forget about my worries. I have been practicing it for 5 years now.,DECISION: 1
376,0,0,Support from social network,No one can help me get rid of problems.,"Follow-up: I have tried reaching out to my friends and asking them for advice, but their suggestions haven't been very effective. Sometimes, it feels like they don't understand the complexity and depth of my issues. Consequently, I often feel misunderstood and isolated, which adds to my problems.",DECISION: 0
377,0,0,Support from social network,I can only handle problems by myself.,"Follow-up: I feel isolated and alone with my struggles. Although I have friends and acquaintances on social media, the interactions tend to be superficial. It's hard to share my personal problems or seek advice. Moreover, people often only share their good times and achievements, which sometimes makes me feel even more alone and stressed.",DECISION: 0
378,0,0,Support from social network,I don't know who can help me when I need supports.,"Follow-up: I feel as though many of my relationships are surface level, meaning that while we may have a good time together, I don't feel comfortable asking them for help during tough times. I haven't built a deep connection or trust with anyone in my social circle. Furthermore, I am not part of any community organizations or groups that might offer a support system. It's a struggle I've been trying to address.",DECISION: 0
379,0,0,Support from social network,I can't get any help from others.,"Follow-up: I have tried reaching out to friends, colleagues and even social groups I am part of, for help, but my efforts have been in vain. People seem to be too occupied with their own lives or they just don't understand the kind of support I need despite me trying to explain it to them.",DECISION: 0
380,0,0,Support from social network,No one is willing to listen to me.,"Follow-up: I am feeling isolated and alone. It's hard because I have been trying to reach out to my friends and family for support but they seem busy with their own lives. I have tried to speak about my problems, but nobody seems to have time or interest in understanding my situation. It's frustrating and disheartening.",DECISION: 0
381,0,0,Support from social network,No one is willing to help me.,"Follow-up: I feel like I'm always the one reaching out and offering my help to others, but when it comes to my own needs, people seem to be indifferent. I don't expect them to solve my problems, but a listening ear or some comforting words would mean a lot. Sadly, I don't often get this kind of support from my social network.",DECISION: 0
382,0,0,Support from social network,I am always alone when I need supports.,"Follow-up: What I mean is, I feel like I don't have a strong support system in my social network. Despite having friends and colleagues, I often find myself tackling problems alone. They seem to be occupied with their own issues and don't have the time or capacity to lend a listening ear or a helping hand.",DECISION: 0
383,0,0,Support from social network,I am so lonely when I need supports.,"Follow-up: When I say I am lonely, it means I don't have a strong support network of friends or community around me. I recently moved to a new city where I don't know anyone yet. It's been tough to make connections and find support, especially with the ongoing pandemic limiting face-to-face interactions. I miss the comfort of knowing there are people nearby who care about me and can lend a helping hand when needed.",DECISION: 0
384,1,1,Support from social network,No one cares about me.,"Follow-up: I'm also trying to get into photography as a hobby. Recently, I bought a DSLR camera and I've been experimenting with different photo styles and techniques. It's challenging but also quite fun.",DECISION: 1
385,0,0,Support from social network,No one wants to hear my voice.,"Follow-up: I feel this way because every time I try to share my thoughts or feelings with my friends or colleagues, they seem to brush it off or change the subject. It makes me feel unheard and unimportant. They seem more interested in their own lives and problems than in understanding mine. This has led to me feeling isolated and unsupported.",DECISION: 0
386,0,0,Relationship with friends and colleagues,I am not a social person.,"Follow-up: I have always been introverted, preferring solitude over social gatherings. It's not that I don't like people, I just feel more comfortable and content in my own company. This tends to affect my relationship with friends and colleagues as I often decline their invitations to social events. I understand the importance of social relationships, but it's just not something that comes naturally to me.",DECISION: 0
387,0,0,Relationship with friends and colleagues,I don't like talking with anyone.,"Follow-up: I have been feeling overwhelmed and drained lately, which has led me to avoid social interactions. I find it difficult to express my thoughts and feelings, and this leads to misunderstandings. I feel like my friends and colleagues don't understand me, which adds to my frustration and makes me want to isolate myself even more.",DECISION: 0
388,0,0,Relationship with friends and colleagues,I find it is difficult to have someone closed.,"Follow-up: I've always been a bit of an introvert, preferring to keep to myself. I find it difficult to open up to people and let them in. I've been hurt in the past, and that's made me a bit cautious. I also find it hard to trust people easily. However, I am working on my communication skills and trying to be more open in my interactions.",DECISION: 0
389,0,0,Relationship with friends and colleagues,I don't want to communicate with anyone.,"Follow-up: Lately, I've been feeling overwhelmed and drained emotionally. I find it hard to engage in conversations without feeling exhausted. Plus, the topics of discussion often seem trivial or unimportant to me, making me more reluctant to participate. I guess, I'm just going through a phase where I need some time alone to reflect and recharge.",DECISION: 0
390,0,0,Relationship with friends and colleagues,Nobody could get closed with me.,"Follow-up: I often find it difficult to make meaningful connections with people because I have a tendency to keep to myself. I am introverted and find it hard to share my personal life with others. Despite working or studying together, I don't usually participate in social gatherings or events. So, it becomes hard for others to understand and get close to me.",DECISION: 0
391,1,1,Relationship with friends and colleagues,I hate to talk with others.,"Follow-up: I have a pet cat. His name is Whiskers. He's very playful and keeps me entertained at home. He's more than a pet to me, he is like a family.",DECISION: 1
392,0,0,Relationship with friends and colleagues,Nobody really knows me.,"Follow-up: What I mean is that, even though I interact with people at work and have a few friends, I feel like they don't truly understand me. They see the external me, but they don't know my inner thoughts and feelings. We don't have deep conversations and I often feel like I'm wearing a mask. It can feel quite lonely at times.",DECISION: 0
393,0,0,Relationship with friends and colleagues,It is impossible for me to talk with others.,"Follow-up: I find it hard to initiate conversations or maintain them. I often feel anxious about saying the wrong thing or not being interesting enough, which makes social interactions quite stressful for me. I am also an introvert and prefer spending time alone, which could be another reason why I struggle with communication.",DECISION: 0
394,0,0,Relationship with friends and colleagues,It is impossible for me to get closed with someone.,"Follow-up: I find it challenging to build close relationships due to my introverted nature. I often struggle with opening up to people, which makes it hard for me to form deep and meaningful connections. I also have a fear of being judged or misunderstood, which additionally hinders me from reaching out and getting close to someone.",DECISION: 0
395,1,1,Relationship with friends and colleagues,I can't find anyone to hang out with.,Follow-up: I am really into art and painting. I spend my weekends visiting art galleries and museums. It's a great way to escape from the reality and find inner peace.,DECISION: 1
396,1,0,Relationship with friends and colleagues,Nobody is able to get closed with me.,Follow-up: I was born in a small town and moved to a big city for work. It has been challenging to adjust to the fast pace of city life.,DECISION: 0
397,0,0,Relationship with friends and colleagues,I feel that I have no friend.,"Follow-up: I feel alone, even though I am surrounded by people at work and socially. I have colleagues to work with, but I think we only have a professional relationship. We don't share personal things or hang out after work. The same goes for my social circle. I feel a lack of deep, meaningful connections and it's taking a toll on my mental health.",DECISION: 0
398,0,0,Relationship with friends and colleagues,I feel hanging out with others is something boring.,"Follow-up: What I mean is that I often find myself not enjoying social gatherings as much as others seem to. I prefer spending time alone or pursuing my personal interests. Group settings can sometimes feel draining to me. Some people may find it exciting to exchange ideas and experiences, but I feel it's often about conforming to social norms which I am not very fond of.",DECISION: 0
399,1,1,Relationship with friends and colleagues,I don't want to go outside.,"Follow-up: Recently, I have been trying to learn a new language. I think it's a good way to spend my time. I am now getting better at it, every day I learn new words and phrases.",DECISION: 1
400,1,0,Relationship with friends and colleagues,I prefer to stay at home alone.,"Follow-up: Sometimes, I feel like I need to travel somewhere far, just to enjoy the solitude and peace that nature has to offer.",DECISION: 0
401,0,0,Relationship with friends and colleagues,I tend to do everything all by myself.,"Follow-up: I believe in my own capabilities and sometimes I feel like if I want something done right, I have to do it myself. This mentality of mine has led to a sort of isolation where I hardly rely on my friends or colleagues for anything. I understand that this is not the healthiest way to live or work, and I'm trying to learn how to trust others and delegate tasks.",DECISION: 0
402,0,0,Relationship with friends and colleagues,I just want to hang out alone.,"Follow-up: Recently, I've been feeling a bit overwhelmed with the social expectations at work and in my personal life. I've realized that I need some alone time to recharge and reflect. It's not that I don't enjoy the company of my friends and colleagues, it's just that at times, I feel the need to disconnect and spend time with myself.",DECISION: 0
403,1,1,Relationship with friends and colleagues,I feel uncomfortable with a lot of people,"Follow-up: Recently, I have started learning a new musical instrument as a hobby. It's a bit challenging but I am enjoying it.",DECISION: 1
404,1,1,Relationship with friends and colleagues,I feel terrible when hanging out with someone,"Follow-up: I've been trying to focus on improving my health lately. I've started going to the gym and eating healthier. It's been a bit challenging, but I'm determined to stick with it.",DECISION: 1
405,1,1,Relationship with friends and colleagues,I don't want to talk to anyone.,Follow-up: My favorite hobby is reading. I love to spend my free time reading novels. It helps me to escape reality and immerse myself in a different world.,DECISION: 1
406,1,1,Relationship with friends and colleagues,I don't have any closed relationship with others.,Follow-up: I've recently been reading a lot of books. I've found it to be a great way to spend my time and I've learned so much. I particularly enjoy reading about history and philosophy.,DECISION: 1
407,1,1,Relationship with friends and colleagues,I feel unsatisfied with people around me.,"Follow-up: I have been trying to learn a new language recently, but it's quite challenging. I'm studying Spanish because I want to travel to Spain next year.",DECISION: 1
408,0,0,Relationship with friends and colleagues,Nobody is willing to be closed with me.,"Follow-up: I feel that they distance themselves from me due to my introverted nature. I have a hard time initiating conversations and maintaining them, which may give others the impression that I am not interested in them. Also, I often spend my free time alone, which probably makes it difficult for them to approach me.",DECISION: 0
409,0,0,Relationship with friends and colleagues,Hanging out with others make me feel uncomfortable.,"Follow-up: I often find it hard to connect with people on a deeper level. It's not that I don't like them, it's just that I feel out of place and misunderstood sometimes. Also, I am an introvert, so too much social interaction drains my energy and I need alone time to recharge.",DECISION: 0
410,0,0,Relationship with friends and colleagues,I am not happy when hanging out with others.,"Follow-up: I often feel like I don't fit in or that I don't have much in common with them. They usually talk about things that I have little interest in, and at times, I feel excluded from the group conversation. It's not that they are bad people, it's just that I feel a gap in our interests and communication styles.",DECISION: 0
411,1,1,Relationship with friends and colleagues,I have no close relationship.,Follow-up: I have been trying to learn cooking recently. I find it really therapeutic and it helps me to relax after a day's work. I am currently trying to perfect my pasta recipe.,DECISION: 1
412,1,1,Relationship with friends and colleagues,I don't want to hang out with anyone.,"Follow-up: I am planning to start a new hobby. I am thinking of learning to play a musical instrument, maybe a guitar or a piano.",DECISION: 1
413,0,0,Relationship with friends and colleagues,I don't want to share my life with anyone.,"Follow-up: I have always been a private person, and I value my solitude and privacy. I find it hard to trust others with personal information about my life. While I enjoy the company of my friends and colleagues, I prefer to keep my personal and professional life separate. I also believe that everyone has a personal space that should be respected.",DECISION: 0
414,1,1,Relationship with friends and colleagues,I usually stay alone.,Follow-up: I've recently started trying out new recipes and cooking food at home. It's been an interesting experience and I've been enjoying it quite a lot.,DECISION: 1
415,1,1,Relationship with friends and colleagues,I am always lonely.,Follow-up: I have been trying to learn a new language recently. It is a tough journey but I am enjoying it.,DECISION: 1
416,1,1,Relationship with friends and colleagues,Nobody understands me.,"Follow-up: I like to travel a lot. Last year, I visited Spain and it was an amazing experience. The culture, the food, everything was just perfect. I'm planning to visit Italy next.",DECISION: 1
417,0,0,Relationship with friends and colleagues,I can't get along well with anyone.,"Follow-up: I often find myself feeling uncomfortable and out of place in social situations, whether it's in the workplace or with friends. I struggle to connect on a deeper level and often feel misunderstood. This has led to feelings of isolation and loneliness. I am trying to work on my communication and social skills to improve these relationships.",DECISION: 0
418,1,1,Relationship with friends and colleagues,It seems that nobody wants to be my friends.,"Follow-up: I used to play soccer every weekend. I love the sport so much. It has always been my escape from the world. Due to my busy schedule, I haven't been able to play for a while.",DECISION: 1
419,1,1,Relationship with friends and colleagues,I can't bear it when hanging out with someone.,"Follow-up: Besides that, I have been thinking about my career path recently. I am not sure if the current job is what I truly want. I feel like I am losing my passion for it.",DECISION: 1
420,1,1,Relationship with friends and colleagues,It's unpleasant to hang out with others.,Follow-up: I have an interest in painting and drawing. It's my way to express feelings and emotions. I spend a lot of time on it and find it really enjoyable and relaxing.,DECISION: 1
421,1,1,Relationship with friends and colleagues,It's hard for me to get along well with others.,Follow-up: I've recently picked up painting as a hobby. It's a great stress relief and helps me express my emotions on canvas.,DECISION: 1
422,0,0,Relationship with friends and colleagues,I don't feel good with any close relationship.,"Follow-up: It's not that I dislike people, I just feel uncomfortable when relationships become too close or personal. It's like I am unable to maintain the balance between being a good friend or colleague and keeping my personal space. This often leads me to feel overwhelmed, causing me to distance myself from others.",DECISION: 0
423,0,0,Relationship with friends and colleagues,I don't have a lot in common with my friends.,"Follow-up: We have different interests and hobbies which makes it hard to bond on a deeper level. For instance, they are into sports, while I am more into books and arts. At work, my colleagues and I have very different job responsibilities and our schedules rarely align, so it's difficult to establish a meaningful connection beyond the professional realm.",DECISION: 0
424,0,0,Managing boundaries in close relationship,I can't say no to my partner's requests.,"Follow-up: Whenever my partner asks for something or wants to do something, I feel compelled to agree, even if it's something I'm not comfortable with or don't have the capacity for. It's like I'm constantly sacrificing my own needs and desires to satisfy theirs. This has led to feelings of resentment and exhaustion, and I'm starting to realize that I need to establish healthier boundaries in our relationship.",DECISION: 0
425,0,0,Managing boundaries in close relationship,I am not comfortable with my partner.,"Follow-up: I feel like my partner does not respect my personal space. They constantly check my phone and social media, and it feels like an invasion of my privacy. Also, they always want to spend time together, not allowing me space to be alone or spend time with my friends. This lack of boundaries is causing a strain in our relationship.",DECISION: 0
426,0,0,Managing boundaries in close relationship,I don't feel comfortable with my partner.,"Follow-up: I feel like my partner is crossing some personal boundaries. They are always checking my personal stuff, like my phone, emails, and even my diary without my consent. It's becoming an issue in our relationship as it's affecting my sense of privacy and personal space.",DECISION: 0
427,1,1,Managing boundaries in close relationship,Sometimes I don't feel comfortable.,Follow-up: I have been trying to learn a new language recently. I'm finding it quite challenging but also exciting. It's something I've always wanted to do but never had the time for until now.,DECISION: 1
428,1,1,Managing boundaries in close relationship,My partner offen hava some crazy requests.,"Follow-up: I have been thinking about starting a new hobby, maybe painting or gardening. It could be a great way to relax and enjoy my free time.",DECISION: 1
429,0,0,Managing boundaries in close relationship,My partner doesn't listen to my requests.,"Follow-up: I have tried to communicate about my needs and what bothers me in our relationship but it seems like my partner is not taking them seriously. They either dismiss them or ignore them, which makes me feel unheard and unappreciated. This lack of consideration for my feelings has been creating tension and conflicts between us.",DECISION: 0
430,0,0,Managing boundaries in close relationship,My partner only consider about himself.,"Follow-up: My partner tends to make decisions that only suit his needs and wants, without taking into account how these decisions might impact me. This has happened in various situations, like deciding on holiday destinations, or even something as simple as choosing a restaurant for dinner. It feels like he doesn't value my opinions or desires, which can be quite hurtful and frustrating.",DECISION: 0
431,0,0,Managing boundaries in close relationship,My partner only consider about herself.,"Follow-up: For instance, she tends to make decisions that concern both of us without consulting me first. She often prioritizes her own needs and wants, without considering how her actions or decisions might affect me. It feels as though there is an imbalance in our relationship, and it's causing some tension and conflict between us.",DECISION: 0
432,1,1,Managing boundaries in close relationship,I don't get along well with my partner,Follow-up: I have a pet cat named Whiskers. He is a Siamese and has the most beautiful blue eyes. He is very playful and is a great companion. He loves to play with toy mice and laser pointers.,DECISION: 1
433,0,0,Managing boundaries in close relationship,I have nothing to say with partner.,"Follow-up: I feel like we have run out of things to talk about. We are together for so long that we know every little thing about each other. Sometimes, it feels like our conversations are on repeat. Also, we have different interests and hobbies, which makes it hard to find common topics.",DECISION: 0
434,1,1,Managing boundaries in close relationship,I am not satisfied with my partner.,"Follow-up: Apart from my relationship issues, I have been dealing with immense stress at work. My boss assigns me more tasks than I can handle, and it's really affecting my mental health.",DECISION: 1
435,0,0,Managing boundaries in close relationship,I don't have a good partner.,"Follow-up: To elaborate, my current partner doesn't respect my personal space and boundaries. It feels like I'm constantly under scrutiny, which has been causing a lot of friction between us. I believe a good partnership requires mutual respect and understanding, which is currently missing in my relationship.",DECISION: 0
436,1,0,Managing boundaries in close relationship,I feel annoyed with my partner.,Follow-up: My job has been very stressful lately. I have been working overtime and barely have time for myself.,DECISION: 0
437,0,0,Managing boundaries in close relationship,I am tired of my partner .,"Follow-up: I feel like my partner is encroaching on my personal space too much. I believe everyone needs some alone time, a personal life, and some personal space. But my partner doesn't seem to understand this. They are always around me, always wanting to do things together. While I understand the importance of spending time together in a relationship, I also believe that having personal space is just as important.",DECISION: 0
438,1,1,Managing boundaries in close relationship,I want to finish the relationship with my partner.,"Follow-up: I have been thinking of pursuing my passion for painting lately. I've always loved to paint, but never really had the time to dedicate myself fully to it. I believe it will help me to find my inner peace.",DECISION: 1
439,0,0,Managing boundaries in close relationship,My partner is bad.,"Follow-up: When I say my partner is bad, I mean there's a lack of respect for my personal space and boundaries. It's not about physical boundaries only, but also emotional ones. For instance, my partner constantly checks my messages, calls, and even personal stuff without my consent which makes me feel uncomfortable and disrespected. It's like my privacy doesn't exist in our relationship.",DECISION: 0
440,0,0,Managing sexual safety,We don't use any protection when have sex.,"Follow-up: What I mean is, we've been in a committed relationship for many years and we trust each other. We've both been tested for sexually transmitted infections and we're both negative. Also, we don't plan to have children yet, but I'm on birth control, which provides some protection. However, I understand the importance of using protection like condoms to prevent sexually transmitted diseases, even in a committed relationship.",DECISION: 0
441,0,0,Managing sexual safety,I am afraid to have sex.,"Follow-up: My fear of having sex is rooted in several personal reasons. Firstly, I am anxious about the potential risks, such as sexually transmitted diseases and unwanted pregnancy. Secondly, I am also concerned about emotional intimacy and the vulnerability it entails. Additionally, societal pressures and expectations about sex also contribute to my fears.",DECISION: 0
442,1,1,Managing sexual safety,I accidentally got pregnant.,"Follow-up: I have been in the corporate world for the past five years, working as a marketing manager. The work is stressful and requires a lot of travelling. It's been hard to maintain a work-life balance.",DECISION: 1
443,0,0,Managing sexual safety,I have unwanted sex.,"Follow-up: By unwanted sex, I mean I often feel pressured into sexual activities that I'm not comfortable with. This is due to my partner's insistence or societal expectations, which makes me feel uncomfortable and unsafe. I am now learning to assert my boundaries and rights for my own well-being.",DECISION: 0
444,0,0,Productivity at work or school,I am not productive these days.,"Follow-up: I am feeling overwhelmed with the workload and unable to focus properly. The deadlines are fast approaching and it's causing a lot of stress. Moreover, I have been working from home due to the pandemic, which has blurred the boundaries between my personal and professional life, further affecting my productivity.",DECISION: 0
445,0,0,Productivity at work or school,I don't feel productive when I study.,"Follow-up: I often find myself easily distracted, especially when studying at home. The presence of my phone, television, and even the noise from outside can easily derail my focus. Moreover, I struggle with maintaining a consistent study schedule, which could also be impacting my productivity.",DECISION: 0
446,1,0,Productivity at work or school,I don't have inspiration when I work.,Follow-up: My diet has been poor lately. I have been skipping meals and eating junk food. I know I need to improve it to maintain my health.,DECISION: 0
447,1,1,Productivity at work or school,I don't feel productive any time.,Follow-up: I am planning to adopt a puppy. I feel like having a companion can make me feel better and happier.,DECISION: 1
448,1,1,Productivity at work or school,It's hard for me to be productive.,"Follow-up: I've been trying to get into reading lately. It's a bit challenging to find books that hold my interest, but I believe it's a good habit to cultivate.",DECISION: 1
449,0,0,Productivity at work or school,I have problem concentrate and focus.,"Follow-up: What I mean is that I often find my mind wandering off to other things while I'm trying to work or study. Sometimes, it's because of external distractions like noise or interruptions. Other times, it's internal distractions like stress or worry. I've tried some strategies like setting specific goals for each work session and taking regular breaks, but I'm still struggling with maintaining focus for long periods.",DECISION: 0
450,1,0,Productivity at work or school,I cannot focus.,"Follow-up: Besides that, I have also been having trouble sleeping lately. I usually stay up late at night and wake up feeling tired in the morning. This has been affecting my daily routine and overall mood.",DECISION: 0
451,0,0,Productivity at work or school,It's hard for me to concentrate,"Follow-up: I find it challenging to maintain focus because of the numerous distractions around me. For instance, I'm constantly being bombarded with emails, phone calls, and interruptions from colleagues. Furthermore, the stress of meeting deadlines adds to the difficulty, making it hard for me to stay productive throughout the day.",DECISION: 0
452,1,1,Productivity at work or school,It's hard for me to focus on something.,Follow-up: I've recently taken up gardening as a hobby. It's a refreshing change of pace and I've found that it really helps me relax and de-stress. I love seeing the plants grow and thrive under my care.,DECISION: 1
453,0,0,Productivity at work or school,It's hard for me to focus on my job.,"Follow-up: My difficulty in focusing on my job is because of multiple reasons. First, the remote work setting due to the pandemic has blurred the line between professional and personal life. Second, there's a lot of noise and distraction in the house which interrupts my flow of work. And lastly, the work pressure and deadlines are creating a lot of stress, which is affecting my ability to concentrate.",DECISION: 0
454,0,0,Productivity at work or school,It's hard for me to focus on my work.,"Follow-up: Lately, I've been struggling with concentrating on my tasks due to various distractions. These include noise from my surroundings, frequent interruptions from colleagues, and the lure of social media. Additionally, I've been feeling quite stressed and overwhelmed with the workload, which is also affecting my ability to focus and perform effectively.",DECISION: 0
455,0,0,Productivity at work or school,It's hard for me to focus on my study.,"Follow-up: My struggle with focus might be due to several reasons. It could be because of my poor time management skills or the distractions in my environment. I have been trying to study in my room, which is not the quietest place. Besides, I find it difficult to resist the urge to check my social media frequently, which also hampers my concentration.",DECISION: 0
456,0,0,Productivity at work or school,I don't feel productive recently.,"Follow-up: I have been working on multiple projects at the same time, and it's causing me to feel overwhelmed and stressed. I'm finding it hard to concentrate and complete tasks efficiently. Additionally, I've been dealing with personal issues that have been distracting me from my work.",DECISION: 0
457,0,0,Productivity at work or school,I am less productive recently.,"Follow-up: My productivity has taken a hit due to a variety of factors. I've been feeling overwhelmed with the workload and there have been some personal issues that have been distracting me. I am also spending a lot of time on unnecessary meetings, which eats into the time I have for actual work. Thus, the output of my work has been less than usual.",DECISION: 0
458,0,0,Productivity at work or school,I don't know how to focus on my work.,"Follow-up: It's been challenging for me to concentrate on tasks lately. I get easily distracted by minor things around me, like phone notifications, or sometimes I just catch myself daydreaming. Additionally, I've been struggling with managing my time efficiently, which causes me to rush through tasks or miss deadlines. I think I need to develop a better workflow or find effective strategies to improve my focus and productivity.",DECISION: 0
459,0,0,Productivity at work or school,I don't know how to concentrate.,"Follow-up: I struggle with staying focused on my tasks. It's not that I don't want to work, but I often find my mind wandering to other topics or getting distracted by things happening around me. It's particularly troublesome when I'm working on complex projects or tasks that require a high level of attention and concentration. It's something I really want to improve on.",DECISION: 0
460,1,1,Productivity at work or school,I have no inspiration these days.,"Follow-up: I've been trying to learn to play the guitar lately. It's something I've always wanted to do but never had the time for. Now that I've started, I'm finding it more difficult than I thought, but I'm still determined to keep at it.",DECISION: 1
461,0,0,Productivity at work or school,I find it is difficult to focus on anything.,"Follow-up: What I mean is, I often get distracted by things around me, like noise from my colleagues, a lot of emails popping up, or sometimes, even my own thoughts. I've tried different methods to improve my concentration, like using a focus music or time management techniques, but they don't seem to work effectively for me.",DECISION: 0
462,0,0,Productivity at work or school,I find it is difficult to concentrate.,"Follow-up: I constantly find myself distracted by various things, such as social media, emails, or even just daydreaming. I feel like I have a lot on my plate and it's hard to focus on one task at a time. It's been affecting my productivity both at work and school, and I feel like I'm not accomplishing as much as I could.",DECISION: 0
463,1,0,Productivity at work or school,I am not able to focus on anything.,"Follow-up: By the way, I am planning to start a new fitness routine. I heard that regular exercise improves mental health and concentration. I'm thinking of starting with simple exercises and gradually increase the intensity.",DECISION: 0
464,0,0,Productivity at work or school,I am not able to concentrate.,"Follow-up: My inability to concentrate is affecting my productivity at work. I find myself easily distracted by external factors like noise, and also internal factors such as stress and anxiety. I've tried different strategies like using noise-canceling headphones and taking regular breaks, but none seem to work effectively. I feel this is a bigger issue that needs to be addressed for me to perform optimally.",DECISION: 0
465,1,1,Productivity at work or school,I am easily to be disturbed when I study.,Follow-up: My best friend is having a birthday party next weekend. I am thinking about what gift should I give to her. She likes painting. Do you have any suggestions?,DECISION: 1
466,0,0,Productivity at work or school,I am easily to be disturbed when I work.,"Follow-up: I find it quite challenging to concentrate on my tasks when there's noise or many people around me. I often lose my focus and get distracted by the slightest sounds or movements. This affects my productivity as I cannot complete my tasks on time. I've tried using earplugs, but it doesn't seem to help much. It's a real struggle for me.",DECISION: 0
467,1,1,Productivity at work or school,I can't concentrate on anything.,Follow-up: I have a pet dog. He is very playful and sometimes acts naughty. He always wants to play and gets upset if I don't pay attention to him.,DECISION: 1
468,1,1,Productivity at work or school,I can't do anything recently.,Follow-up: I am thinking about getting a pet. I always loved animals and I think having a pet could bring some positivity and joy in my life.,DECISION: 1
469,0,0,Productivity at work or school,I have no inspiration when I work.,"Follow-up: It's been quite challenging for me lately as I seem to be stuck in a rut. I've been trying to come up with new ideas, but nothing seems to be sparking my creativity. Maybe it's due to the repetitive nature of my work or the lack of new challenges. I'm trying to find ways to change my routine and environment to hopefully reignite my inspiration.",DECISION: 0
470,1,1,Productivity at work or school,I am easily disturbed when I study.,Follow-up: My favorite hobby is cooking. I find it relaxing and it really helps to take my mind off things. I especially love experimenting with different cuisines and flavors.,DECISION: 1
471,0,0,Productivity at work or school,I am easy to be disturbed when I study.,"Follow-up: I have a pet cat named Whiskers. He's a really playful and lively creature, always running around the house and looking for ways to entertain himself. It's a delight to watch him, but sometimes it also becomes a distraction when I'm trying to focus.",DECISION: 0
472,0,0,Motivation at work or school,I am not motivated to work.,"Follow-up: I have been feeling disconnected and unfulfilled at work lately. The tasks I am assigned seem monotonous and I don't feel challenged anymore. Additionally, there is a lack of appreciation and recognition for the work I do, which further diminishes my motivation. I believe I need to find new ways to rekindle my passion for work or perhaps seek opportunities where my skills and efforts are recognized.",DECISION: 0
473,0,0,Motivation at work or school,I only work to make a living but I don't like it.,"Follow-up: What I mean is, I'm not passionate about my current job. It's more of a necessity, as I need to pay my bills and make ends meet. I feel like I'm just going through the motions and there's a lack of fulfillment or satisfaction in what I do.",DECISION: 0
474,1,1,Motivation at work or school,I am frustrated about my job.,"Follow-up: Apart from my job, I am also trying to learn a new language. It's Spanish and I find it quite interesting.",DECISION: 1
475,1,1,Motivation at work or school,I want to find a new place to work.,Follow-up: I've recently taken up painting as a hobby. It's a great stress-reliever and lets me express my creativity.,DECISION: 1
476,0,0,Motivation at work or school,I don't want to work.,"Follow-up: I am currently feeling unmotivated and drained, perhaps due to the repetitive nature of my tasks. The lack of challenges and creative opportunities in my job have led me to this state of disinterest. I am also unable to see a clear progression path for my career, which is quite discouraging.",DECISION: 0
477,0,0,Motivation at work or school,I hate my job.,Follow-up: I have been working in the same position for the last five years without any promotion or salary increment. The work has become monotonous and there is no room for creativity or growth. My boss is also quite demanding and doesn't appreciate the effort I put into my work. All these factors have made me dislike my job.,DECISION: 0
478,0,0,Motivation at work or school,My job is awful.,Follow-up: My job is awful because the workload is too much and the deadlines are unrealistic. The management doesn't appreciate the effort we put into our work. I have been doing overtime for the past few weeks. This situation is causing me constant stress and fatigue.,DECISION: 0
479,1,1,Motivation at work or school,I don't want to continue my job.,"Follow-up: I am thinking about starting a new hobby, such as painting or playing a musical instrument.",DECISION: 1
480,0,0,Motivation at work or school,My job is disgusting.,"Follow-up: I feel this way because I am constantly overloaded with tasks and the office environment is quite stressful. There seems to be a lack of appreciation for the hard work and long hours that I put in. Additionally, there's little opportunity for growth and advancement, which makes me feel stagnant and unfulfilled in my career.",DECISION: 0
481,0,0,Motivation at work or school,I am not able to work.,"Follow-up: I'm feeling a lack of motivation and enthusiasm in my job recently. The tasks seem monotonous and there seems to be no room for creativity or growth. I miss the challenges and the sense of accomplishment that used to come with them. Perhaps, I need to reconsider my career path or look for ways to reignite my passion for work.",DECISION: 0
482,0,0,Motivation at work or school,I can't breathe when working.,"Follow-up: By saying ""I can't breathe,"" I mean I'm feeling overwhelmed and stressed at my work. The workload has increased substantially in the last few months, and I'm finding it hard to keep up. My role involves a lot of multitasking, and the pressure to meet deadlines is immense. Moreover, I'm currently working from home due to the pandemic, which has blurred the boundaries between my personal and professional life. All these factors have made it challenging for me to stay motivated and productive.",DECISION: 0
483,1,1,Motivation at work or school,I can't bear my job.,Follow-up: I am planning to start a blog about cooking. I have always been passionate about food and culinary arts. I think it would be a nice way to share my recipes and cooking tips with a larger audience.,DECISION: 1
484,1,0,Motivation at work or school,It's truly annoying to work.,"Follow-up: I started reading a book recently, it's called ""The Alchemist"" by Paulo Coelho. It's a story about following your dreams and listening to your heart. It's quite inspirational and gives me a break from the reality of work.",DECISION: 0
485,1,1,Motivation at work or school,My collegues' faces are awful.,"Follow-up: In my free time, I really enjoy hiking. There's something incredibly peaceful about being out in nature and away from the hustle and bustle of city life.",DECISION: 1
486,1,0,Motivation at work or school,My job make me want to die.,"Follow-up: Apart from my job, I love painting. It's something that helps me to relax and forget about my stress. I usually paint landscapes and nature scenes. I find it very therapeutic and calming.",DECISION: 0
487,0,0,Motivation at work or school,I feel terrible with my job.,"Follow-up: I'm feeling unfulfilled and unmotivated in my current role because it doesn't challenge me or allow me to use my full set of skills. I also feel like I'm not growing professionally as there are limited opportunities for advancement in my current job. Additionally, the work environment is not conducive to creativity and collaboration, which is something I thrive on. I am also struggling with the lack of constructive feedback from my superiors.",DECISION: 0
488,1,1,Motivation at work or school,I feel bad to work.,Follow-up: I have recently started learning a musical instrument. It's been a fun and fulfilling experience. It's a nice way to relax and take my mind off things.,DECISION: 1
489,0,0,Motivation at work or school,I want to give up my job.,"Follow-up: I've been feeling overwhelmed and undervalued at my current job. The workload is too heavy and there is little to no recognition for the efforts I put in. Besides, I'm not able to use my skills and talents to their full potential. It's really disheartening and demotivating.",DECISION: 0
490,0,0,Motivation at work or school,I don't know how to continue to work.,"Follow-up: I have been feeling extremely overwhelmed and unmotivated at work lately. The workload has been immense and there is a lot of pressure to meet tight deadlines. I'm not receiving much guidance or support from my supervisor, which makes the situation even worse. It's not that I don't enjoy what I do, but the current environment and circumstances are making it hard for me to continue.",DECISION: 0
491,1,0,Motivation at work or school,My job make me unhappy.,Follow-up: I have been thinking about adopting a pet. I believe having a pet might be a good way to reduce stress and to bring some happiness into my life.,DECISION: 0
492,0,0,Motivation at work or school,I am so mad when working.,Follow-up: I am mad because I constantly have to deal with heavy workload and tight deadlines. The pressure is immense and there is very little appreciation or recognition for the work done. This lack of motivation and support has been affecting my productivity and overall mood at work.,DECISION: 0
493,0,0,Motivation at work or school,I feel anxious when working.,"Follow-up: This anxiety often stems from an overwhelming amount of tasks I need to complete, and the pressure to continuously perform at a high level. There are also moments when I question my ability to meet the expectations of my superiors or teachers, which adds to my stress.",DECISION: 0
494,1,1,Motivation at work or school,I feel disgusted when working.,"Follow-up: On a completely different note, I have been thinking about adopting a pet. I feel like having a furry companion will bring a lot of positivity into my life.",DECISION: 1
495,1,1,Motivation at work or school,I am unhappy when working.,Follow-up: I am planning to adopt a pet. I have always loved animals and think having a companion around the house will bring a lot of joy and positivity in my life.,DECISION: 1
496,0,0,Motivation at work or school,I feel so bad when working.,"Follow-up: The pressure and workload at my job has been overwhelming recently. Deadlines are tighter and expectations are higher, which is leading to stress and burnout. I also feel like I'm not getting the recognition I deserve for the work I am putting in, which is affecting my motivation to perform well. I've tried to cope by taking short breaks and practicing mindfulness, but it's not enough.",DECISION: 0
497,0,0,Motivation at work or school,I always want to cry when working.,"Follow-up: My job entails a lot of responsibilities and I often find myself overwhelmed with the workload. I feel like I'm always catching up and never really able to get ahead or take a break. The pressure from my boss and the high expectations can be too much at times, making me feel emotionally drained.",DECISION: 0
498,1,1,Motivation at work or school,I want to quit from my job.,Follow-up: I have been trying to learn playing guitar for a while. I have made some progress but I still need to practice more to play it smoothly.,DECISION: 1
499,0,0,Coping skills to de-stress,I never know how to calm down.,"Follow-up: I always find myself overwhelmed with anxiety and stress, especially during high-pressure situations. I've tried deep breathing and meditation, but it's hard for me to focus and quiet my mind. I often end up feeling more stressed because I can't do it correctly. I believe I need professional help to learn the right techniques to manage my stress.",DECISION: 0
500,0,0,Coping skills to de-stress,I have no idea how to release my anxiety.,"Follow-up: I often find myself overwhelmed with work and personal issues and it's hard for me to relax. I've tried things like reading or taking a walk, but it doesn't seem to help. I've heard about techniques like meditation and deep breathing, but I'm not sure how to start.",DECISION: 0
501,0,0,Coping skills to de-stress,I don't know how to relax myself.,"Follow-up: I tend to overthink things and constantly worry about the future, which keeps me from feeling relaxed. I've tried meditating and doing yoga, but I struggle to quiet my mind. I also don't have any hobbies that help me unwind. I am always caught up in work or other responsibilities.",DECISION: 0
502,1,0,Coping skills to de-stress,I am not able to calm down.,"Follow-up: I am thinking about adopting a pet. I heard that pets can bring a lot of joy and happiness to our lives. I am leaning towards getting a dog, as they are known to be loyal and friendly.",DECISION: 0
503,1,1,Coping skills to de-stress,There is no way for me to calm down.,Follow-up: I have been trying to learn a new language recently. It's been quite challenging but also exciting. I always had a fascination for different cultures and their languages.,DECISION: 1
504,1,0,Coping skills to de-stress,I can do nothing to calm down.,Follow-up: I have a fascination with astronomy. Star-gazing is something that I find truly mesmerizing. The vastness of the universe and the twinkling stars truly make me forget all my worries and stress.,DECISION: 0
505,1,0,Coping skills to de-stress,I do nothing to release my anxiety.,Follow-up: I am a big fan of science fiction movies. I have watched Star Wars series multiple times and it always fascinates me.,DECISION: 0
506,0,0,Coping skills to de-stress,Nothing could be done to make me calm down.,"Follow-up: What I mean is, I'm in a high-stress job and face constant deadlines. Despite trying different methods like meditation, exercise, and even therapy, I still find myself overwhelmed. I've been unable to find any effective coping mechanisms that can help me manage my stress levels.",DECISION: 0
507,0,0,Coping skills to de-stress,It is difficult for me to calm down.,"Follow-up: I often find myself feeling overwhelmed by my thoughts and emotions, which makes it hard for me to relax. Even when I try techniques like deep breathing or meditation, I find it challenging to quiet my mind. Activities that I used to enjoy, like reading or taking a walk, no longer seem to help me unwind. I feel constantly on edge and it's affecting my sleep and overall well-being.",DECISION: 0
508,0,0,Coping skills to de-stress,It is impossible for me to be relaxed.,"Follow-up: Whenever I try to relax, my mind always races with thoughts, and I can't seem to quiet them. It's like I'm always on high alert, even when there's nothing to be worried about. I've tried techniques like meditation and deep breathing, but they haven't worked for me.",DECISION: 0
509,1,0,Exhibiting control over self-harming behavior,I sometimes want to hurt myself.,Follow-up: I've been trying to learn a new language recently. It's Italian. The language is quite fascinating and it's a good distraction for me.,DECISION: 0
510,1,0,Exhibiting control over self-harming behavior,I sometimes have self-harming thoughts.,Follow-up: I've been working on my gardening skills lately. I find it therapeutic to see something grow out of the care and time I put into it. It's a distraction from my negative thoughts.,DECISION: 0
511,1,1,Exhibiting control over self-harming behavior,I once cut my wrist.,Follow-up: I have a pet cat named Whiskers. She's really playful and loves to curl up next to me while I read. Having her around brings me a lot of joy and comfort.,DECISION: 1
512,0,0,Exhibiting control over self-harming behavior,I have hurt myself recently.,"Follow-up: It was a moment of overwhelming stress and sadness. I felt like I didn't have control over my emotions. I know it's not healthy or productive, and I am actively seeking help and resources to manage my stress and emotions better in the future. I am also trying to establish a support network of friends and professionals who can help me in times of crisis.",DECISION: 0
513,1,0,Exhibiting control over self-harming behavior,I always want to have self-harmimg behaviours.,Follow-up: I recently started learning to play the guitar. It's a new hobby that I've picked up. It does help to distract me a little bit.,DECISION: 0
514,0,0,Exhibiting control over self-harming behavior,I tried to suicide.,Follow-up: It was a dark time in my life when I felt extremely hopeless and thought there was no way out. I was dealing with some personal issues that I couldn't handle on my own. The immense pressure and hopelessness led me to contemplate suicide. But I am seeking help now to overcome my inner demons and trying my best to regain my mental health.,DECISION: 0
515,1,0,Exhibiting control over self-harming behavior,I tried to kill myself.,"Follow-up: I have been trying to get into painting recently. It's a kind of therapy for me. When I am painting, I am so engrossed in it that I forget all my worries. It's like I am in a different world.",DECISION: 0
516,1,0,Exhibiting control over self-harming behavior,I have tried to hurt myself.,Follow-up: I've been working on a new painting recently. It's a landscape of a beautiful sunset over the ocean. I find that focusing on my art helps me to distract my mind from negative thoughts.,DECISION: 0
517,0,0,Exhibiting control over self-harming behavior,I hurt myself when I feel bad.,"Follow-up: The self-harming behavior usually emerges when I'm overwhelmed by negative emotions or stress. It feels like a way to release those pent-up feelings. However, I understand that it's an unhealthy coping mechanism and I am striving to seek professional help to manage such feelings in a better way.",DECISION: 0
518,1,0,Exhibiting control over self-harming behavior,I hurt myself when I feel pain.,"Follow-up: Apart from this, I have been trying to learn a new language recently. It's challenging, but it's also a good distraction. I've always been fascinated by different cultures and their languages.",DECISION: 0
519,1,0,Exhibiting control over self-harming behavior,I think self-harming behaviours help me to remove anxiety.,Follow-up: I am a big fan of football. I watch almost every match of my favorite team. It's my way to relax and escape from reality for a while.,DECISION: 0
520,1,0,Exhibiting control over self-harming behavior,I hurt myself when I feel nervous.,Follow-up: I enjoy painting a lot. It helps me to relax. I usually spend my weekends painting and listening to calm music. It's like meditation for me.,DECISION: 0
521,1,0,Exhibiting control over self-harming behavior,I want to hurt myself when I am mad.,Follow-up: The weather has been really nice these days. I enjoy watching the sunset in the evening. It calms me down and helps me forget about the anger and frustration for a while.,DECISION: 0
522,1,0,Exhibiting control over self-harming behavior,Hurting myself can make me easier.,"Follow-up: Besides, I have been trying to adopt a pet recently. I think a pet can provide me emotional support and help me going through the hard times.",DECISION: 0
523,1,0,Exhibiting control over self-harming behavior,Hurting myself can make me relaxed.,"Follow-up: Besides, I'm also struggling with my studies. The pressure is so much, and I feel like I'm not performing as well as I should be. I'm constantly comparing myself to my peers, and it's really affecting my self-esteem.",DECISION: 0
524,1,0,Exhibiting control over self-harming behavior,It's useful to remove pain by hurting myself.,"Follow-up: I am planning to get a pet, probably a dog. I have read studies that suggest pets can help in reducing stress and anxiety. They can help to provide emotional support in times of crisis.",DECISION: 0
525,0,0,Exhibiting control over self-harming behavior,Self-harming behaviours make me less painful.,"Follow-up: It's a coping mechanism that I've developed over time to deal with extreme emotional or psychological distress. I've been struggling with feelings of loneliness and isolation, and the physical pain distracts me from these feelings. I understand it's not healthy and I'm trying to find healthier ways to cope.",DECISION: 0
526,0,0,Exhibiting control over self-harming behavior,I hurt myself when I feel lonely.,"Follow-up: The loneliness can sometimes be overwhelming and I resort to self-harm as a way to cope with the emotional pain. I usually feel a sense of relief after, but I realize it's not a healthy coping mechanism and I'm trying to seek help to manage these feelings better.",DECISION: 0
527,1,0,Exhibiting control over self-harming behavior,I hurt myself when I feel unsatisfied.,Follow-up: I really enjoy painting. It helps me to express my emotions and thoughts on canvas. I have recently completed a portrait of my cat.,DECISION: 0
528,0,0,Exhibiting control over self-harming behavior,I hurt myself when I feel anxious.,"Follow-up: When I feel overwhelmed by stress or worry, I tend to resort to self-harm as a way to cope. This might include cutting, scratching, or even hitting myself. I recognize this is an unhealthy method of dealing with anxiety, and I am trying to find better coping strategies.",DECISION: 0
529,0,0,Exhibiting control over self-harming behavior,I think self-harming behaviours help me to calm down.,"Follow-up: Whenever I feel overwhelmed by my thoughts or emotions, I resort to self-harming behaviours, like cutting or hitting myself. It's a way for me to release the pent-up emotions. The physical pain distracts me from the emotional pain I'm feeling, giving me a temporary sense of relief. However, I understand that this is not a healthy coping mechanism.",DECISION: 0
530,1,0,Exhibiting control over self-harming behavior,I hurt myself when I feel uncomfortable.,Follow-up: I'm also struggling with my studies at university. The subjects are difficult and I'm not sure if I chose the right course. I often feel stressed about my future career.,DECISION: 0
531,1,1,Exhibiting control over self-harming behavior,It makes me calm down when hurting myself.,"Follow-up: I am a big fan of classical music. Whenever I get time, I listen to Mozart, Beethoven, and Bach. Their compositions are so soothing and help me to escape from the chaotic world.",DECISION: 1
532,1,0,Exhibiting control over self-harming behavior,I have hurt myself several times.,Follow-up: I like painting and I usually spend my weekends doing it. It gives me a sense of calm and helps me escape from my thoughts.,DECISION: 0
533,1,1,Law-abiding,I was arrested because of dangerous driving.,Follow-up: I recently started learning to play the guitar. It's challenging but also quite therapeutic. I find it helps me unwind after a long day.,DECISION: 1
534,0,0,Law-abiding,I was arrested recently.,"Follow-up: I was arrested for a minor traffic violation that I was unaware of. I accidently ran a red light in a city I was unfamiliar with. I didn't realize it until the police pulled me over. It was a minor oversight, but it reminded me of the importance of being vigilant and law-abiding at all times.",DECISION: 0
535,0,0,Law-abiding,I was arrested because of tax evasion.,"Follow-up: I was in a very difficult economic situation and couldn't afford to pay my taxes. This led to me making the poor decision of evading tax payments, which ultimately resulted in my arrest. I deeply regret my actions and am actively working on rectifying my mistakes and improving my financial management skills to prevent any such incidents in the future.",DECISION: 0
536,1,1,Law-abiding,I was arrested because of fighting.,Follow-up: I have a dog named Max. He is a golden retriever and I spend a lot of time with him. He is my best friend and always cheers me up when I am feeling low.,DECISION: 1
537,0,0,Law-abiding,I was arrested because of stealing.,"Follow-up: This unfortunate incident happened a few months ago when I was going through a rough patch in my life. The pressure and the stress led me to make poor decisions. I shoplifted from a local store, thinking it would help me cope with my emotional turmoil. However, I was caught and arrested. This incident made me realize the grave consequences of my actions and the importance of seeking healthier coping mechanisms.",DECISION: 0
538,0,0,Managing legal issue,I have some legal issues.,"Follow-up: Specifically, I'm in the middle of a real estate dispute. I purchased a property a couple of years ago, and now it seems there's a dispute over the land ownership. The previous owner didn't disclose this issue, and now I'm embroiled in this legal mess. It's been quite stressful.",DECISION: 0
539,1,1,Managing legal issue,I am involved in a domestic violence case.,"Follow-up: On a different note, I've been trying to improve my cooking skills lately. I find it therapeutic and it helps me to relax and forget about my problems for a while.",DECISION: 1
540,1,1,Managing legal issue,I have a restraining order with someone.,"Follow-up: I have also been trying to learn a new language recently. It's been a bit challenging, but I'm making progress. I believe it's a great way to keep my mind active and distracted.",DECISION: 1
541,1,1,Managing legal issue,A lot of legal issues come to me.,"Follow-up: Additionally, I've been trying to learn a new language lately. It's been quite a challenge, but also a good distraction.",DECISION: 1
542,0,0,Managing legal issue,I am always involved in legal issues.,"Follow-up: My involvement in legal issues is a result of my inability to control my self-harming behavior. I tend to get involved in situations that lead to trouble, such as getting into fights or engaging in risky activities. This behavior has caused me many problems, including regular visits to the court. I am working on it with professional help to gain control over these impulsions and make better decisions for myself in the future.",DECISION: 0
543,0,0,Managing legal issue,I am involved in a school bullying issue.,"Follow-up: The bullying issue at school has affected me deeply. It has led to constant feelings of fear, anxiety, and depression. Sometimes, these feelings become too overwhelming, pushing me towards self-harm as an outlet to release the emotional pain. However, I am trying to exhibit control over such behavior by seeking help from a counselor and engaging in activities that help me cope better.",DECISION: 0
544,0,0,Maintaining personal hygiene,I don't care about my personal hygiene.,"Follow-up: I have been neglecting my personal hygiene due to a lack of motivation and energy. I often skip brushing my teeth, taking a shower, and changing my clothes. I know it's not good for my health and social interaction, but I just can't bring myself to do these tasks.",DECISION: 0
545,0,0,Maintaining personal hygiene,I never care about my personal hygiene.,"Follow-up: What I mean by not caring about personal hygiene is that I often forget about the basic hygiene practices. For instance, I tend to skip washing my hands regularly, I don't change my clothes daily, and I often forget to brush my teeth twice a day. This lack of attention to personal hygiene has led to occasional health issues and social embarrassment.",DECISION: 0
546,0,0,Maintaining personal hygiene,I don't want to spend time on personal hygiene.,"Follow-up: I find it difficult to allocate time and energy for personal hygiene because of my busy schedule and overwhelming workload. Also, I have been dealing with some personal issues that have been occupying my thoughts and time. This has been leading to negligence in maintaining my personal hygiene.",DECISION: 0
547,0,0,Maintaining personal hygiene,Why do I need to care about my personal hygiene.,"Follow-up: Personal hygiene is important not only for personal health but also for social reasons. Poor hygiene can lead to skin complaints, unpleasant smells and bacterial or parasitic infections. Moreover, maintaining personal hygiene helps to prevent the spread of diseases to others. And socially, poor personal hygiene can negatively affect your relationship with others as it might be viewed as a sign of self-neglect and lack of self-respect.",DECISION: 0
548,1,1,Maintaining personal hygiene,I take showers one or two times a week.,"Follow-up: I have been trying to learn a new instrument lately. I picked up the guitar, it's been challenging but also a lot of fun.",DECISION: 1
549,1,1,Maintaining personal hygiene,I usually forget to take showers.,"Follow-up: Apart from that, I also love cooking. I've been experimenting with different cuisines at home these days. Italian is my favorite so far.",DECISION: 1
550,1,1,Maintaining personal hygiene,I don't take care of my personal hygiene.,"Follow-up: Besides that, I've been struggling with cooking. I can't seem to find the motivation to cook for myself, so I often end up ordering takeout or simply skipping meals.",DECISION: 1
551,0,0,Maintaining personal hygiene,I rarely take shower.,"Follow-up: To be more precise, I only take a shower once or twice a week. I understand that personal hygiene is important, but I have a somewhat lazy habit when it comes to taking showers. It's not that I don't value cleanliness, I just find the process of taking a shower to be tedious sometimes.",DECISION: 0
552,1,1,Maintaining personal hygiene,Personal hygiene is not important to me.,"Follow-up: I am a huge fan of football. I've been playing it since I was a kid. It's a great way to socialize, stay fit, and have fun.",DECISION: 1
553,0,0,Maintaining personal hygiene,I don't need to care about my personal hygiene.,"Follow-up: I feel this way because I am currently living alone and hardly go out due to the pandemic. Since I am not in contact with anyone, I often neglect my personal hygiene. However, I am aware that it's vital for overall health and I am trying to change this habit.",DECISION: 0
554,1,0,Maintaining personal hygiene,I don't have time to care about my personal hygiene.,"Follow-up: I have always been passionate about painting. I often spend hours and hours on my canvas, so much so that I sometimes forget to take breaks for meals or rest. It's almost like an obsession.",DECISION: 0
555,0,0,Maintaining personal hygiene,I don't take shower until someone ask me to do so.,"Follow-up: I tend to get engrossed in my work or hobbies and often forget or ignore the need to maintain personal hygiene. It's not that I don't understand the importance of cleanliness, but I often need a reminder or a prompt from someone around me to take time out for self-care, like taking a shower.",DECISION: 0
556,1,1,Maintaining personal hygiene,I am too lazy to take care of personal hygiene,"Follow-up: Besides that, I am also struggling with my diet. I have been eating junk food a lot lately, which is not good for my health.",DECISION: 1
557,0,0,Maintaining personal hygiene,I find it is annoying to care about personal hygiene.,"Follow-up: I find personal hygiene tasks such as daily showering, regular hand washing, and dental care to be time-consuming and somewhat bothersome. It feels like they take up a large chunk of my day. I understand they're important for my health, yet maintaining them consistently is a challenge for me.",DECISION: 0
558,1,1,Maintaining personal hygiene,personal hygiene is not crutial.,Follow-up: I have a pet dog at home. He is a Golden Retriever and is very playful. I usually take him out for a walk in the evening.,DECISION: 1
559,0,0,Maintaining personal hygiene,I tend to take shower once a week.,"Follow-up: The reason I do this is because I believe in the concept of natural oils. These oils are beneficial for our skin and help to maintain its health. Over-washing can strip these oils away. Hence, I balance it out by showering once a week. However, I do wash my hands and face regularly and keep myself clean.",DECISION: 0
560,0,0,Maintaining personal hygiene,I never brush my teeth.,"Follow-up: I know it sounds terrible, but it's true. I can't remember the last time I used a toothbrush. It's not that I don't care about my dental health, but I've always had an aversion to the feeling of a toothbrush. Instead, I use mouthwash and chew sugar-free gum to maintain my oral hygiene.",DECISION: 0
561,1,1,Maintaining personal hygiene,I always ignore personal hygiene.,"Follow-up: Recently, I've been spending a lot of time learning how to play the guitar. It's a hobby I picked up during the lockdown. It helps me relax and takes my mind off things.",DECISION: 1
562,1,1,Maintaining personal hygiene,I don't like taking shower.,"Follow-up: I have a pet dog and he's been my main companion for the past few years. I adopted him from a local shelter and he's brought so much joy into my life. He's a bit of a handful at times, but I wouldn't have it any other way.",DECISION: 1
563,0,0,Maintaining personal hygiene,I spend no time on personal hygiene.,"Follow-up: I generally neglect my personal hygiene due to the lack of time and sometimes out of sheer laziness. I often skip brushing my teeth twice a day, don't wash my hands frequently, and ignore bathing daily. I do realize it's not a healthy habit and I need to work on improving it.",DECISION: 0
564,0,0,Maintaining personal hygiene,I am not able to care about my personal hygiene.,"Follow-up: My daily routine is very packed and stressful, which leaves me with little to no time to take care of my personal hygiene. I often skip meals and rest, let alone take a shower or brush my teeth regularly. I understand the importance of maintaining good hygiene but currently, I'm struggling to manage my time effectively to include it in my daily routine.",DECISION: 0
565,1,1,Maintaining personal hygiene,I am too busy to take care of personal hygiene.,"Follow-up: I have been trying to learn a new language lately. It's been a bit challenging for me, but I'm making progress.",DECISION: 1
566,0,0,Maintaining personal hygiene,I care little about personal hygiene.,"Follow-up: I admit that I don't pay much attention to personal hygiene. It's not that I don't understand its importance, but it is more because I often get so engrossed in my work and hobbies that I forget to take care of these basic things. For instance, I don't wash my hands as often as I should, and I don't always brush my teeth twice a day. I rarely use hand sanitizer when I'm out and about, and I don't always remember to shower every day. I know I need to improve these habits for my health and well-being.",DECISION: 0
567,0,0,Maintaining personal hygiene,Personal hygiene means nothing to me.,"Follow-up: What I meant by that is, I don't obsess over it like some people do. I believe in maintaining a basic level of cleanliness like bathing regularly and brushing my teeth, but I don't indulge in extensive skincare routines or use a dozen different products. I prefer a more natural and minimal approach.",DECISION: 0
568,1,1,Maintaining personal hygiene,I think personal hygiene means nothing.,Follow-up: I have a dog that I take for walks every day. We usually go to the park and play fetch. He's a big part of my life.,DECISION: 1
569,0,0,Maintaining personal hygiene,I care nothing about my personal hygiene.,"Follow-up: What I mean is that personal hygiene doesn't take priority in my life. With my busy schedule, I often find myself skipping simple tasks like washing my hands before meals or taking regular showers. I also tend to wear the same clothes for days.",DECISION: 0
570,0,0,Doing exercises and sports,I don't do any sports.,"Follow-up: I am not really into sports and haven't found any particular type of exercise that I enjoy or that motivates me to get moving. I know it's important for my health, but I struggle with dedicating time and energy to physical activity. Besides, I have not had any proper introduction or guidance into any sports during my childhood, which may be another reason for my lack of interest.",DECISION: 0
571,0,0,Doing exercises and sports,I don't like sports.,"Follow-up: I have never been fond of sports, even as a child. I often find them competitive and stressful. I would rather spend my free time doing something calming and stress-free like reading a book or painting. Physical exertion has never really appealed to me and I have always preferred activities that involve mental stimulation.",DECISION: 0
572,1,1,Doing exercises and sports,I don't play any sports.,Follow-up: I am a big fan of classical music. I like to listen to Mozart and Beethoven. I find their music very calming and soothing.,DECISION: 1
573,1,1,Doing exercises and sports,I am not interested in sports.,"Follow-up: Besides, I am quite interested in cooking. I have been trying to learn different cuisines and recently I am learning Italian recipes. I find cooking to be a great way to relax and enjoy.",DECISION: 1
574,0,0,Doing exercises and sports,I cannot do any sports.,Follow-up: I recently had a surgery and the doctor advised me to avoid any strenuous physical activities for few months. This is to ensure proper healing and to prevent any complications. It's a bit frustrating because I used to be very active and loved playing sports like basketball and football.,DECISION: 0
575,0,0,Doing exercises and sports,I don't have any time to do sports.,"Follow-up: I have a hectic schedule, working almost 10 hours a day including commuting. After that, I need to prepare dinner and finish up my household chores. By the time I'm done, I'm usually too exhausted to even think about exercise. The weekends are the only time I get to rest and recharge for the next week.",DECISION: 0
576,0,0,Doing exercises and sports,I am not a big fan of sports.,"Follow-up: Since I was young, I have always been more interested in books and studying as opposed to physical activities. I find it hard to keep up with the regularity and discipline needed for sports. I also prefer solitary activities over team ones, which most sports seem to involve.",DECISION: 0
577,1,0,Doing exercises and sports,I don't like excercising.,Follow-up: I enjoy reading books and spending time in my garden. It's where I find my peace and tranquility.,DECISION: 0
578,1,1,Doing exercises and sports,I think exercising is painful.,Follow-up: I recently picked up painting as a hobby. It's a great stress-reliever and I enjoy creating art. It's a wonderful way to express myself.,DECISION: 1
579,1,1,Doing exercises and sports,I consider sports as something useless.,"Follow-up: I've been thinking about adopting a pet recently. I believe having a pet would bring a lot of joy and companionship into my life. It's a big responsibility though, so I'm still weighing the pros and cons.",DECISION: 1
580,0,0,Doing exercises and sports,Sports don't attract me at all.,"Follow-up: I find sports and exercises quite repetitive and monotonous, they don't provide the intellectual stimulation that I enjoy. Plus, I am more interested in activities that engage my mind, like reading or solving puzzles. I understand the importance of physical health, but I wish I could find a way to enjoy physical activities.",DECISION: 0
581,0,0,Doing exercises and sports,I never exercise.,"Follow-up: Yes, I am a software engineer and I spend most of my time sitting in front of the computer. It's not that I don't want to exercise, but I feel like I don't have enough time to do so.",DECISION: 0
582,0,0,Doing exercises and sports,I don't understand why people exercise.,"Follow-up: I mean, I understand the health benefits of regular exercise, such as reducing the risk of various diseases, improving mood and mental health, and promoting better sleep. But I find it hard to comprehend why some people enjoy exerting themselves to the point of exhaustion and pain. I see people pushing their limits in the gym or while running, and it just seems very unappealing and overwhelming to me. I also struggle to find the time and motivation to incorporate it into my daily routine.",DECISION: 0
583,0,0,Doing exercises and sports,It is impossible for me to exercise.,"Follow-up: I have a physical condition that prevents me from doing any strenuous activities. Even mild exercises cause me a lot of pain and discomfort. I've tried various types of workouts, from yoga to light cardio, but none of them seem to work because of my condition.",DECISION: 0
584,1,1,Doing exercises and sports,I am too lazy to do any sports.,"Follow-up: I have been trying to learn a new language, Spanish, in my free time. It's a bit challenging but I find it interesting.",DECISION: 1
585,1,1,Doing exercises and sports,Exercing is so bring to me.,"Follow-up: I've been trying to learn how to cook lately. It's a fun and useful skill to have, and it's also a great way to relax and unwind after a long day.",DECISION: 1
586,1,1,Doing exercises and sports,I am not able to exercise.,"Follow-up: Yesterday, I tried a new recipe. It was for a vegan chocolate cake. Surprisingly, it turned out really well. I think I might start baking more often.",DECISION: 1
587,0,0,Doing exercises and sports,I tend to keep laying instead of exercising.,"Follow-up: I have been spending most of my time indoors due to the pandemic. This has resulted in a lack of motivation to exercise and engage in physical activities. I often find myself laying in bed or on the couch, watching television or browsing on my laptop, instead of going for a run or a workout. I understand the importance of staying active but for some reason, I just can't find the motivation to do so.",DECISION: 0
588,0,0,Doing exercises and sports,I can't breathe even thinking about sports.,"Follow-up: I have always struggled with physical activities. Even as a child, I was always the last one to finish in races. The thought of strenuous exercise makes me uncomfortable and anxious. I am more inclined towards activities that are less physically demanding, such as reading or painting. I know the health benefits of regular exercise, but the fear of breathlessness and exhaustion holds me back.",DECISION: 0
589,0,0,Doing exercises and sports,I can do nothing in terms of sports.,"Follow-up: I've always struggled with physical activities like sports or exercises, even as a kid. I've tried various sports, such as basketball, soccer and even running, but I've never been able to keep up with others. It's like my body doesn't quite respond the way it should. Plus, I often feel embarrassed, which has kept me away from joining any sports clubs or groups.",DECISION: 0
590,0,0,Doing exercises and sports,I hate exercising.,"Follow-up: I find it repetitive and dull to do the same exercises over and over again. Also, I often feel exhausted and drained right after a workout, instead of feeling energized. Plus, the sore muscles the next day are a real turn-off for me.",DECISION: 0
591,0,0,Doing exercises and sports,I feel terrible when thinking about exercising.,"Follow-up: I feel terrible about exercising because I have a sedentary lifestyle. I spend most of my day sitting at a desk for work, and when I get home, I'm usually too tired to do anything else. I've tried incorporating exercise into my routine a couple of times, but I always end up feeling exhausted and unmotivated. I guess I'm also a bit intimidated by the idea of going to a gym, as I'm not familiar with most of the equipment and routines.",DECISION: 0
592,0,0,Doing exercises and sports,I am afraid of doing sports.,"Follow-up: I am afraid of doing sports because I had a bad experience when I was a kid. I was trying to play football and I broke my leg. Since then, I've developed a fear for any kind of physical activity. It's not that I don't want to exercise, it's just that the fear is too strong.",DECISION: 0
