idx,y_true,y_pred,dimension_label,response,raw,dim_pred
0,0,0,1_weight,There's no change with my weight.,"1_weight, 0",1_weight
1,0,0,1_weight,My weight is same as before.,"1_weight, 0",1_weight
2,0,0,1_weight,My weight stays the same.,"1_weight, 0",1_weight
3,0,0,1_weight,My weight hasn't changed much.,"1_weight, 0",1_weight
4,0,0,1_weight,My weight doesn't change much.,"1_weight, 0",1_weight
5,0,0,1_weight,My weight hasn't flutuated much.,"1_weight, 0",1_weight
6,0,0,1_weight,My weight doesn't fluctuate much.,"1_weight, 0",1_weight
7,0,0,1_weight,My weight is stable these days.,"1_weight, 0",1_weight
8,0,0,1_weight,My weight has been pretty stable.,"1_weight, 0",1_weight
9,0,0,1_weight,No noticeable changes in my weight.,"1_weight, 0",1_weight
10,0,0,1_weight,My weight has remained consistent.,"1_weight, 0",1_weight
11,0,0,1_weight,I don't think my weight has changed recently.,"1_weight, 0",1_weight
12,0,0,1_weight,My weight has been steady for a while.,"1_weight, 0",1_weight
13,0,0,1_weight,I feel like my weight is about the same as usual.,"1_weight, 0",1_weight
14,0,0,1_weight,No major weight fluctuations for me.,"1_weight, 0",1_weight
15,0,0,1_weight,I haven't noticed any difference in my weight.,"1_weight, 0",1_weight
16,0,0,1_weight,I maintain my weight well.,"1_weight, 0",1_weight
17,0,0,1_weight,My weight is still within my usual range.,"1_weight, 0",1_weight
18,0,0,1_weight,I don't feel heavier or lighter than before.,"1_weight, 0",1_weight
19,0,0,1_weight,"No concerns with my weight, it's pretty stable.","1_weight, 0",1_weight
20,0,0,1_weight,I haven't lost or gained weight recently.,"1_weight, 0",1_weight
21,0,0,1_weight,Everything seems normal with my weight.,"1_weight, 0",1_weight
22,1,1,1_weight,I gain some weight recently.,"1_weight, 1",1_weight
23,1,1,1_weight,I am getting fatter these days.,"1_weight, 1",1_weight
24,1,1,1_weight,I lost some weight these days.,"1_weight, 1",1_weight
25,1,1,1_weight,I lost some weight recently.,"1_weight, 1",1_weight
26,1,1,1_weight,I get some weight these days.,"1_weight, 1",1_weight
27,1,1,1_weight,I am on diet to lose weight.,"1_weight, 1",1_weight
28,1,1,1_weight,I got a little bit weight these days.,"1_weight, 1",1_weight
29,1,1,1_weight,I gain a little bit weight these days.,"1_weight, 1",1_weight
30,1,1,1_weight,I loss a little bit weight these days.,"1_weight, 1",1_weight
31,1,1,1_weight,My weight has increased a little bit.,"1_weight, 1",1_weight
32,1,1,1_weight,I've gained a few pounds recently.,"1_weight, 1",1_weight
33,1,1,1_weight,"My weight is slightly up, but nothing drastic.","1_weight, 1",1_weight
34,1,1,1_weight,I think I've put on a little weight.,"1_weight, 1",1_weight
35,1,1,1_weight,"I've lost a few pounds, but it's not a big concern.","1_weight, 1",1_weight
36,1,1,1_weight,I feel a little heavier than before.,"1_weight, 1",1_weight
37,1,1,1_weight,I think my weight is fluctuating a bit.,"1_weight, 1",1_weight
38,1,1,1_weight,My clothes are fitting a bit tighter than usual.,"1_weight, 1",1_weight
39,1,1,1_weight,I noticed some minor weight gain recently.,"1_weight, 1",1_weight
40,1,1,1_weight,"I've been losing a little weight, but I'm not too worried.","1_weight, 1",1_weight
41,1,1,1_weight,"I've been eating more than usual, so I think I gained some weight.","1_weight, 1",1_weight
42,1,1,1_weight,"I've been dieting, and I lost a little weight.","1_weight, 1",1_weight
43,1,1,1_weight,My weight is slightly lower than before.,"1_weight, 1",1_weight
44,1,1,1_weight,"I think my weight is shifting a little, but not too much.","1_weight, 1",1_weight
45,1,1,1_weight,"I’ve noticed some small changes in my weight, but nothing alarming.","1_weight, 1",1_weight
46,2,2,1_weight,I didn't measure my weight recently.,"1_weight, 2",1_weight
47,2,2,1_weight,My weight has increased a lot these days.,"1_weight, 2",1_weight
48,2,2,1_weight,My weight has been going up a lot recently.,"1_weight, 2",1_weight
49,2,2,1_weight,I get significantly amount of weight these days.,"1_weight, 2",1_weight
50,2,2,1_weight,My weight has decreased a lot these days.,"1_weight, 2",1_weight
51,2,2,1_weight,My weight has been going down a lot recently.,"1_weight, 2",1_weight
52,2,2,1_weight,I lost a lot of weight these days.,"1_weight, 2",1_weight
53,2,2,1_weight,"I've been losing weight rapidly, and I don’t know why.","1_weight, 2",1_weight
54,2,2,1_weight,"I’ve gained a significant amount of weight, and I’m concerned.","1_weight, 2",1_weight
55,2,2,1_weight,My weight has been fluctuating a lot in a short period.,"1_weight, 2",1_weight
56,2,2,1_weight,"I lost a lot of weight without trying, and it's worrying me.","1_weight, 2",1_weight
57,2,2,1_weight,I can't seem to stop gaining weight no matter what I do.,"1_weight, 2",1_weight
58,2,2,1_weight,"My weight keeps dropping, and I feel weaker.","1_weight, 2",1_weight
59,2,2,1_weight,I've gained an unhealthy amount of weight recently.,"1_weight, 2",1_weight
60,2,2,1_weight,I feel like my weight is out of control.,"1_weight, 2",1_weight
61,2,2,1_weight,I lost so much weight that my clothes don’t fit anymore.,"1_weight, 2",1_weight
62,2,2,1_weight,"I have no appetite, and I’ve been losing weight quickly.","1_weight, 2",1_weight
63,2,2,1_weight,My weight gain is affecting my daily activities.,"1_weight, 2",1_weight
64,2,1,1_weight,"I’ve been trying to manage my weight, but nothing is working.","1_weight, 1",1_weight
65,2,2,1_weight,I feel like I’ve put on too much weight too fast.,"1_weight, 2",1_weight
66,2,2,1_weight,My sudden weight change is starting to affect my health.,"1_weight, 2",1_weight
67,2,2,1_weight,"I can't control my weight changes, and it’s becoming a serious issue.","1_weight, 2",1_weight
68,2,2,1_weight,"My weight has changed drastically, and I don’t know why.","1_weight, 2",1_weight
69,2,2,1_weight,I've been gaining a lot of weight even though my diet hasn't changed.,"1_weight, 2",1_weight
70,2,2,1_weight,"I’ve been losing weight rapidly, and it’s making me feel unwell.","1_weight, 2",1_weight
71,2,2,1_weight,I recently enjoy having fried chicken so much so I gained too much weight that I don't want.,"1_weight, 2",1_weight
72,0,1,2_mood,"I feel okay today. I'm a little anxious because I have a lot of things to do, but overall I'm feeling okay.","2_mood, 1",2_mood
73,0,0,2_mood,I am doing alright.,"2_mood, 0",2_mood
74,0,0,2_mood,My mood has been good.,"2_mood, 0",2_mood
75,0,0,2_mood,My mood doesn't swing too much.,"2_mood, 0",2_mood
76,0,0,2_mood,My don't have any mood swing.,"2_mood, 0",2_mood
77,0,0,2_mood,I am doing fine.,"2_mood, 0",2_mood
78,0,0,2_mood,I am doing great.,"2_mood, 0",2_mood
79,0,0,2_mood,My mood is okay.,"2_mood, 0",2_mood
80,0,0,2_mood,My mood is fine.,"2_mood, 0",2_mood
81,0,0,2_mood,So far so good.,"Yes, 0","NA, 99"
82,0,0,2_mood,I am doing well.,"2_mood, 0",2_mood
83,0,0,2_mood,Not bad.,"2_mood, 0",2_mood
84,0,0,2_mood,Not too bad.,"2_mood, 0",2_mood
85,0,0,2_mood,I feel good.,"2_mood, 0",2_mood
86,0,0,2_mood,I feel great.,"2_mood, 0",2_mood
87,0,0,2_mood,I feel excellent.,"2_mood, 0",2_mood
88,0,0,2_mood,I feel peaceful.,"2_mood, 0",2_mood
89,0,0,2_mood,I can easily manage my mood.,"2_mood, 0",2_mood
90,0,0,2_mood,My emotions are stable.,"2_mood, 0",2_mood
91,0,0,2_mood,I feel relaxed and content.,"2_mood, 0",2_mood
92,0,0,2_mood,I’m in a good mood today.,"2_mood, 0",2_mood
93,0,0,2_mood,"No mood issues, I feel stable.","2_mood, 0",2_mood
94,0,0,2_mood,I don’t have any emotional distress.,"2_mood, 0",2_mood
95,0,0,2_mood,Everything seems fine emotionally.,"2_mood, 0",2_mood
96,0,0,2_mood,I feel emotionally balanced.,"2_mood, 0",2_mood
97,0,0,2_mood,No major mood changes for me.,"2_mood, 0",2_mood
98,0,0,2_mood,I'm feeling cheerful.,"2_mood, 0",2_mood
99,0,0,2_mood,I feel emotionally strong.,"2_mood, 0",2_mood
100,0,0,2_mood,I feel happy most of the time.,"2_mood, 0",2_mood
101,0,0,2_mood,I have a stable mood throughout the day.,"2_mood, 0",2_mood
102,0,0,2_mood,I don’t feel stressed or anxious.,"2_mood, 0",2_mood
103,0,0,2_mood,I’ve been feeling optimistic.,"2_mood, 0",2_mood
104,0,0,2_mood,I'm feeling energetic and upbeat.,"2_mood, 0",2_mood
105,0,0,2_mood,I feel emotionally in control.,"2_mood, 0",2_mood
106,0,0,2_mood,My emotions are manageable.,"2_mood, 0",2_mood
107,0,0,2_mood,I haven’t had any mood swings recently.,"2_mood, 0",2_mood
108,0,0,2_mood,I feel emotionally well.,"2_mood, 0",2_mood
109,0,0,2_mood,I have a positive outlook.,"2_mood, 0",2_mood
110,0,0,2_mood,I feel hopeful about things.,"2_mood, 0",2_mood
111,0,0,2_mood,I'm maintaining a good mental state.,"2_mood, 0",2_mood
112,0,0,2_mood,I'm emotionally resilient.,"32_coping, 0",32_coping
113,0,0,2_mood,I feel lighthearted.,"2_mood, 0",2_mood
114,0,0,2_mood,I'm feeling emotionally steady.,"2_mood, 0",2_mood
115,0,0,2_mood,I feel like my usual self.,"2_mood, 0",2_mood
116,0,0,2_mood,I feel at peace with everything.,"2_mood, 0",2_mood
117,0,0,2_mood,I’m content with how things are.,"2_mood, 0",2_mood
118,0,0,2_mood,I don’t feel overwhelmed.,"2_mood, 0",2_mood
119,0,0,2_mood,I feel emotionally refreshed.,"2_mood, 0",2_mood
120,0,0,2_mood,My mind is at ease.,"2_mood, 0",2_mood
121,0,0,2_mood,I’m in a calm and relaxed mood.,"2_mood, 0",2_mood
122,0,0,2_mood,I feel stable emotionally and mentally.,"2_mood, 0",2_mood
123,0,0,2_mood,"No big mood shifts, I feel good.","2_mood, 0",2_mood
124,0,0,2_mood,"I had a great weekend, and I’m feeling really refreshed!","2_mood, 0",2_mood
125,0,0,2_mood,"Things have been going well, and I’ve been feeling happy and content.","2_mood, 0",2_mood
126,0,0,2_mood,"I feel at peace with where I am right now, no major worries on my mind.","2_mood, 0",2_mood
127,0,0,2_mood,"I’ve been making time for things I enjoy, and it’s helping me stay in a good mood.","23_leisure, 0",23_leisure
128,1,1,2_mood,I have mood swings.,"2_mood, 1",2_mood
129,1,1,2_mood,I am stressed out.,"2_mood, 1",2_mood
130,1,1,2_mood,I am frustrated.,"2_mood, 1",2_mood
131,1,1,2_mood,I feel dejected.,"2_mood, 1",2_mood
132,1,1,2_mood,I feel frustrated.,"2_mood, 1",2_mood
133,1,0,2_mood,I don't have anything to tell about my mood.,"2_mood, 0",2_mood
134,1,1,2_mood,My mood doesn't go well.,"2_mood, 1",2_mood
135,1,1,2_mood,I feel homesick.,"2_mood, 1",2_mood
136,1,1,2_mood,I am not doing well.,"2_mood, 1",2_mood
137,1,1,2_mood,I am just upset.,"2_mood, 1",2_mood
138,1,1,2_mood,I am a little bit upset these days.,"2_mood, 1",2_mood
139,1,1,2_mood,I am sad.,"2_mood, 1",2_mood
140,1,1,2_mood,I am anxious.,"2_mood, 1",2_mood
141,1,1,2_mood,I am a little bit angst.,"2_mood, 1",2_mood
142,1,1,2_mood,I feel anxious.,"2_mood, 1",2_mood
143,1,1,2_mood,I experience mood swings.,"2_mood, 1",2_mood
144,1,1,2_mood,I feel dispirited.,"2_mood, 1",2_mood
145,1,1,2_mood,I feel depressed.,"2_mood, 1",2_mood
146,1,1,2_mood,I am bad-tempered.,"2_mood, 1",2_mood
147,1,1,2_mood,I am unhappy.,"2_mood, 1",2_mood
148,1,1,2_mood,I'm feeling a little unstable.,"2_mood, 1",2_mood
149,1,1,2_mood,I feel a little off today.,"2_mood, 1",2_mood
150,1,1,2_mood,I've been feeling a bit low.,"2_mood, 1",2_mood
151,1,1,2_mood,I'm having some minor mood swings.,"2_mood, 1",2_mood
152,1,1,2_mood,"Some days I feel down, but it's manageable.","2_mood, 1",2_mood
153,1,1,2_mood,I feel a bit irritable lately.,"2_mood, 1",2_mood
154,1,1,2_mood,I get sad occasionally.,"2_mood, 1",2_mood
155,1,1,2_mood,My emotions are a little unpredictable.,"2_mood, 1",2_mood
156,1,1,2_mood,I’ve been feeling somewhat anxious.,"2_mood, 1",2_mood
157,1,1,2_mood,I have some mood fluctuations.,"2_mood, 1",2_mood
158,1,1,2_mood,I’m feeling slightly overwhelmed.,"2_mood, 1",2_mood
159,1,1,2_mood,I get stressed easily these days.,"2_mood, 1",2_mood
160,1,1,2_mood,I have minor mood swings now and then.,"2_mood, 1",2_mood
161,1,1,2_mood,I'm dealing with some emotional stress.,"2_mood, 1",2_mood
162,1,1,2_mood,I have been feeling slightly uneasy.,"2_mood, 1",2_mood
163,1,1,2_mood,"I get emotional sometimes, but it's not extreme.","2_mood, 1",2_mood
164,1,1,2_mood,I've had some moments of sadness.,"2_mood, 1",2_mood
165,1,1,2_mood,I occasionally feel down without a reason.,"2_mood, 1",2_mood
166,1,1,2_mood,I've been feeling a little off-balance emotionally.,"2_mood, 1",2_mood
167,1,1,2_mood,I have some trouble managing stress.,"32_coping, 1",32_coping
168,1,1,2_mood,My mood is slightly unstable.,"2_mood, 1",2_mood
169,1,1,2_mood,"I sometimes feel lonely, but it’s not too bad.","26_support_social, 1",26_support_social
170,1,1,2_mood,I’ve been feeling unmotivated.,"31_motivation, 1",31_Motivation
171,1,1,2_mood,I'm a little on edge.,"2_mood, 1",2_mood
172,1,1,2_mood,I have small emotional ups and downs.,"2_mood, 1",2_mood
173,1,1,2_mood,I feel like I need a break emotionally.,"2_mood, 1",2_mood
174,1,1,2_mood,I feel mentally drained but not overwhelmed.,"2_mood, 1",2_mood
175,1,1,2_mood,I'm experiencing some tension.,"2_mood, 1",2_mood
176,1,1,2_mood,My mood has been fluctuating mildly.,"2_mood, 1",2_mood
177,1,1,2_mood,I’m slightly more irritable than usual.,"2_mood, 1",2_mood
178,1,1,2_mood,I’ve been feeling a little restless.,"2_mood, 1",2_mood
179,1,1,2_mood,"I’m managing my emotions, but it takes effort.","2_mood, 1",2_mood
180,1,1,2_mood,"I’ve been feeling a bit off, but I’m trying to stay positive and push through it.","2_mood, 1",2_mood
181,1,1,2_mood,"Work has been stressful lately, and I find myself feeling more irritable than usual.","2_mood, 1",2_mood
182,1,1,2_mood,"I have moments where I feel down, but I try to distract myself with hobbies.","2_mood, 1",2_mood
183,1,1,2_mood,"I feel like I’m on an emotional rollercoaster, some good days, some not so great.","2_mood, 1",2_mood
184,1,1,2_mood,"I’ve been feeling a little lonely lately, but I’m managing the best I can.","26_support_social, 1",26_support_social
185,2,2,2_mood,I am anxious a lot.,"2_mood, 2",2_mood
186,2,1,2_mood,I am really upset now.,"2_mood, 1",2_mood
187,2,1,2_mood,I am really anxious these days.,"2_mood, 1",2_mood
188,2,1,2_mood,My mood swings a lot these days.,"2_mood, 1",2_mood
189,2,1,2_mood,I am really sad these days.,"2_mood, 1",2_mood
190,2,2,2_mood,I feel so depressed now.,"2_mood, 2",2_mood
191,2,2,2_mood,I feel so depressed.,"2_mood, 2",2_mood
192,2,1,2_mood,I am under a lot of pressure.,"32_coping, 1",32_coping
193,2,1,2_mood,I am worry about my mood.,"2_mood, 1",2_mood
194,2,0,2_mood,I don't know about my mood.,"Maybe, 0","NA, 99"
195,2,1,2_mood,I get angry easily.,"2_mood, 1",2_mood
196,2,2,2_mood,I often cry out of control.,"2_mood, 2",2_mood
197,2,2,2_mood,I usually feel lonely and helpless.,"2_mood, 2",2_mood
198,2,2,2_mood,I am really helpless.,"2_mood, 2",2_mood
199,2,2,2_mood,I cannot control my mood.,"2_mood, 2",2_mood
200,2,1,2_mood,I don't know what's going on about my mood.,"2_mood, 1",2_mood
201,2,2,2_mood,My mood is easily out of control.,"2_mood, 2",2_mood
202,2,2,2_mood,My emotions are out of my control.,"2_mood, 2",2_mood
203,2,2,2_mood,My emotions are unstable.,"2_mood, 2",2_mood
204,2,1,2_mood,I can't manage my mood well.,"2_mood, 1",2_mood
205,2,1,2_mood,My mood can't be eaily managed.,"2_mood, 1",2_mood
206,2,1,2_mood,I am upset a lot.,"2_mood, 1",2_mood
207,2,1,2_mood,I am really upset these days.,"2_mood, 1",2_mood
208,2,1,2_mood,I am really sad now.,"2_mood, 1",2_mood
209,2,2,2_mood,I feel emotionally drained all the time.,"2_mood, 2",2_mood
210,2,2,2_mood,I can't control my emotions lately.,"2_mood, 2",2_mood
211,2,2,2_mood,I feel deeply sad every day.,"2_mood, 2",2_mood
212,2,2,2_mood,I have frequent panic attacks.,"2_mood, 2",2_mood
213,2,2,2_mood,I don't see any joy in life anymore.,"2_mood, 2",2_mood
214,2,2,2_mood,I have no motivation to do anything.,"31_motivation, 2",31_Motivation
215,2,2,2_mood,I feel emotionally exhausted and hopeless.,"2_mood, 2",2_mood
216,2,2,2_mood,I can't seem to shake off my sadness.,"2_mood, 2",2_mood
217,2,2,2_mood,I cry a lot and don’t know why.,"2_mood, 2",2_mood
218,2,2,2_mood,My emotions are completely out of control.,"2_mood, 2",2_mood
219,2,2,2_mood,I feel numb most of the time.,"2_mood, 2",2_mood
220,2,1,2_mood,I’ve been isolating myself because of my mood.,"6_talk, 1",6_talk
221,2,2,2_mood,I feel overwhelmed to the point of breaking down.,"2_mood, 2",2_mood
222,2,2,2_mood,I’ve been struggling with extreme mood swings.,"2_mood, 2",2_mood
223,2,2,2_mood,I have trouble getting out of bed due to my mood.,"2_mood, 2",2_mood
224,2,2,2_mood,I feel emotionally detached from everyone.,"2_mood, 2",2_mood
225,2,2,2_mood,I get uncontrollably angry over small things.,"2_mood, 2",2_mood
226,2,2,2_mood,I feel like my emotions are spiraling out of control.,"2_mood, 2",2_mood
227,2,2,2_mood,I'm struggling to cope with daily life.,"32_coping, 2",32_coping
228,2,2,2_mood,I can't focus because of how bad I feel emotionally.,"2_mood, 2",2_mood
229,2,1,2_mood,I feel constantly on edge.,"2_mood, 1",2_mood
230,2,1,2_mood,I often feel like crying for no reason.,"2_mood, 1",2_mood
231,2,2,2_mood,I’m unable to manage my emotions anymore.,"2_mood, 2",2_mood
232,2,2,2_mood,I’ve lost interest in everything I used to enjoy.,"2_mood, 2",2_mood
233,2,2,2_mood,I feel completely emotionally unstable.,"2_mood, 2",2_mood
234,2,2,2_mood,I am too overwhelmed to handle anything right now.,"2_mood, 2",2_mood
235,2,2,2_mood,I feel trapped in my emotions.,"2_mood, 2",2_mood
236,2,1,2_mood,I just broke up and feel really lost.,"2_mood, 1",2_mood
237,2,2,2_mood,I’ve been having panic attacks.,"2_mood, 2",2_mood
238,2,2,2_mood,I feel like I'm falling apart emotionally.,"2_mood, 2",2_mood
239,2,2,2_mood,My anxiety is affecting my daily life.,"2_mood, 2",2_mood
240,2,2,2_mood,I feel overwhelmed all the time.,"2_mood, 2",2_mood
241,2,2,2_mood,I feel like I have no energy to do anything.,"2_mood, 2",2_mood
242,2,1,2_mood,I don’t feel like myself anymore.,"2_mood, 1",2_mood
243,2,2,2_mood,Nothing makes me happy anymore.,"2_mood, 2",2_mood
244,2,2,2_mood,I can’t focus on anything because of how I feel.,"2_mood, 2",2_mood
245,2,2,2_mood,I’ve been experiencing constant distress.,"2_mood, 2",2_mood
246,2,2,2_mood,I feel completely lost and don’t know what to do.,"2_mood, 2",2_mood
247,2,2,2_mood,I feel like I’m drowning in sadness.,"2_mood, 2",2_mood
248,2,2,2_mood,I feel like my emotions are taking over my life.,"2_mood, 2",2_mood
249,2,2,2_mood,I desperately need help managing my emotions.,"2_mood, 2",2_mood
250,2,2,2_mood,"I feel like I’ve lost all motivation, I don’t even enjoy things I used to love.","2_mood, 2",2_mood
251,2,2,2_mood,"Every day feels heavy, and I struggle just to get through the simplest tasks.","2_mood, 2",2_mood
252,2,2,2_mood,"I’ve been having panic attacks, and it’s starting to interfere with my daily life.","2_mood, 2",2_mood
253,2,2,2_mood,"I feel completely exhausted, mentally and emotionally, like I can’t keep going.","2_mood, 2",2_mood
254,2,2,2_mood,I’ve been isolating myself from friends and family because I don’t feel like talking to anyone.,"6_talk, 2",6_talk
255,0,0,3_medication,I am taking the pills every day.,"3_medication, 0",3_medication
256,0,0,3_medication,I am taking the medicines regularly.,"3_medication, 0",3_medication
257,0,0,3_medication,I take my medications as prescribed.,"3_medication, 0",3_medication
258,0,0,3_medication,I take my medications following the prescription.,"3_medication, 0",3_medication
259,0,0,3_medication,I take my medications following the doctors.,"3_medication, 0",3_medication
260,0,0,3_medication,I am not on any meds.,"3_medication, 0",3_medication
261,0,0,3_medication,I am not on any medication.,"3_medication, 0",3_medication
262,0,0,3_medication,I am not on any pills.,"3_medication, 0",3_medication
263,0,0,3_medication,I am not under any prescription.,"3_medication, 0",3_medication
264,0,0,3_medication,I don't take any prescription drugs.,"3_medication, 0",3_medication
265,0,0,3_medication,I don't need to take drugs.,"20_alcohol, 0",20_alcohol
266,0,2,3_medication,I don't need to take meds.,"3_medication, 2",3_medication
267,0,0,3_medication,I don't need to take pills.,"3_medication, 0",3_medication
268,0,0,3_medication,I am following the doctor's instruction.,"3_medication, 0",3_medication
269,0,0,3_medication,"I never miss a dose, and I take my medication exactly as prescribed.","3_medication, 0",3_medication
270,0,0,3_medication,I always set an alarm to remind me to take my meds.,"3_medication, 0",3_medication
271,0,0,3_medication,I keep my medication schedule consistent every day.,"3_medication, 0",3_medication
272,0,0,3_medication,"I take my pills every morning and night, just as instructed.","3_medication, 0",3_medication
273,0,0,3_medication,"My doctor and I have a solid plan, and I stick to it.","4_care, 0",4_care
274,0,0,3_medication,I always double-check that I’ve taken my medication.,"3_medication, 0",3_medication
275,0,0,3_medication,I refill my prescriptions on time and follow the instructions carefully.,"3_medication, 0",3_medication
276,0,0,3_medication,Taking my medication is a habit now; I never forget.,"3_medication, 0",3_medication
277,0,0,3_medication,I take my meds at the same time every day to stay consistent.,"3_medication, 0",3_medication
278,0,0,3_medication,I’ve got a pill organizer that helps me keep track of my medication.,"3_medication, 0",3_medication
279,0,0,3_medication,"My medication helps me feel better, so I never skip it.","3_medication, 0",3_medication
280,0,0,3_medication,I trust my doctor’s advice and take my medicine accordingly.,"3_medication, 0",3_medication
281,0,0,3_medication,Following my prescription is part of my routine.,"3_medication, 0",3_medication
282,0,0,3_medication,I make sure to carry my meds when I travel so I never miss a dose.,"3_medication, 0",3_medication
283,0,0,3_medication,"I don’t have to take any medications, and I’m healthy.","3_medication, 0",3_medication
284,0,0,3_medication,I track my meds using a phone app to ensure I stay on schedule.,"3_medication, 0",3_medication
285,0,0,3_medication,Taking my medication regularly has really improved my health.,"3_medication, 0",3_medication
286,0,0,3_medication,I’m diligent about my meds because I know they’re important.,"3_medication, 0",3_medication
287,0,0,3_medication,I discuss any concerns about my medication with my doctor right away.,"3_medication, 0",3_medication
288,0,0,3_medication,I have no issues with remembering my medication.,"3_medication, 0",3_medication
289,0,0,3_medication,I don’t mind taking my meds because they help me feel better.,"3_medication, 0",3_medication
290,0,0,3_medication,I follow my prescription to make sure my treatment is effective.,"3_medication, 0",3_medication
291,0,0,3_medication,My pharmacist helped me set up an easy-to-follow routine.,"3_medication, 0",3_medication
292,0,0,3_medication,"My health is my priority, so I stick to my prescribed medication schedule.","3_medication, 0",3_medication
293,0,0,3_medication,I never skip my meds because I know consistency is key.,"3_medication, 0",3_medication
294,0,0,3_medication,It’s easy for me to remember my medication since I take it with my meals.,"3_medication, 0",3_medication
295,0,0,3_medication,I always check my prescription label to make sure I take it correctly.,"3_medication, 0",3_medication
296,0,0,3_medication,I take my medications exactly as instructed to avoid any complications.,"3_medication, 0",3_medication
297,0,0,3_medication,I am careful about taking the right dose at the right time.,"3_medication, 0",3_medication
298,0,0,3_medication,I take my medications responsibly to keep my health in check.,"3_medication, 0",3_medication
299,0,0,3_medication,"I know the importance of my meds, so I never forget to take them.","3_medication, 0",3_medication
300,0,0,3_medication,"I don’t take any prescription drugs, and I feel fine.","3_medication, 0",3_medication
301,0,0,3_medication,"I never had the need for medication, and I feel healthy.","3_medication, 0",3_medication
302,0,0,3_medication,"I don’t take any meds, and my health is great.","3_medication, 0",3_medication
303,0,0,3_medication,I listen to my doctor and follow their instructions carefully.,"4_care, 0",4_care
304,0,0,3_medication,I take my meds every day without fail.,"3_medication, 0",3_medication
305,0,0,3_medication,"I don’t have to take any medicine, but if I needed to, I would follow instructions.","3_medication, 0",3_medication
306,0,0,3_medication,"I take all my prescribed medicine, and I have no trouble managing it.","3_medication, 0",3_medication
307,0,0,3_medication,My doctor and I work together to make sure I stay on top of my medication.,"3_medication, 0",3_medication
308,1,1,3_medication,I skip a day or two.,"3_medication, 1",3_medication
309,1,2,3_medication,I sometimes take the medicines.,"3_medication, 2",3_medication
310,1,1,3_medication,I sometimes forget to take the medicines.,"3_medication, 1",3_medication
311,1,1,3_medication,"Sometimes I forget a dose, but I usually remember later in the day.","3_medication, 1",3_medication
312,1,1,3_medication,"I skip a dose once in a while, but I try my best to stay on track.","3_medication, 1",3_medication
313,1,1,3_medication,I occasionally miss my medication when I get too busy.,"3_medication, 1",3_medication
314,1,1,3_medication,"I take my meds most of the time, but I forget now and then.","3_medication, 1",3_medication
315,1,1,3_medication,I only forget my meds when my schedule gets hectic.,"3_medication, 1",3_medication
316,1,1,3_medication,I sometimes miss my morning pill but take it later when I remember.,"3_medication, 1",3_medication
317,1,1,3_medication,"I usually remember to take my medicine, but not always at the same time.","3_medication, 1",3_medication
318,1,1,3_medication,"I have a reminder on my phone, but I still forget occasionally.","3_medication, 1",3_medication
319,1,1,3_medication,"I take my meds, but I’ve skipped a few days recently.","3_medication, 1",3_medication
320,1,1,3_medication,"Sometimes I forget if I’ve taken my medication, so I end up missing it.","3_medication, 1",3_medication
321,1,1,3_medication,I need to be more consistent with taking my medication.,"3_medication, 1",3_medication
322,1,1,3_medication,"I follow my prescription, but I forget every now and then.","3_medication, 1",3_medication
323,1,1,3_medication,"I take my medication, but I sometimes take it at irregular times.","3_medication, 1",3_medication
324,1,1,3_medication,I need to find a better system to remember my medication.,"3_medication, 1",3_medication
325,1,1,3_medication,"I take my pills most days, but I miss a day here and there.","3_medication, 1",3_medication
326,1,1,3_medication,"I forget my medication sometimes, but I try to be mindful of it.","3_medication, 1",3_medication
327,1,1,3_medication,"I miss a dose occasionally, but it’s not too often.","3_medication, 1",3_medication
328,1,1,3_medication,"I’ve skipped my medication a few times, but I usually stay on track.","3_medication, 1",3_medication
329,1,1,3_medication,"I’m not perfect at taking my medication, but I try my best.","3_medication, 1",3_medication
330,1,1,3_medication,"I don’t always follow my prescription exactly, but I mostly do.","3_medication, 1",3_medication
331,1,1,3_medication,My schedule makes it hard to take my meds consistently.,"3_medication, 1",3_medication
332,1,1,3_medication,I forget to refill my prescription on time sometimes.,"3_medication, 1",3_medication
333,1,1,3_medication,I sometimes run out of my medication before getting a refill.,"3_medication, 1",3_medication
334,1,1,3_medication,"I take my meds, but I’m not always strict about the timing.","3_medication, 1",3_medication
335,1,1,3_medication,"I take my medication when I remember, but I need to be more consistent.","3_medication, 1",3_medication
336,1,1,3_medication,"I skip my meds when I feel like I don’t need them, but I usually take them.","3_medication, 1",3_medication
337,1,1,3_medication,"I follow my prescription, but there are days I just don’t feel like taking them.","3_medication, 1",3_medication
338,1,1,3_medication,I sometimes hesitate to take my medication when I don’t feel like it.,"3_medication, 1",3_medication
339,1,1,3_medication,"I take my meds most days, but sometimes I procrastinate on it.","3_medication, 1",3_medication
340,1,1,3_medication,"I usually follow my prescription, but I’ve been inconsistent lately.","3_medication, 1",3_medication
341,1,1,3_medication,"I know I need to take my meds, but sometimes I don’t feel like it.","3_medication, 1",3_medication
342,1,1,3_medication,I forget my medication when I travel or break my routine.,"3_medication, 1",3_medication
343,1,1,3_medication,"I try to stay on top of my medication, but I slip up sometimes.","3_medication, 1",3_medication
344,1,2,3_medication,I often miss my night doses because I fall asleep early.,"3_medication, 2",3_medication
345,1,1,3_medication,I don’t always follow my prescription as strictly as I should.,"3_medication, 1",3_medication
346,1,1,3_medication,"I take my meds, but sometimes I forget and have to take them late.","3_medication, 1",3_medication
347,1,1,3_medication,I know I need to be better at taking my medication regularly.,"3_medication, 1",3_medication
348,1,1,3_medication,"I take my meds, but only when I remember.","3_medication, 1",3_medication
349,1,1,3_medication,I keep forgetting my medication at least once a week.,"3_medication, 1",3_medication
350,2,2,3_medication,I haven't taken medicine for a long time.,"3_medication, 2",3_medication
351,2,2,3_medication,I always forget to take the medicines.,"3_medication, 2",3_medication
352,2,2,3_medication,I can't remember to take the medicines.,"3_medication, 2",3_medication
353,2,2,3_medication,I don't follow the prescription.,"3_medication, 2",3_medication
354,2,1,3_medication,It depends on my mood.,"2_mood, 1",2_mood
355,2,2,3_medication,I don't want to follow the prescription.,"3_medication, 2",3_medication
356,2,2,3_medication,I don't think I need them anymore.,"3_medication, 2",3_medication
357,2,0,3_medication,I don't think I need it anymore.,"Maybe, 0","NA, 99"
358,2,2,3_medication,I don't want to take the drugs.,"3_medication, 2",3_medication
359,2,2,3_medication,I don't want to take the medicines.,"3_medication, 2",3_medication
360,2,1,3_medication,I don't want to take the meds.,"3_medication, 1",3_medication
361,2,2,3_medication,I don't want to take the pills.,"3_medication, 2",3_medication
362,2,0,3_medication,I don't want to use the drugs.,"20_alcohol, 0",20_alcohol
363,2,2,3_medication,I don't want to use the meds.,"3_medication, 2",3_medication
364,2,2,3_medication,I don't want to use the pills.,"3_medication, 2",3_medication
365,2,1,3_medication,I hate taking the drugs.,"3_medication, 1",3_medication
366,2,1,3_medication,I hate taking the medicines.,"3_medication, 1",3_medication
367,2,1,3_medication,I hate taking the meds.,"3_medication, 1",3_medication
368,2,1,3_medication,I hate taking the pills.,"3_medication, 1",3_medication
369,2,2,3_medication,I haven’t been taking my medication for weeks.,"3_medication, 2",3_medication
370,2,2,3_medication,"I don’t think I need my medication anymore, so I stopped taking it.","3_medication, 2",3_medication
371,2,2,3_medication,"I always forget to take my medicine, and it’s becoming a problem.","3_medication, 2",3_medication
372,2,2,3_medication,I stopped following my prescription because I don’t feel like it helps.,"3_medication, 2",3_medication
373,2,2,3_medication,"I’ve been skipping my medication a lot, and I know it’s bad.","3_medication, 2",3_medication
374,2,2,3_medication,I don’t see the point in taking my meds anymore.,"3_medication, 2",3_medication
375,2,2,3_medication,"I hate taking medication, so I avoid it.","3_medication, 2",3_medication
376,2,2,3_medication,I ignore my prescription most of the time.,"3_medication, 2",3_medication
377,2,2,3_medication,"I’ve stopped taking my meds, and I’m starting to feel worse.","3_medication, 2",3_medication
378,2,2,3_medication,"I know I should take my meds, but I refuse to.","3_medication, 2",3_medication
379,2,2,3_medication,"I don’t trust my medication, so I’ve stopped taking it.","3_medication, 2",3_medication
380,2,2,3_medication,"I take my meds only when I feel like it, which isn’t often.","3_medication, 2",3_medication
381,2,2,3_medication,"I can’t keep up with my medication, and it’s affecting my health.","3_medication, 2",3_medication
382,2,2,3_medication,I’ve run out of meds and haven’t bothered getting a refill.,"3_medication, 2",3_medication
383,2,2,3_medication,"I don’t like how my meds make me feel, so I stopped taking them.","3_medication, 2",3_medication
384,2,2,3_medication,I take my meds so inconsistently that I don’t think they work.,"3_medication, 2",3_medication
385,2,2,3_medication,I stopped my medication without consulting my doctor.,"3_medication, 2",3_medication
386,2,2,3_medication,I don’t feel motivated to take my meds anymore.,"3_medication, 2",3_medication
387,2,2,3_medication,I’ve completely abandoned my prescription.,"3_medication, 2",3_medication
388,2,2,3_medication,I can’t handle taking medication every day.,"3_medication, 2",3_medication
389,2,2,3_medication,"I keep forgetting my medication, and now I’m not sure if it’s working anymore.","3_medication, 2",3_medication
390,2,2,3_medication,"I don’t believe my medication helps, so I stopped taking it.","3_medication, 2",3_medication
391,2,2,3_medication,I ran out of my prescription weeks ago and haven’t refilled it.,"3_medication, 2",3_medication
392,2,2,3_medication,"I don’t feel comfortable taking my meds anymore, so I just quit.","3_medication, 2",3_medication
393,2,2,3_medication,"I take my meds sporadically, whenever I feel like it.","3_medication, 2",3_medication
394,2,2,3_medication,I refuse to take my medication because I don’t like the side effects.,"3_medication, 2",3_medication
395,2,2,3_medication,"I can’t keep up with my meds, and it’s making my condition worse.","3_medication, 2",3_medication
396,2,2,3_medication,"I feel like my medication is useless, so I don’t take it anymore.","3_medication, 2",3_medication
397,2,2,3_medication,"I skip my meds all the time, even though I know I shouldn’t.","3_medication, 2",3_medication
398,2,2,3_medication,I stopped taking my prescription because I think I don’t need it anymore.,"3_medication, 2",3_medication
399,2,2,3_medication,"I keep forgetting my pills, and I’m starting to feel the effects.","3_medication, 2",3_medication
400,2,2,3_medication,"I don’t want to take my medication anymore, even if my doctor says I should.","3_medication, 2",3_medication
401,2,2,3_medication,"I hate how my meds make me feel, so I don’t take them.","3_medication, 2",3_medication
402,2,2,3_medication,I threw away my medication because I don’t trust it.,"3_medication, 2",3_medication
403,2,2,3_medication,"I’ve been skipping my medication for weeks, and now I feel worse.","3_medication, 2",3_medication
404,2,2,3_medication,I don’t have the energy to manage my medication routine anymore.,"3_medication, 2",3_medication
405,2,2,3_medication,"I don’t even know where my meds are, maybe expired, I haven’t taken them in ages.","3_medication, 2",3_medication
406,2,2,3_medication,"I feel like my meds are making things worse, so I stopped taking them.","3_medication, 2",3_medication
407,2,2,3_medication,"I’m completely off my medication, and I haven’t told my doctor yet.","3_medication, 2",3_medication
408,0,0,4_care,I visit the doctors regularly.,"4_care, 0",4_care
409,0,0,4_care,I visit my therapist every week.,"4_care, 0",4_care
410,0,0,4_care,I see my therapist every month.,"4_care, 0",4_care
411,0,0,4_care,I visit my therapist every month.,"4_care, 0",4_care
412,0,0,4_care,I see my counselor every month.,"4_care, 0",4_care
413,0,0,4_care,I visit my counselor every month.,"4_care, 0",4_care
414,0,0,4_care,I talk to my counselor every week.,"4_care, 0",4_care
415,0,0,4_care,I see my case manager every week.,"4_care, 0",4_care
416,0,0,4_care,I visit my case manager every week.,"4_care, 0",4_care
417,0,0,4_care,I talk to my case manager every month.,"4_care, 0",4_care
418,0,0,4_care,I see my case manager every month.,"4_care, 0",4_care
419,0,0,4_care,I visit my case manager every month.,"4_care, 0",4_care
420,0,0,4_care,I see my case manager regularly.,"4_care, 0",4_care
421,0,0,4_care,I visit my case manager regularly.,"4_care, 0",4_care
422,0,0,4_care,I see my psychiatrist every week.,"4_care, 0",4_care
423,0,0,4_care,I visit my psychiatrist every week.,"4_care, 0",4_care
424,0,0,4_care,I talk to my psychiatrist every month.,"4_care, 0",4_care
425,0,0,4_care,I see my psychiatrist every month.,"4_care, 0",4_care
426,0,0,4_care,I visit my psychiatrist every month.,"4_care, 0",4_care
427,0,0,4_care,I see my psychiatrist regularly.,"4_care, 0",4_care
428,0,0,4_care,I visit my psychiatrist regularly.,"4_care, 0",4_care
429,0,0,4_care,I see my prescriber every week.,"4_care, 0",4_care
430,0,0,4_care,I visit my prescriber every week.,"4_care, 0",4_care
431,0,0,4_care,I talk to my prescriber every month.,"4_care, 0",4_care
432,0,0,4_care,I see my prescriber every month.,"4_care, 0",4_care
433,0,0,4_care,I visit my prescriber every month.,"4_care, 0",4_care
434,0,0,4_care,I see my prescriber regularly.,"4_care, 0",4_care
435,0,0,4_care,I visit my prescriber regularly.,"4_care, 0",4_care
436,0,0,4_care,I talk to my therapist every week.,"4_care, 0",4_care
437,0,0,4_care,I see my therapist regularly.,"4_care, 0",4_care
438,0,0,4_care,I talk to my therapist regularly.,"4_care, 0",4_care
439,0,0,4_care,I see my PCP regularly.,"4_care, 0",4_care
440,0,0,4_care,I talk to my PCP regularly.,"4_care, 0",4_care
441,0,0,4_care,I visit my PCP regularly.,"4_care, 0",4_care
442,0,0,4_care,I see my PCP periodicly.,"4_care, 0",4_care
443,0,0,4_care,I talk to my PCP periodicly.,"4_care, 0",4_care
444,0,0,4_care,I see my therapist periodicly.,"4_care, 0",4_care
445,0,0,4_care,I talk to my therapist periodicly.,"4_care, 0",4_care
446,0,0,4_care,I see my counselor periodicly.,"4_care, 0",4_care
447,0,0,4_care,I talk to my counselor periodicly.,"4_care, 0",4_care
448,0,0,4_care,I visit my counselor periodicly.,"4_care, 0",4_care
449,0,0,4_care,I talk to my psychiatrist periodicly.,"4_care, 0",4_care
450,0,0,4_care,I visit my psychiatrist periodicly.,"4_care, 0",4_care
451,0,0,4_care,I see my prescriber periodicly.,"4_care, 0",4_care
452,0,0,4_care,I talk to my prescriber periodicly.,"4_care, 0",4_care
453,0,0,4_care,I visit my prescriber periodicly.,"4_care, 0",4_care
454,0,0,4_care,I see my case manager periodicly.,"4_care, 0",4_care
455,0,0,4_care,I talk to my case manager periodicly.,"4_care, 0",4_care
456,0,0,4_care,I visit my case manager periodicly.,"4_care, 0",4_care
457,0,0,4_care,I don't have a therapist.,"4_care, 0",4_care
458,0,0,4_care,I don't have a psychiatrist.,"4_care, 0",4_care
459,0,0,4_care,I don't have a prescriber.,"4_care, 0",4_care
460,0,0,4_care,I don't have a case manager.,"4_care, 0",4_care
461,0,0,4_care,I never talk to any therapist.,"4_care, 0",4_care
462,0,2,4_care,I never talk to any PCP.,"4_care, 2",4_care
463,0,0,4_care,I never talk to any psychiatrist,"4_care, 0",4_care
464,0,2,4_care,I never talk to any case manager.,"4_care, 2",4_care
465,0,0,4_care,I have a standing appointment with my doctor every few months.,"4_care, 0",4_care
466,0,0,4_care,I never miss my therapy sessions—they really help me.,"4_care, 0",4_care
467,0,0,4_care,"I check in with my psychiatrist regularly, and it’s been beneficial.","4_care, 0",4_care
468,0,0,4_care,I follow up with my primary care provider whenever needed.,"4_care, 0",4_care
469,0,0,4_care,I’ve been consistent with my mental health appointments.,"4_care, 0",4_care
470,0,0,4_care,I have a good routine of seeing my therapist and doctor.,"4_care, 0",4_care
471,0,0,4_care,I schedule my medical visits ahead of time to stay on track.,"4_care, 0",4_care
472,0,0,4_care,I feel supported by my healthcare team and meet with them often.,"4_care, 0",4_care
473,0,0,4_care,"My counselor and I meet weekly, and I value our sessions.","4_care, 0",4_care
474,0,0,4_care,"My therapist and I have regular check-ins, which help a lot.","4_care, 0",4_care
475,0,0,4_care,I stay on top of my mental health by meeting my case manager monthly.,"4_care, 0",4_care
476,0,0,4_care,I prioritize my health and make sure to attend all my medical appointments.,"4_care, 0",4_care
477,0,0,4_care,I just had my routine check-up last week.,"4_care, 0",4_care
478,0,0,4_care,My doctor and I communicate regularly about my health.,"4_care, 0",4_care
479,0,0,4_care,I never hesitate to schedule an appointment if I need support.,"4_care, 0",4_care
480,0,0,4_care,I take my health seriously and always follow up with my providers.,"4_care, 0",4_care
481,0,0,4_care,"I just spoke with my counselor, and I feel good about my progress.","4_care, 0",4_care
482,0,0,4_care,My case manager and I meet regularly to stay on track.,"4_care, 0",4_care
483,0,0,4_care,I have a strong relationship with my healthcare providers.,"4_care, 0",4_care
484,0,0,4_care,I feel like I’m in a good place with my mental and physical health.,"2_mood, 0",2_mood
485,0,0,4_care,"My therapist is an important part of my routine, and I never skip a session.","4_care, 0",4_care
486,0,0,4_care,I just scheduled my next medical appointment—it’s important to stay proactive.,"4_care, 0",4_care
487,0,0,4_care,My primary care doctor helps me stay on top of my health needs.,"4_care, 0",4_care
488,0,0,4_care,I follow my doctor’s recommendations and see them when advised.,"4_care, 0",4_care
489,0,0,4_care,I feel comfortable reaching out to my therapist anytime I need help.,"4_care, 0",4_care
490,0,0,4_care,Regular check-ups give me peace of mind about my health.,"4_care, 0",4_care
491,0,0,4_care,I never miss my mental health check-ins because they help me a lot.,"4_care, 0",4_care
492,0,0,4_care,"My counselor helps me process things, and I look forward to our sessions.","4_care, 0",4_care
493,0,0,4_care,"I’ve been working with my therapist for a long time, and it’s been great.","4_care, 0",4_care
494,0,0,4_care,I always follow through on my healthcare appointments.,"4_care, 0",4_care
495,0,0,4_care,I don’t skip doctor visits because I know how important they are.,"4_care, 0",4_care
496,0,0,4_care,"My doctor and I have a great understanding, and I feel well cared for.","4_care, 0",4_care
497,0,0,4_care,I just went to my prescriber last week to discuss my medication.,"4_care, 0",4_care
498,0,0,4_care,"My therapist is really helpful, so I make sure to see them regularly.","4_care, 0",4_care
499,0,0,4_care,Seeing my doctor regularly makes me feel more in control of my health.,"4_care, 0",4_care
500,0,0,4_care,I always go to my follow-up appointments on time.,"14_show_up, 0",14_show_up
501,0,0,4_care,"My healthcare providers have been very supportive, and I appreciate that.","4_care, 0",4_care
502,1,1,4_care,I haven't gone to my PCP for a while.,"4_care, 1",4_care
503,1,1,4_care,I haven't seen my PCP for a while.,"4_care, 1",4_care
504,1,1,4_care,I haven't visited my PCP for a while.,"4_care, 1",4_care
505,1,1,4_care,I haven't gone to my psychiatrist for a while.,"4_care, 1",4_care
506,1,1,4_care,I haven't seen my psychiatrist for a while.,"4_care, 1",4_care
507,1,1,4_care,I haven't visited my psychiatrist for a while.,"4_care, 1",4_care
508,1,1,4_care,I haven't gone to my prescriber for a while.,"4_care, 1",4_care
509,1,1,4_care,I haven't seen my prescriber for a while.,"4_care, 1",4_care
510,1,1,4_care,I haven't visited my prescriber for a while.,"4_care, 1",4_care
511,1,1,4_care,I haven't seen my case manager for a while.,"4_care, 1",4_care
512,1,1,4_care,I haven't visited my case manager for a while.,"4_care, 1",4_care
513,1,1,4_care,I haven't gone to my therapist for a while.,"4_care, 1",4_care
514,1,1,4_care,I haven't seen my therapist for a while.,"4_care, 1",4_care
515,1,1,4_care,I haven't visited my therapist for a while.,"4_care, 1",4_care
516,1,1,4_care,I don't visit the doctor.,"4_care, 1",4_care
517,1,1,4_care,"I’ve missed my last couple of therapy sessions, but I plan to go back.","4_care, 1",4_care
518,1,1,4_care,"I haven’t seen my doctor in a while, but I know I should.","4_care, 1",4_care
519,1,1,4_care,I’ve been meaning to schedule an appointment but keep putting it off.,"4_care, 1",4_care
520,1,1,4_care,I don’t see my therapist as often as I probably should.,"4_care, 1",4_care
521,1,1,4_care,I sometimes skip my mental health check-ups when I’m feeling okay.,"4_care, 1",4_care
522,1,1,4_care,I’ve had to reschedule my last few appointments.,"14_show_up, 1",14_show_up
523,1,1,4_care,"I know I should check in with my doctor, but I’ve been too busy.","4_care, 1",4_care
524,1,1,4_care,I haven’t prioritized my medical visits lately.,"4_care, 1",4_care
525,1,1,4_care,"I missed my last psychiatrist appointment, but I’ll go next time.","4_care, 1",4_care
526,1,1,4_care,"I feel fine, so I haven’t felt the need to see my doctor recently.","4_care, 1",4_care
527,1,1,4_care,I’ve been skipping my therapy sessions when I feel like I don’t need them.,"4_care, 1",4_care
528,1,1,4_care,I keep forgetting to book a follow-up with my case manager.,"4_care, 1",4_care
529,1,1,4_care,I haven’t checked in with my healthcare provider as often as before.,"4_care, 1",4_care
530,1,1,4_care,I see my doctor irregularly—I go when I feel like something is wrong.,"4_care, 1",4_care
531,1,1,4_care,"I haven’t seen my prescriber in a while, but I still take my medication.","4_care, 1",4_care
532,1,1,4_care,"My therapist recommended regular visits, but I don’t always go.","4_care, 1",4_care
533,1,1,4_care,"I used to see my psychiatrist regularly, but not as much now.","4_care, 1",4_care
534,1,1,4_care,"I see my case manager when I have time, but not consistently.","4_care, 1",4_care
535,1,1,4_care,I occasionally cancel my appointments because of other priorities.,"14_show_up, 1",14_show_up
536,1,1,4_care,"I want to go to therapy more often, but I keep delaying it.","4_care, 1",4_care
537,1,1,4_care,I’ve been inconsistent with my medical appointments lately.,"4_care, 1",4_care
538,1,1,4_care,"I see my prescriber when I need a refill, but not otherwise.","4_care, 1",4_care
539,1,1,4_care,"I haven’t been to a doctor recently, but I feel fine.","4_care, 1",4_care
540,1,1,4_care,"I used to be good about going to therapy, but I’ve slipped a bit.","4_care, 1",4_care
541,1,1,4_care,"I know I should make an appointment, but I keep putting it off.","4_care, 1",4_care
542,1,1,4_care,"I missed my last doctor’s visit, but I’ll schedule another soon.","4_care, 1",4_care
543,1,1,4_care,"I don’t always attend my sessions, but I try my best.","14_show_up, 1",14_show_up
544,1,1,4_care,"I go to therapy occasionally, but I’m not consistent.","4_care, 1",4_care
545,1,1,4_care,I haven’t made time for medical check-ups lately.,"4_care, 1",4_care
546,1,1,4_care,I sometimes go months without seeing my doctor.,"4_care, 1",4_care
547,1,1,4_care,"I’ll go to the doctor if something comes up, but I don’t go regularly.","4_care, 1",4_care
548,1,1,4_care,I need to be better about following up on my appointments.,"14_show_up, 1",14_show_up
549,1,1,4_care,"I was seeing my therapist regularly, but I’ve started missing sessions.","14_show_up, 1",14_show_up
550,1,1,4_care,"I usually see my doctor, but I’ve been skipping visits lately.","4_care, 1",4_care
551,1,1,4_care,"I haven’t talked to my psychiatrist in a while, but I plan to.","4_care, 1",4_care
552,1,1,4_care,"I want to restart therapy, but I haven’t done it yet.","4_care, 1",4_care
553,1,1,4_care,"I haven’t gone for a check-up in a while, but I’m planning to.","4_care, 1",4_care
554,1,1,4_care,"I occasionally go to therapy, but not as much as I should.","4_care, 1",4_care
555,1,1,4_care,I haven’t been checking in with my prescriber like I used to.,"4_care, 1",4_care
556,1,1,4_care,"I was seeing a doctor, but I haven’t followed up in a long time.","4_care, 1",4_care
557,2,1,4_care,I haven't gone to my PCP for a long time.,"4_care, 1",4_care
558,2,1,4_care,I haven't seen my PCP for a long time.,"4_care, 1",4_care
559,2,1,4_care,I haven't visited my PCP for a long time.,"4_care, 1",4_care
560,2,1,4_care,I haven't gone to my psychiatrist for a long time.,"4_care, 1",4_care
561,2,1,4_care,I haven't seen my psychiatrist for a long time.,"4_care, 1",4_care
562,2,1,4_care,I haven't visited my psychiatrist for a long time.,"4_care, 1",4_care
563,2,1,4_care,I haven't gone to my prescriber for a long time.,"4_care, 1",4_care
564,2,1,4_care,I haven't seen my prescriber for a long time.,"4_care, 1",4_care
565,2,1,4_care,I haven't visited my prescriber for a long time.,"4_care, 1",4_care
566,2,2,4_care,I haven't gone to my case manager for a long time.,"4_care, 2",4_care
567,2,1,4_care,I haven't seen my case manager for a long time.,"4_care, 1",4_care
568,2,1,4_care,I haven't visited my case manager for a long time.,"4_care, 1",4_care
569,2,1,4_care,I haven't gone to my therapist for a long time.,"4_care, 1",4_care
570,2,1,4_care,I haven't seen my therapist for a long time.,"4_care, 1",4_care
571,2,1,4_care,I haven't visited my therapist for a long time.,"4_care, 1",4_care
572,2,1,4_care,I am too busy to talk to my therapist.,"4_care, 1",4_care
573,2,1,4_care,I am too busy to talk to my PCP.,"4_care, 1",4_care
574,2,1,4_care,I am too busy to talk to my prescriber.,"4_care, 1",4_care
575,2,1,4_care,I am too busy to talk to my case manager.,"4_care, 1",4_care
576,2,1,4_care,I am too busy to talk to my psychiatrist.,"4_care, 1",4_care
577,2,2,4_care,I never go to the doctor.,"4_care, 2",4_care
578,2,2,4_care,I haven’t been to a doctor in years.,"4_care, 2",4_care
579,2,2,4_care,"I completely stopped going to therapy, even though I probably need it.","4_care, 2",4_care
580,2,1,4_care,I don’t remember the last time I saw a healthcare provider.,"4_care, 1",4_care
581,2,2,4_care,I avoid doctors and therapists completely.,"4_care, 2",4_care
582,2,1,4_care,"I’ve been struggling, but I haven’t reached out for help.","4_care, 1",4_care
583,2,2,4_care,I canceled all my medical appointments and haven’t rescheduled.,"4_care, 2",4_care
584,2,1,4_care,"I know I should see a doctor, but I don’t want to.","4_care, 1",4_care
585,2,2,4_care,"I haven’t seen my therapist in months, even though I’m not feeling great.","4_care, 2",4_care
586,2,1,4_care,I avoid my prescriber because I don’t want to talk about my medication.,"4_care, 1",4_care
587,2,2,4_care,"I feel like I need therapy, but I haven’t been going.","4_care, 2",4_care
588,2,2,4_care,I refuse to go to the doctor even if I feel unwell.,"4_care, 2",4_care
589,2,2,4_care,I’m not managing my health because I don’t care anymore.,"4_care, 2",4_care
590,2,2,4_care,I stopped checking in with my case manager completely.,"4_care, 2",4_care
591,2,2,4_care,I don’t want to see a therapist even though I’ve been struggling.,"4_care, 2",4_care
592,2,2,4_care,I’ve skipped every appointment for months now.,"14_show_up, 2",14_show_up
593,2,1,4_care,I feel like there’s no point in talking to a doctor.,"4_care, 1",4_care
594,2,2,4_care,I lost interest in my medical care and stopped attending.,"4_care, 2",4_care
595,2,2,4_care,I’m avoiding all my health check-ups.,"4_care, 2",4_care
596,2,2,4_care,"I know I should talk to someone, but I refuse to make an appointment.","4_care, 2",4_care
597,2,1,4_care,I haven’t seen a doctor or therapist in a really long time.,"4_care, 1",4_care
598,2,2,4_care,"I know I need medical help, but I just can’t bring myself to make an appointment.","4_care, 2",4_care
599,2,2,4_care,"I’ve completely stopped going to therapy, and I don’t think I’ll go back.","4_care, 2",4_care
600,2,2,4_care,"I haven’t talked to any healthcare provider for months, maybe even years.","4_care, 2",4_care
601,2,2,4_care,"I don’t trust doctors, so I avoid seeing them altogether.","4_care, 2",4_care
602,2,2,4_care,"I haven’t been feeling well, but I refuse to seek help.","4_care, 2",4_care
603,2,2,4_care,"I feel like no one can help me, so I don’t see the point in going.","4_care, 2",4_care
604,2,2,4_care,I haven’t followed up with my case manager at all.,"4_care, 2",4_care
605,2,1,4_care,"I used to go to therapy, but I stopped because I don’t think it works for me.","4_care, 1",4_care
606,2,2,4_care,"I keep getting reminders about my missed appointments, but I ignore them.","14_show_up, 2",14_show_up
607,2,2,4_care,"I can’t afford to see a doctor, so I don’t go at all.","4_care, 2",4_care
608,2,2,4_care,I stopped my treatment plan and haven’t talked to my provider since.,"4_care, 2",4_care
609,2,1,4_care,"I was supposed to schedule a follow-up, but I never did.","14_show_up, 1",14_show_up
610,2,2,4_care,I haven’t seen my psychiatrist in so long that they probably removed me from their system.,"4_care, 2",4_care
611,2,2,4_care,I’ve skipped every therapy session for the past few months.,"4_care, 2",4_care
612,2,1,4_care,I don’t have any motivation to schedule an appointment.,"4_care, 1",4_care
613,2,2,4_care,"I know my condition is getting worse, but I still haven’t sought help.","4_care, 2",4_care
614,2,2,4_care,"I’ve been feeling worse, but I just can’t make myself go see a doctor.","2_mood, 2",2_mood
615,2,2,4_care,I missed so many appointments that I feel embarrassed to go back.,"14_show_up, 2",14_show_up
616,2,2,4_care,"I don’t think my doctor understands me, so I just stopped going.","4_care, 2",4_care
617,2,1,4_care,I feel overwhelmed at the thought of seeing a healthcare provider.,"4_care, 1",4_care
618,2,2,4_care,I feel like there’s no point in getting treatment anymore.,"4_care, 2",4_care
619,2,1,4_care,I canceled my last appointment and never rescheduled it.,"14_show_up, 1",14_show_up
620,2,1,4_care,I don’t want to deal with medical professionals right now.,"4_care, 1",4_care
621,2,2,4_care,"I don’t think my therapist was helping, so I stopped seeing them completely.","4_care, 2",4_care
622,2,1,4_care,"I know I need to see someone, but I just can’t bring myself to make the call.","4_care, 1",4_care
623,2,2,4_care,"I’m struggling a lot, but I’ve been avoiding therapy and medical help.","4_care, 2",4_care
624,2,2,4_care,"I have a doctor, but I never actually go to my appointments.","4_care, 2",4_care
625,2,2,4_care,I missed so many check-ups that I don’t even know if I still have a provider.,"4_care, 2",4_care
626,2,2,4_care,"I haven’t been taking care of myself, and that includes skipping all my medical visits.","4_care, 2",4_care
627,0,0,5_house,I do houseworks really often.,"5_house, 0",5_house
628,0,0,5_house,I did housekeeping recently.,"5_house, 0",5_house
629,0,0,5_house,My Roborock cleans the room for me.,"5_house, 0",5_house
630,0,0,5_house,I clean up my apartment weekly.,"5_house, 0",5_house
631,0,0,5_house,I often do housework.,"5_house, 0",5_house
632,0,0,5_house,I use the vacuum machine every day.,"5_house, 0",5_house
633,0,1,5_house,I have iRobot clean my appartment once the other day.,"5_house, 1",5_house
634,0,0,5_house,I use my Dyson to vacuum the floor every day.,"5_house, 0",5_house
635,0,0,5_house,I use my vacuum cleaner every day.,"5_house, 0",5_house
636,0,0,5_house,I vacuum the floor every day.,"5_house, 0",5_house
637,0,0,5_house,The housekeeper just cleaned up my place.,"5_house, 0",5_house
638,0,0,5_house,I have the housekeeper to clean my apartment.,"5_house, 0",5_house
639,0,0,5_house,I do laundry every week.,"5_house, 0",5_house
640,0,0,5_house,I do laundry very often.,"5_house, 0",5_house
641,0,0,5_house,I wash the clothes very often.,"5_house, 0",5_house
642,0,0,5_house,I often mop the floor.,"5_house, 0",5_house
643,0,0,5_house,I mop the floor twice a week.,"5_house, 0",5_house
644,0,0,5_house,I enjoy doing housework.,"5_house, 0",5_house
645,0,0,5_house,I do housework to release my pressure.,"32_coping, 0",32_coping
646,0,0,5_house,I maintain my house in a good way.,"5_house, 0",5_house
647,0,0,5_house,I always get my house maintained.,"5_house, 0",5_house
648,0,0,5_house,I always have my house maintained.,"5_house, 0",5_house
649,0,0,5_house,I keep my house maintained.,"5_house, 0",5_house
650,0,0,5_house,I maintain my house in a good shape.,"5_house, 0",5_house
651,0,0,5_house,I always has my place organized.,"5_house, 0",5_house
652,0,0,5_house,I always has my room organized.,"5_house, 0",5_house
653,0,0,5_house,I always has my house organized.,"5_house, 0",5_house
654,0,0,5_house,I always has my apartment organized.,"5_house, 0",5_house
655,0,1,5_house,My mom do the housekeeping for me.,"5_house, 1",5_house
656,0,1,5_house,My husband take care of all housework.,"5_house, 1",5_house
657,0,1,5_house,My wife take care of all housework.,"5_house, 1",5_house
658,0,1,5_house,My parents take care of all housework.,"5_house, 1",5_house
659,0,1,5_house,My parents do all the housework for me.,"5_house, 1",5_house
660,0,0,5_house,I make sure to keep my place tidy every day.,"5_house, 0",5_house
661,0,0,5_house,I have a cleaning routine that I follow strictly.,"5_house, 0",5_house
662,0,0,5_house,I clean the kitchen every time after cooking.,"5_house, 0",5_house
663,0,0,5_house,I do my laundry twice a week to stay on top of things.,"5_house, 0",5_house
664,0,0,5_house,I have a habit of keeping my space neat and clean.,"5_house, 0",5_house
665,0,0,5_house,I regularly dust and wipe down surfaces in my home.,"5_house, 0",5_house
666,0,0,5_house,I wash my dishes immediately after meals.,"5_house, 0",5_house
667,0,0,5_house,I vacuum and mop my floors every weekend.,"5_house, 0",5_house
668,0,0,5_house,I organize my closet and declutter often.,"5_house, 0",5_house
669,0,0,5_house,I have a schedule for deep cleaning every month.,"5_house, 0",5_house
670,0,0,5_house,I feel more productive when my house is clean and tidy.,"5_house, 0",5_house
671,0,0,5_house,I never let my home get messy—it’s always well-maintained.,"5_house, 0",5_house
672,0,0,5_house,Cleaning is part of my daily self-care routine.,"5_house, 0",5_house
673,0,0,5_house,I enjoy keeping my home looking nice and organized.,"5_house, 0",5_house
674,0,0,5_house,My place is always guest-ready because I keep it clean.,"5_house, 0",5_house
675,0,0,5_house,I make sure my furniture and appliances are dust-free.,"5_house, 0",5_house
676,0,0,5_house,I fold and put away my laundry right after washing.,"5_house, 0",5_house
677,0,0,5_house,I water my plants and wipe the windows every week.,"5_house, 0",5_house
678,0,0,5_house,I always keep my bathroom fresh and tidy.,"5_house, 0",5_house
679,0,0,5_house,I take out the trash regularly to avoid clutter.,"5_house, 0",5_house
680,0,0,5_house,I make my bed every morning as part of my routine.,"5_house, 0",5_house
681,0,0,5_house,I sweep the floors daily to keep my home dust-free.,"5_house, 0",5_house
682,0,0,5_house,I enjoy keeping my home clean because it helps me relax.,"5_house, 0",5_house
683,0,0,5_house,I have a checklist for keeping my house in order.,"5_house, 0",5_house
684,0,0,5_house,I wipe down kitchen counters after every meal prep.,"5_house, 0",5_house
685,0,0,5_house,I deep clean my fridge once a month.,"5_house, 0",5_house
686,0,0,5_house,I make sure my shoes are neatly arranged in my entryway.,"5_house, 0",5_house
687,0,0,5_house,I declutter my home regularly to keep things organized.,"5_house, 0",5_house
688,0,0,5_house,I keep a schedule to clean different parts of my home.,"5_house, 0",5_house
689,0,0,5_house,I sort and take out recycling every week.,"5_house, 0",5_house
690,0,0,5_house,I have a habit of keeping my laundry folded and sorted.,"5_house, 0",5_house
691,0,0,5_house,I ensure my workspace is always neat and clean.,"5_house, 0",5_house
692,0,0,5_house,I keep my books and files organized on my shelves.,"5_house, 0",5_house
693,0,0,5_house,I always clean my bathroom after using it.,"5_house, 0",5_house
694,0,0,5_house,I make sure my sink is never piled up with dishes.,"5_house, 0",5_house
695,0,0,5_house,I feel more at peace when my home is clean and organized.,"5_house, 0",5_house
696,0,0,5_house,I wipe down my dining table after every meal.,"5_house, 0",5_house
697,0,0,5_house,I love the fresh feeling of a clean and organized home.,"5_house, 0",5_house
698,0,0,5_house,My home is always presentable and clutter-free.,"5_house, 0",5_house
699,0,0,5_house,I do my laundry on a set schedule every week without fail.,"5_house, 0",5_house
700,1,1,5_house,I clean up my apartment monthly.,"5_house, 1",5_house
701,1,1,5_house,I hardly ever do housework.,"5_house, 1",5_house
702,1,1,5_house,I vacuum the floor sometimes.,"5_house, 1",5_house
703,1,1,5_house,I need to do my laundry.,"5_house, 1",5_house
704,1,1,5_house,I sometimes work on maintaining my house.,"5_house, 1",5_house
705,1,1,5_house,I sometimes work on maintaining my apartment.,"5_house, 1",5_house
706,1,1,5_house,I sometimes work on maintaining my room.,"5_house, 1",5_house
707,1,1,5_house,"I clean when I have time, but sometimes I let things pile up.","5_house, 1",5_house
708,1,1,5_house,"I do housework occasionally, but not on a fixed schedule.","5_house, 1",5_house
709,1,1,5_house,"I vacuum when I remember, but not regularly.","5_house, 1",5_house
710,1,1,5_house,"I clean my apartment, but sometimes I put it off for a while.","5_house, 1",5_house
711,1,1,5_house,"I try to keep my home clean, but I get lazy sometimes.","5_house, 1",5_house
712,1,1,5_house,"I do dishes, but sometimes they pile up before I get to them.","5_house, 1",5_house
713,1,1,5_house,"I wipe down surfaces now and then, but not consistently.","5_house, 1",5_house
714,1,1,5_house,"I don’t mind cleaning, but I don’t do it as often as I should.","5_house, 1",5_house
715,1,1,5_house,"I sweep the floor, but I don’t always mop.","5_house, 1",5_house
716,1,1,5_house,"I clean my room, but my closet is still a mess.","5_house, 1",5_house
717,1,1,5_house,"I try to keep my space organized, but it gets cluttered quickly.","5_house, 1",5_house
718,1,1,5_house,"I wash my sheets occasionally, but not as often as I should.","5_house, 1",5_house
719,1,1,5_house,I take out the trash when I remember to.,"5_house, 1",5_house
720,1,1,5_house,"I clean my bathroom sometimes, but I should do it more often.","5_house, 1",5_house
721,1,1,5_house,"I enjoy a clean home, but I don’t always have the energy to maintain it.","5_house, 1",5_house
722,1,1,5_house,"I try to keep my home clean, but I procrastinate sometimes.","5_house, 1",5_house
723,1,1,5_house,I get overwhelmed with cleaning and delay it often.,"5_house, 1",5_house
724,1,1,5_house,"I clean when guests are coming over, but not regularly.","5_house, 1",5_house
725,1,1,5_house,"I get to my chores eventually, but not right away.","5_house, 1",5_house
726,1,1,5_house,I sometimes let dishes sit for a couple of days before washing them.,"5_house, 1",5_house
727,1,1,5_house,"I try to vacuum weekly, but sometimes I skip it.","5_house, 1",5_house
728,1,1,5_house,"I organize my things once in a while, but they get messy again fast.","5_house, 1",5_house
729,1,1,5_house,I sometimes do housework in bursts rather than regularly.,"5_house, 1",5_house
730,1,1,5_house,"I let my laundry pile up, but I get to it eventually.","5_house, 1",5_house
731,1,1,5_house,"I know I need to clean more often, but I put it off.","5_house, 1",5_house
732,1,1,5_house,"I try to keep up with cleaning, but I fall behind sometimes.","5_house, 1",5_house
733,1,1,5_house,"I do chores when I’m in the mood, but not regularly.","5_house, 1",5_house
734,1,1,5_house,"I do some cleaning, but my space isn’t always tidy.","5_house, 1",5_house
735,1,1,5_house,"I clean my apartment, but I don't always put things away properly.","5_house, 1",5_house
736,1,1,5_house,"I keep my room somewhat clean, but it gets cluttered quickly.","5_house, 1",5_house
737,1,1,5_house,"I make an effort to clean, but it’s not a priority for me.","5_house, 1",5_house
738,1,1,5_house,"I do laundry when I need clean clothes, but I don’t have a set schedule.","5_house, 1",5_house
739,1,1,5_house,"I vacuum once in a while, but I don’t do deep cleaning.","5_house, 1",5_house
740,1,1,5_house,"I wipe down my desk occasionally, but it still gets dusty.","5_house, 1",5_house
741,1,1,5_house,I clean up when it gets too messy to ignore.,"5_house, 1",5_house
742,1,1,5_house,"I wash dishes, but sometimes I let them sit in the sink for a while.","5_house, 1",5_house
743,1,1,5_house,"I get frustrated when my place is messy, but I don’t always clean it right away.","5_house, 1",5_house
744,1,1,5_house,I do housework only when absolutely necessary.,"5_house, 1",5_house
745,2,1,5_house,I rarely do houseworks.,"5_house, 1",5_house
746,2,1,5_house,I didn't housekeeping recently.,"5_house, 1",5_house
747,2,1,5_house,I did not use the vacuum machine at all.,"5_house, 1",5_house
748,2,1,5_house,I did not use vacuum cleaner.,"5_house, 1",5_house
749,2,1,5_house,I hardly ever do any laundry.,"5_house, 1",5_house
750,2,2,5_house,I never do laundry myself.,"5_house, 2",5_house
751,2,1,5_house,I never mop the floor.,"5_house, 1",5_house
752,2,1,5_house,My dishes piled up.,"5_house, 1",5_house
753,2,1,5_house,I haven't been doing my dishes.,"5_house, 1",5_house
754,2,1,5_house,I hate doing housework.,"5_house, 1",5_house
755,2,1,5_house,I am not a big fan with housework.,"5_house, 1",5_house
756,2,1,5_house,I don't like to maintain my house.,"5_house, 1",5_house
757,2,1,5_house,I don't like to do housework.,"5_house, 1",5_house
758,2,1,5_house,I don't care if my place is organized or not.,"5_house, 1",5_house
759,2,1,5_house,I don't care if my place is cleaned or not.,"5_house, 1",5_house
760,2,1,5_house,I don't care if my place is maintained or not.,"5_house, 1",5_house
761,2,1,5_house,I don't care if my house is organized or not.,"5_house, 1",5_house
762,2,1,5_house,I don't care if my apartment is cleaned or not.,"5_house, 1",5_house
763,2,1,5_house,I don't care if my room is maintained or not.,"5_house, 1",5_house
764,2,1,5_house,I haven’t cleaned my room in weeks.,"5_house, 1",5_house
765,2,1,5_house,I can’t find anything because my place is so messy.,"5_house, 1",5_house
766,2,2,5_house,I don’t have the energy to do housework at all.,"5_house, 2",5_house
767,2,1,5_house,"My home is really cluttered, and I don’t know where to start.","5_house, 1",5_house
768,2,1,5_house,"I haven’t done laundry in a long time, and I’m running out of clothes.","5_house, 1",5_house
769,2,1,5_house,"My sink is full of dirty dishes, and I don’t have the motivation to clean them.","5_house, 1",5_house
770,2,1,5_house,"I can’t keep up with housework, and it’s stressing me out.","5_house, 1",5_house
771,2,1,5_house,"My place is a mess, but I don’t have the energy to clean it.","5_house, 1",5_house
772,2,1,5_house,I avoid doing chores because they feel too exhausting.,"5_house, 1",5_house
773,2,1,5_house,"I have piles of clothes everywhere, and I don’t have the motivation to fold them.","5_house, 1",5_house
774,2,2,5_house,I haven’t vacuumed or swept my floors in months.,"5_house, 2",5_house
775,2,2,5_house,My kitchen is so dirty that I avoid cooking.,"5_house, 2",5_house
776,2,1,5_house,I let trash pile up because I don’t feel like taking it out.,"5_house, 1",5_house
777,2,1,5_house,I feel stuck and don’t know how to start cleaning.,"5_house, 1",5_house
778,2,1,5_house,I haven’t changed my bed sheets in a long time.,"5_house, 1",5_house
779,2,2,5_house,I don’t even try to organize my things anymore.,"5_house, 2",5_house
780,2,2,5_house,I don’t remember the last time I cleaned my bathroom.,"5_house, 2",5_house
781,2,1,5_house,I have dirty dishes all over my counters.,"5_house, 1",5_house
782,2,1,5_house,I lost something important in my messy apartment and can’t find it.,"5_house, 1",5_house
783,2,2,5_house,I feel completely unmotivated to clean up after myself.,"5_house, 2",5_house
784,2,2,5_house,I can’t manage housework on my own anymore.,"5_house, 2",5_house
785,2,1,5_house,I don’t know how to deal with the mess I’ve created.,"17_problem, 1",17_problem
786,2,1,5_house,I just shut my eyes to the clutter around me.,"5_house, 1",5_house
787,2,1,5_house,I haven’t done any deep cleaning in years.,"5_house, 1",5_house
788,2,2,5_house,"My house smells bad, but I don’t have the energy to fix it.","5_house, 2",5_house
789,2,2,5_house,I haven’t washed my clothes in so long that I ran out of clean ones.,"5_house, 2",5_house
790,2,2,5_house,I feel helpless when it comes to maintaining my home.,"5_house, 2",5_house
791,2,1,5_house,"I know I need to clean, but I keep avoiding it.","5_house, 1",5_house
792,2,2,5_house,I can’t remember the last time I cleaned anything in my home.,"5_house, 2",5_house
793,2,2,5_house,I just keep throwing things around because I don’t care anymore.,"2_mood, 2",2_mood
794,2,1,5_house,I’ve been avoiding going into my kitchen because of the mess.,"5_house, 1",5_house
795,2,2,5_house,I don’t have the energy or motivation to do any housework.,"5_house, 2",5_house
796,2,1,5_house,"There’s dust everywhere, but I just don’t feel like cleaning it.","5_house, 1",5_house
797,2,2,5_house,"I feel like my apartment is falling apart, but I don’t do anything about it.","5_house, 2",5_house
798,2,1,5_house,"I’ve run out of clean clothes, but I still haven’t done my laundry.","5_house, 1",5_house
799,2,2,5_house,"I have piles of garbage in my room, and I haven’t thrown them out.","5_house, 2",5_house
800,2,1,5_house,I keep stepping over things because my floor is too cluttered.,"5_house, 1",5_house
801,2,1,5_house,I let my dishes pile up in the sink until I have no clean ones left.,"5_house, 1",5_house
802,2,2,5_house,I haven’t made my bed or changed my sheets in months.,"5_house, 2",5_house
803,2,2,5_house,"I’ve been living in a mess, but I don't want to fix it.","5_house, 2",5_house
804,0,0,6_talk,I talked to my friends and colleagues.,"6_talk, 0",6_talk
805,0,0,6_talk,I talked to my friends every day.,"6_talk, 0",6_talk
806,0,0,6_talk,I talked to my family.,"6_talk, 0",6_talk
807,0,0,6_talk,I talked to my mom.,"6_talk, 0",6_talk
808,0,0,6_talk,I talked to my mother.,"6_talk, 0",6_talk
809,0,0,6_talk,I talked to my father.,"6_talk, 0",6_talk
810,0,0,6_talk,I talked to my dad.,"6_talk, 0",6_talk
811,0,0,6_talk,I talked to my relatives.,"6_talk, 0",6_talk
812,0,0,6_talk,I talked to my sister.,"6_talk, 0",6_talk
813,0,0,6_talk,I talked to my brother.,"6_talk, 0",6_talk
814,0,0,6_talk,I talked to my husband.,"6_talk, 0",6_talk
815,0,0,6_talk,I talked to my wife.,"6_talk, 0",6_talk
816,0,0,6_talk,I talked to my son.,"6_talk, 0",6_talk
817,0,0,6_talk,I talked to my daughter.,"6_talk, 0",6_talk
818,0,0,6_talk,I talked to my colleague.,"6_talk, 0",6_talk
819,0,0,6_talk,I talked to my fiance.,"6_talk, 0",6_talk
820,0,0,6_talk,I talked to my fiancee.,"6_talk, 0",6_talk
821,0,0,6_talk,I talked to my doctor.,"4_care, 0",4_care
822,0,0,6_talk,I talked to my therapist.,"4_care, 0",4_care
823,0,0,6_talk,I talked to my counselor.,"4_care, 0",4_care
824,0,0,6_talk,I talked to my family and friends.,"6_talk, 0",6_talk
825,0,0,6_talk,I talked to my family and colleagues.,"6_talk, 0",6_talk
826,0,0,6_talk,I have been talking to my friends every day.,"6_talk, 0",6_talk
827,0,0,6_talk,I have been talking to my family.,"6_talk, 0",6_talk
828,0,0,6_talk,I have been talking to my parents.,"6_talk, 0",6_talk
829,0,0,6_talk,I have been talking to my father.,"6_talk, 0",6_talk
830,0,0,6_talk,I have been talking to my relatives.,"6_talk, 0",6_talk
831,0,0,6_talk,I have been talking to my sister.,"6_talk, 0",6_talk
832,0,0,6_talk,I have been talking to my brother.,"6_talk, 0",6_talk
833,0,0,6_talk,I have been talking to my husband.,"6_talk, 0",6_talk
834,0,0,6_talk,I have been talking to my wife.,"6_talk, 0",6_talk
835,0,0,6_talk,I have been talking to my son.,"6_talk, 0",6_talk
836,0,0,6_talk,I have been talking to my dad.,"6_talk, 0",6_talk
837,0,0,6_talk,I have been talking to my mother.,"6_talk, 0",6_talk
838,0,0,6_talk,I have been talking to my daughter.,"6_talk, 0",6_talk
839,0,0,6_talk,I have been talking to my colleague.,"6_talk, 0",6_talk
840,0,0,6_talk,I have been talking to my fiancee.,"6_talk, 0",6_talk
841,0,0,6_talk,I have been talking to my doctor.,"4_care, 0",4_care
842,0,0,6_talk,I have been talking to my therapist.,"4_care, 0",4_care
843,0,0,6_talk,I have been talking to my counselor.,"4_care, 0",4_care
844,0,0,6_talk,I have been talking to my family and friends.,"6_talk, 0",6_talk
845,0,0,6_talk,I have been talking to my family and colleagues.,"6_talk, 0",6_talk
846,0,0,6_talk,I chat with my family and colleagues.,"6_talk, 0",6_talk
847,0,0,6_talk,I chat with the YouTuber when he lives streams.,"6_talk, 0",6_talk
848,0,0,6_talk,I chat with host on TikTok.,"6_talk, 0",6_talk
849,0,0,6_talk,I chat with people in the game.,"6_talk, 0",6_talk
850,0,0,6_talk,I talk to different people.,"6_talk, 0",6_talk
851,0,0,6_talk,I chat with different people.,"6_talk, 0",6_talk
852,0,0,6_talk,I talk to someone.,"6_talk, 0",6_talk
853,0,0,6_talk,I chat with someone.,"6_talk, 0",6_talk
854,0,0,6_talk,I chat with a lot of people.,"6_talk, 0",6_talk
855,0,0,6_talk,I talk to a lot of people.,"6_talk, 0",6_talk
856,0,0,6_talk,I chat with people.,"6_talk, 0",6_talk
857,0,0,6_talk,I talk to people.,"6_talk, 0",6_talk
858,0,0,6_talk,I talk to my best friend every day.,"6_talk, 0",6_talk
859,0,0,6_talk,I stay in touch with my family through calls and messages.,"19_family_relationship, 0",19_family_relationship
860,0,0,6_talk,I enjoy chatting with my colleagues during lunch breaks.,"27_relationship_social, 0",27_relationship_social
861,0,0,6_talk,I had a great conversation with my parents yesterday.,"19_family_relationship, 0",19_family_relationship
862,0,0,6_talk,I regularly check in with my siblings.,"19_family_relationship, 0",19_family_relationship
863,0,0,6_talk,I love talking to my partner about our day.,"6_talk, 0",6_talk
864,0,0,6_talk,I text my friends every morning to stay connected.,"6_talk, 0",6_talk
865,0,0,6_talk,I talk to my neighbors whenever I see them.,"6_talk, 0",6_talk
866,0,0,6_talk,I just had a long call with an old friend.,"6_talk, 0",6_talk
867,0,0,6_talk,I talk to my therapist every week.,"4_care, 0",4_care
868,0,0,6_talk,I love socializing and meeting new people.,"6_talk, 0",6_talk
869,0,0,6_talk,I had a fun chat with my gaming friends last night.,"6_talk, 0",6_talk
870,0,0,6_talk,I always engage in group discussions at work.,"6_talk, 0",6_talk
871,0,0,6_talk,I like talking to my gym buddies after workouts.,"6_talk, 0",6_talk
872,0,0,6_talk,I frequently call my relatives to stay in touch.,"19_family_relationship, 0",19_family_relationship
873,0,0,6_talk,I keep up with my friends through video calls.,"27_relationship_social, 0",27_relationship_social
874,0,0,6_talk,I had a deep conversation with my mentor today.,"6_talk, 0",6_talk
875,0,0,6_talk,I make time for socializing even when I’m busy.,"27_relationship_social, 0",27_relationship_social
876,0,0,6_talk,I love catching up with my college friends over coffee.,"27_relationship_social, 0",27_relationship_social
877,0,0,6_talk,I interact with people in online forums and communities.,"25_community, 0",25_community
878,0,0,6_talk,I recently joined a social club to meet new people.,"25_community, 0",25_community
879,0,0,6_talk,I participate in group chats with my friends.,"6_talk, 0",6_talk
880,0,0,6_talk,I talk to my coworker every day about work and life.,"6_talk, 0",6_talk
881,0,0,6_talk,I went out for dinner with friends last weekend.,"27_relationship_social, 0",27_relationship_social
882,0,0,6_talk,I regularly communicate with people through social media.,"6_talk, 0",6_talk
883,0,0,6_talk,I always reply to messages and calls from friends.,"6_talk, 0",6_talk
884,0,0,6_talk,I had a nice talk with a stranger at the coffee shop today.,"6_talk, 0",6_talk
885,0,0,6_talk,I enjoy casual conversations with people I meet.,"6_talk, 0",6_talk
886,0,0,6_talk,I spoke to my professor about my research today.,"12_work, 0",12_work
887,0,0,6_talk,I had an interesting discussion with my book club members.,"6_talk, 0",6_talk
888,0,0,6_talk,I attend social events and talk to different people.,"6_talk, 0",6_talk
889,0,0,6_talk,I engage in meaningful conversations with my family.,"6_talk, 0",6_talk
890,0,0,6_talk,I had a great discussion in my online study group.,"6_talk, 0",6_talk
891,0,0,6_talk,I actively participate in team meetings at work.,"12_work, 0",12_work
892,0,0,6_talk,I always make an effort to talk to people around me.,"6_talk, 0",6_talk
893,0,0,6_talk,I had a fun chat with a customer service representative.,"6_talk, 0",6_talk
894,0,0,6_talk,I interact with people in online multiplayer games.,"6_talk, 0",6_talk
895,0,0,6_talk,"I love talking to my pet—it counts, right?","Question, 0","NA, 99"
896,0,0,6_talk,I love having deep conversations with my close friends.,"6_talk, 0",6_talk
897,0,0,6_talk,I check in with my parents every evening.,"18_support, 0",18_support
898,0,0,6_talk,I just had a long video call with my best friend.,"6_talk, 0",6_talk
899,0,0,6_talk,I enjoy chatting with my coworkers during lunch breaks.,"27_relationship_social, 0",27_relationship_social
900,0,0,6_talk,I participate in group discussions at my workplace.,"6_talk, 0",6_talk
901,0,0,6_talk,I actively comment and engage in online discussions.,"6_talk, 0",6_talk
902,0,0,6_talk,I had a great conversation with my sibling today.,"19_family_relationship, 0",19_family_relationship
903,0,0,6_talk,I regularly meet up with friends for dinner or coffee.,"27_relationship_social, 0",27_relationship_social
904,0,0,6_talk,I make sure to reach out to loved ones if I haven't talked to them in a while.,"6_talk, 0",6_talk
905,0,0,6_talk,I enjoy making new connections and talking to different people.,"6_talk, 0",6_talk
906,1,1,6_talk,"I talk to people sometimes, but not every day.","6_talk, 1",6_talk
907,1,1,6_talk,"I talk to my family occasionally, but not often.","19_family_relationship, 1",19_family_relationship
908,1,1,6_talk,"I don’t socialize much, but I keep in touch with a few people.","27_relationship_social, 1",27_relationship_social
909,1,1,6_talk,"I interact with people at work, but not outside of that.","27_relationship_social, 1",27_relationship_social
910,1,1,6_talk,"I talk to my friends when they reach out, but I rarely initiate.","6_talk, 1",6_talk
911,1,1,6_talk,"I have conversations, but they are mostly short and casual.","6_talk, 1",6_talk
912,1,0,6_talk,"I like being alone, but I still talk to people sometimes.","6_talk, 0",6_talk
913,1,1,6_talk,I message my friends occasionally but don’t meet up much.,"6_talk, 1",6_talk
914,1,1,6_talk,I talk to people when necessary but don’t seek out social interactions.,"6_talk, 1",6_talk
915,1,1,6_talk,I sometimes join group conversations but don’t contribute much.,"6_talk, 1",6_talk
916,1,1,6_talk,I don’t talk to many people outside of work or school.,"6_talk, 1",6_talk
917,1,1,6_talk,"I avoid long conversations, but I do talk to people.","6_talk, 1",6_talk
918,1,1,6_talk,I respond to messages but don’t usually start conversations.,"6_talk, 1",6_talk
919,1,1,6_talk,"I like socializing, but I haven’t been very active lately.","27_relationship_social, 1",27_relationship_social
920,1,0,6_talk,I don’t feel the need to talk to people every day.,"6_talk, 0",6_talk
921,1,0,6_talk,I prefer small interactions rather than long conversations.,"6_talk, 0",6_talk
922,1,1,6_talk,"I talk to my coworkers, but I don’t reach out to friends much.","27_relationship_social, 1",27_relationship_social
923,1,1,6_talk,I stay connected through social media rather than direct conversations.,"6_talk, 1",6_talk
924,1,1,6_talk,"I attend meetings, but I mostly just listen.","6_talk, 1",6_talk
925,1,1,6_talk,"I interact with people, but I prefer keeping to myself.","6_talk, 1",6_talk
926,1,1,6_talk,"I go days without talking to anyone, but it doesn’t bother me.","6_talk, 1",6_talk
927,1,1,6_talk,"I have conversations, but they are usually work-related.","6_talk, 1",6_talk
928,1,1,6_talk,"I don’t mind talking to people, but I don’t actively seek it out.","6_talk, 1",6_talk
929,1,1,6_talk,I reply to messages after a long time.,"6_talk, 1",6_talk
930,1,1,6_talk,"I don’t engage much in conversations, but I listen.","6_talk, 1",6_talk
931,1,1,6_talk,"I talk to my roommate, but we don’t have deep conversations.","7_emo, 1",7_emo
932,1,1,6_talk,"I try to socialize, but sometimes I just don’t feel like it.","6_talk, 1",6_talk
933,1,1,6_talk,"I talk to people when I have to, but I don’t enjoy it much.","6_talk, 1",6_talk
934,1,1,6_talk,I interact with my family but keep conversations short.,"19_family_relationship, 1",19_family_relationship
935,1,1,6_talk,"I don’t call people often, but I’ll answer if they call me.","6_talk, 1",6_talk
936,1,1,6_talk,"I used to talk to people more, but now I do it less.","6_talk, 1",6_talk
937,1,0,6_talk,I like my own company but don’t completely avoid socializing.,"6_talk, 0",6_talk
938,1,1,6_talk,I sometimes ignore calls and messages unintentionally.,"6_talk, 1",6_talk
939,1,1,6_talk,I join in conversations but don’t feel very engaged.,"6_talk, 1",6_talk
940,1,1,6_talk,"I feel awkward in social situations, so I keep to myself.","6_talk, 1",6_talk
941,1,1,6_talk,I don't talk to others a lot.,"6_talk, 1",6_talk
942,1,1,6_talk,"I talk to people, but I mostly keep conversations short.","6_talk, 1",6_talk
943,1,1,6_talk,"I have a few friends I talk to, but I don't actively reach out often.","6_talk, 1",6_talk
944,1,1,6_talk,"I sometimes go days without talking to anyone, but I don't mind.","6_talk, 1",6_talk
945,1,1,6_talk,Sometimes I talk to people.,"6_talk, 1",6_talk
946,1,1,6_talk,"I interact with people at work, but I don't have personal conversations.","27_relationship_social, 1",27_relationship_social
947,1,1,6_talk,"I talk to my family occasionally, but not as much as I used to.","19_family_relationship, 1",19_family_relationship
948,1,1,6_talk,I don’t always reply to messages right away.,"6_talk, 1",6_talk
949,1,1,6_talk,"I chat with people online, but I rarely talk to anyone in person.","6_talk, 1",6_talk
950,1,1,6_talk,I avoid long conversations because they drain me.,"6_talk, 1",6_talk
951,1,1,6_talk,"I talk to people when necessary, but I don’t enjoy it much.","6_talk, 1",6_talk
952,2,2,6_talk,I can’t remember the last time I had a real conversation.,"6_talk, 2",6_talk
953,2,2,6_talk,I don’t even text people back anymore.,"6_talk, 2",6_talk
954,2,2,6_talk,"I feel like no one understands me, so I don’t talk to anyone.","6_talk, 2",6_talk
955,2,1,6_talk,I stay silent even when I’m around others.,"6_talk, 1",6_talk
956,2,2,6_talk,I avoid social situations that I need to talk completely.,"6_talk, 2",6_talk
957,2,2,6_talk,I don’t talk to my family or friends anymore.,"6_talk, 2",6_talk
958,2,2,6_talk,"Even if someone reaches out, I ignore them.","6_talk, 2",6_talk
959,2,1,6_talk,I feel disconnected from everyone around me.,"26_support_social, 1",26_support_social
960,2,2,6_talk,"Talking to people feels exhausting, so I just don’t.","6_talk, 2",6_talk
961,2,2,6_talk,I have no interest in socializing and talking at all.,"6_talk, 2",6_talk
962,2,1,6_talk,It's a waste of time to talk to people.,"6_talk, 1",6_talk
963,2,1,6_talk,Why do I even need to talk to others?,"6_talk, 1",6_talk
964,2,1,6_talk,I don't like to share my personal life with others.,"7_emo, 1",7_emo
965,2,1,6_talk,I don't like to share anything with others.,"7_emo, 1",7_emo
966,2,1,6_talk,I don't want to talk to others.,"6_talk, 1",6_talk
967,2,1,6_talk,I don't want to talk to anyone.,"6_talk, 1",6_talk
968,2,2,6_talk,I don't want to chat with anyone.,"6_talk, 2",6_talk
969,2,1,6_talk,I don't want to chat with others.,"6_talk, 1",6_talk
970,2,1,6_talk,Talking to others is meaningless.,"6_talk, 1",6_talk
971,2,2,6_talk,I haven't been talking to anyone.,"6_talk, 2",6_talk
972,2,2,6_talk,I did not talk to anyone.,"6_talk, 2",6_talk
973,2,1,6_talk,I did not meet anyone recently,"6_talk, 1",6_talk
974,2,1,6_talk,I did not meet anyone these days,"6_talk, 1",6_talk
975,2,1,6_talk,I did not chat with anyone recently,"6_talk, 1",6_talk
976,2,1,6_talk,I did not chat with anyone these days,"6_talk, 1",6_talk
977,2,1,6_talk,I don't like to talk to others,"6_talk, 1",6_talk
978,2,1,6_talk,I don't like to talk to anyone,"6_talk, 1",6_talk
979,2,1,6_talk,I prefer not to talk to anyone,"6_talk, 1",6_talk
980,2,1,6_talk,I prefer to stay alone.,"6_talk, 1",6_talk
981,2,2,6_talk,I be alone the whole time,"26_support_social, 2",26_support_social
982,2,2,6_talk,I have completely isolated myself from others.,"6_talk, 2",6_talk
983,2,2,6_talk,I haven’t spoken to anyone in a long time.,"6_talk, 2",6_talk
984,2,1,6_talk,I ignore messages and calls from friends and family.,"6_talk, 1",6_talk
985,2,2,6_talk,I don’t feel like interacting with anyone at all.,"6_talk, 2",6_talk
986,2,2,6_talk,"I have no one to talk to, and it doesn’t bother me.","26_support_social, 2",26_support_social
987,2,1,6_talk,I avoid answering the phone or responding to texts.,"6_talk, 1",6_talk
988,2,2,6_talk,"I used to talk to people, but now I just stay silent.","6_talk, 2",6_talk
989,2,2,6_talk,"I feel uncomfortable interacting with others, so I don’t.","6_talk, 2",6_talk
990,2,1,6_talk,I don’t even make small talk with people around me.,"6_talk, 1",6_talk
991,2,2,6_talk,I haven’t had a meaningful conversation in a long time.,"6_talk, 2",6_talk
992,2,1,6_talk,"I ignore messages, even from close friends.","6_talk, 1",6_talk
993,2,1,6_talk,I go entire days without speaking to anyone.,"6_talk, 1",6_talk
994,2,1,6_talk,I don’t have the energy to keep up with conversations.,"6_talk, 1",6_talk
995,2,1,6_talk,I feel like I’m invisible because I don’t talk to people.,"6_talk, 1",6_talk
996,2,2,6_talk,I don’t respond when people try to start a conversation with me.,"6_talk, 2",6_talk
997,2,2,6_talk,I don’t see the point in talking to others anymore.,"6_talk, 2",6_talk
998,2,2,6_talk,I prefer complete isolation over any form of communication.,"6_talk, 2",6_talk
999,2,2,6_talk,I lost interest in socializing altogether.,"6_talk, 2",6_talk
1000,2,1,6_talk,"Even when people try to talk to me, I shut them out.","6_talk, 1",6_talk
1001,2,2,6_talk,"I can’t hold a conversation anymore, I don’t know what to say.","6_talk, 2",6_talk
1002,2,1,6_talk,I feel like I have nothing to contribute to a conversation.,"6_talk, 1",6_talk
1003,2,2,6_talk,I avoid eye contact and try not to engage with anyone.,"6_talk, 2",6_talk
1004,2,1,6_talk,I push people away when they try to talk to me.,"6_talk, 1",6_talk
1005,2,1,6_talk,I don’t even have small talk with cashiers or strangers.,"6_talk, 1",6_talk
1006,2,2,6_talk,I mute notifications and never check messages.,"6_talk, 2",6_talk
1007,2,2,6_talk,"I feel extremely uncomfortable talking to people, so I don’t.","6_talk, 2",6_talk
1008,2,2,6_talk,I think I’ve forgotten how to have a conversation.,"6_talk, 2",6_talk
1009,2,2,6_talk,I have withdrawn from all social interactions.,"6_talk, 2",6_talk
1010,2,2,6_talk,I don’t care about friendships or connections anymore.,"27_relationship_social, 2",27_relationship_social
1011,2,2,6_talk,I haven’t spoken to my family in months.,"19_family_relationship, 2",19_family_relationship
1012,2,2,6_talk,I feel like I’m fading away because I don’t communicate with anyone.,"6_talk, 2",6_talk
1013,2,2,6_talk,I actively avoid seeing people in public.,"6_talk, 2",6_talk
1014,2,2,6_talk,I don’t even try to maintain relationships anymore.,"27_relationship_social, 2",27_relationship_social
1015,2,1,6_talk,I ignore people even when they talk directly to me.,"6_talk, 1",6_talk
1016,2,2,6_talk,I push away anyone who tries to get close to me.,"27_relationship_social, 2",27_relationship_social
1017,2,1,6_talk,Talking to people feels like a burden.,"6_talk, 1",6_talk
1018,2,1,6_talk,I just prefer being completely alone.,"6_talk, 1",6_talk
1019,0,2,7_emo,I cried to my friends every day.,"2_mood, 2",2_mood
1020,0,0,7_emo,I cried to my family.,"7_emo, 0",7_emo
1021,0,0,7_emo,I cried to my parents.,"7_emo, 0",7_emo
1022,0,0,7_emo,I cried to my mom.,"7_emo, 0",7_emo
1023,0,0,7_emo,I cried to my father.,"7_emo, 0",7_emo
1024,0,0,7_emo,I cried to my relatives.,"7_emo, 0",7_emo
1025,0,0,7_emo,I cried to my sister.,"7_emo, 0",7_emo
1026,0,0,7_emo,I cried to my brother.,"7_emo, 0",7_emo
1027,0,0,7_emo,I cried to my husband.,"7_emo, 0",7_emo
1028,0,0,7_emo,I cried to my wife.,"7_emo, 0",7_emo
1029,0,0,7_emo,I cried to my son.,"7_emo, 0",7_emo
1030,0,0,7_emo,I cried to my daughter.,"7_emo, 0",7_emo
1031,0,0,7_emo,I cried to my fiancee.,"7_emo, 0",7_emo
1032,0,0,7_emo,I cried to my doctor.,"7_emo, 0",7_emo
1033,0,0,7_emo,I cried to my therapist.,"7_emo, 0",7_emo
1034,0,0,7_emo,I cried to my family and friends.,"7_emo, 0",7_emo
1035,0,0,7_emo,I cried to my family and colleagues.,"7_emo, 0",7_emo
1036,0,0,7_emo,I cried to my friends and colleagues.,"7_emo, 0",7_emo
1037,0,0,7_emo,I expressed anger to my friends.,"7_emo, 0",7_emo
1038,0,0,7_emo,I expressed anger to my family.,"7_emo, 0",7_emo
1039,0,0,7_emo,I expressed anger to my parents.,"7_emo, 0",7_emo
1040,0,0,7_emo,I expressed anger to my mom.,"7_emo, 0",7_emo
1041,0,0,7_emo,I expressed anger to my father.,"7_emo, 0",7_emo
1042,0,0,7_emo,I expressed anger to my relatives.,"7_emo, 0",7_emo
1043,0,0,7_emo,I expressed anger to my sister.,"7_emo, 0",7_emo
1044,0,0,7_emo,I expressed anger to my brother.,"7_emo, 0",7_emo
1045,0,0,7_emo,I expressed anger to my husband.,"7_emo, 0",7_emo
1046,0,0,7_emo,I expressed anger to my wife.,"7_emo, 0",7_emo
1047,0,0,7_emo,I expressed anger to my son.,"7_emo, 0",7_emo
1048,0,0,7_emo,I expressed anger to my daughter.,"7_emo, 0",7_emo
1049,0,0,7_emo,I expressed anger to my fiance.,"7_emo, 0",7_emo
1050,0,0,7_emo,I expressed anger to my fiancee.,"7_emo, 0",7_emo
1051,0,0,7_emo,I expressed anger to my doctor.,"7_emo, 0",7_emo
1052,0,0,7_emo,I expressed anger to my therapist.,"7_emo, 0",7_emo
1053,0,0,7_emo,I expressed anger to my counselor.,"7_emo, 0",7_emo
1054,0,0,7_emo,I expressed anger to my family and friends.,"7_emo, 0",7_emo
1055,0,0,7_emo,I expressed anger to my family and colleagues.,"7_emo, 0",7_emo
1056,0,0,7_emo,I share my feelings with my friends.,"7_emo, 0",7_emo
1057,0,0,7_emo,I share my feelings with my family.,"7_emo, 0",7_emo
1058,0,0,7_emo,I share my feelings with my parents.,"7_emo, 0",7_emo
1059,0,0,7_emo,I share my feelings with my mom.,"7_emo, 0",7_emo
1060,0,0,7_emo,I share my feelings with my father.,"7_emo, 0",7_emo
1061,0,0,7_emo,I share my feelings with my relatives.,"7_emo, 0",7_emo
1062,0,0,7_emo,I share my feelings with my sister.,"7_emo, 0",7_emo
1063,0,0,7_emo,I share my feelings with my brother.,"7_emo, 0",7_emo
1064,0,0,7_emo,I share my feelings with my husband.,"7_emo, 0",7_emo
1065,0,0,7_emo,I share my feelings with my wife.,"7_emo, 0",7_emo
1066,0,0,7_emo,I share my feelings with my son.,"7_emo, 0",7_emo
1067,0,0,7_emo,I share my feelings with my daughter.,"7_emo, 0",7_emo
1068,0,0,7_emo,I share my feelings with my fiance.,"7_emo, 0",7_emo
1069,0,0,7_emo,I share my feelings with my fiancee.,"7_emo, 0",7_emo
1070,0,0,7_emo,I share my feelings with my doctor.,"7_emo, 0",7_emo
1071,0,0,7_emo,I share my feelings with my therapist.,"7_emo, 0",7_emo
1072,0,0,7_emo,I share my feelings with my counselor.,"7_emo, 0",7_emo
1073,0,0,7_emo,I share my feelings with my family and friends.,"7_emo, 0",7_emo
1074,0,0,7_emo,I share my feelings with my family and colleagues.,"7_emo, 0",7_emo
1075,0,0,7_emo,I am a good listener.,"6_talk, 0",6_talk
1076,0,0,7_emo,I openly share my feelings with my close friends.,"7_emo, 0",7_emo
1077,0,0,7_emo,I feel comfortable expressing my emotions to my partner.,"7_emo, 0",7_emo
1078,0,0,7_emo,I recently cried to my mom about something bothering me.,"7_emo, 0",7_emo
1079,0,0,7_emo,I have deep conversations with my siblings about my emotions.,"7_emo, 0",7_emo
1080,0,0,7_emo,I tell my best friend how I feel whenever something is on my mind.,"7_emo, 0",7_emo
1081,0,0,7_emo,I vent to my colleagues about work stress.,"7_emo, 0",7_emo
1082,0,0,7_emo,I openly discuss my frustrations with my spouse.,"7_emo, 0",7_emo
1083,0,0,7_emo,I have no problem letting my emotions show in front of loved ones.,"7_emo, 0",7_emo
1084,0,0,7_emo,I journal my emotions and then talk about them with friends.,"7_emo, 0",7_emo
1085,0,0,7_emo,I had a heart-to-heart conversation with my dad last night.,"7_emo, 0",7_emo
1086,0,0,7_emo,I cried watching a movie and talked about it with my partner.,"7_emo, 0",7_emo
1087,0,0,7_emo,I express my joy and gratitude to my family often.,"7_emo, 0",7_emo
1088,0,0,7_emo,I talk about my feelings instead of bottling them up.,"7_emo, 0",7_emo
1089,0,0,7_emo,I had a long talk with my sister about something personal.,"7_emo, 0",7_emo
1090,0,0,7_emo,"I laugh, cry, and share emotions freely with my loved ones.","7_emo, 0",7_emo
1091,0,0,7_emo,I find it easy to open up about how I feel.,"7_emo, 0",7_emo
1092,0,0,7_emo,"I text my friends when I’m feeling down, and they support me.","26_support_social, 0",26_support_social
1093,0,0,7_emo,I had a deep talk with my friend about my emotions recently.,"7_emo, 0",7_emo
1094,0,0,7_emo,I don’t hesitate to tell my family when I need support.,"7_emo, 0",7_emo
1095,0,0,7_emo,I talk to my kids about my feelings in an age-appropriate way.,"7_emo, 0",7_emo
1096,0,0,7_emo,I shared my excitement about a big life change with my colleagues.,"7_emo, 0",7_emo
1097,0,0,7_emo,I confided in my best friend about a personal struggle.,"7_emo, 0",7_emo
1098,0,0,7_emo,I told my spouse how much I appreciate them today.,"7_emo, 0",7_emo
1099,0,0,7_emo,I recently cried out of happiness and shared the moment with my loved ones.,"7_emo, 0",7_emo
1100,0,0,7_emo,I had an emotional talk with my grandparents.,"7_emo, 0",7_emo
1101,0,0,7_emo,I am open about my feelings and don't hide them.,"7_emo, 0",7_emo
1102,0,0,7_emo,I called my therapist to discuss my emotions in depth.,"4_care, 0",4_care
1103,0,0,7_emo,I believe that expressing emotions strengthens my relationships.,"7_emo, 0",7_emo
1104,0,0,7_emo,I share my thoughts and worries with my partner daily.,"7_emo, 0",7_emo
1105,0,0,7_emo,I reached out to a friend to talk about a rough day I had.,"7_emo, 0",7_emo
1106,0,0,7_emo,"I cried to my coworker after a stressful week, and they were supportive.","7_emo, 0",7_emo
1107,0,0,7_emo,"I express anger, sadness, and happiness without holding back.","7_emo, 0",7_emo
1108,0,0,7_emo,I make an effort to talk about my emotions instead of suppressing them.,"7_emo, 0",7_emo
1109,0,0,7_emo,I feel safe talking about my feelings with the people close to me.,"7_emo, 0",7_emo
1110,0,0,7_emo,I openly cry during emotional moments in movies or books.,"7_emo, 0",7_emo
1111,0,0,7_emo,"I told my therapist about a past trauma, and it was a relief to share.","7_emo, 0",7_emo
1112,0,0,7_emo,I make sure to express love and gratitude to those around me.,"7_emo, 0",7_emo
1113,0,0,7_emo,I don’t hesitate to say ‘I love you’ to the people who matter.,"7_emo, 0",7_emo
1114,0,0,7_emo,I thanked my friend for always listening to me vent.,"26_support_social, 0",26_support_social
1115,0,0,7_emo,I wrote a heartfelt message to someone about how I feel.,"7_emo, 0",7_emo
1116,0,0,7_emo,I openly tell my coworkers when I feel stressed at work.,"7_emo, 0",7_emo
1117,0,0,7_emo,I had a meaningful talk with my partner about our relationship.,"7_emo, 0",7_emo
1118,0,0,7_emo,I cried while talking about an emotional memory with my family.,"7_emo, 0",7_emo
1119,0,0,7_emo,I had a tough conversation with my doctor about my mental health.,"4_care, 0",4_care
1120,0,0,7_emo,"I let my emotions out in healthy ways, like talking to people I trust.","7_emo, 0",7_emo
1121,0,0,7_emo,I enjoy deep conversations about feelings and emotions.,"7_emo, 0",7_emo
1122,0,0,7_emo,I make sure to express my emotions rather than suppress them.,"7_emo, 0",7_emo
1123,0,0,7_emo,I wrote a heartfelt letter to a loved one expressing my appreciation.,"7_emo, 0",7_emo
1124,1,1,7_emo,"I talk about my feelings, but not very often.","7_emo, 1",7_emo
1125,1,1,7_emo,"I sometimes share my emotions, but I hold back a lot.","7_emo, 1",7_emo
1126,1,1,7_emo,"I find it hard to express my emotions, but I try.","7_emo, 1",7_emo
1127,1,1,7_emo,I only open up when I feel really comfortable.,"7_emo, 1",7_emo
1128,1,1,7_emo,"I occasionally vent to my friends, but I keep most things private.","7_emo, 1",7_emo
1129,1,1,7_emo,"I let my emotions show sometimes, but not in front of everyone.","7_emo, 1",7_emo
1130,1,1,7_emo,"I talk about my problems, but I downplay my emotions.","7_emo, 1",7_emo
1131,1,1,7_emo,"I tell my family how I feel, but I don’t go too deep.","7_emo, 1",7_emo
1132,1,1,7_emo,I cry in private but rarely in front of others.,"7_emo, 1",7_emo
1133,1,1,7_emo,"I sometimes feel like talking about my emotions, but I stop myself.","7_emo, 1",7_emo
1134,1,1,7_emo,"I struggle to express my sadness, but I talk about it occasionally.","7_emo, 1",7_emo
1135,1,1,7_emo,I write about my feelings but don’t always share them.,"7_emo, 1",7_emo
1136,1,1,7_emo,I vent to people but feel guilty afterward.,"7_emo, 1",7_emo
1137,1,0,7_emo,"I talk about my feelings, but I don’t like making a big deal out of them.","7_emo, 0",7_emo
1138,1,1,7_emo,I express my emotions more through actions than words.,"7_emo, 1",7_emo
1139,1,1,7_emo,I find it difficult to cry in front of others.,"7_emo, 1",7_emo
1140,1,1,7_emo,"I don’t want to burden others with my problems, so I hold back.","7_emo, 1",7_emo
1141,1,0,7_emo,I let my feelings out in bits and pieces rather than all at once.,"7_emo, 0",7_emo
1142,1,1,7_emo,I wish I could express my emotions better.,"7_emo, 1",7_emo
1143,1,1,7_emo,"I don’t like showing vulnerability, so I only share a little.","7_emo, 1",7_emo
1144,1,1,7_emo,I occasionally cry to my partner but not anyone else.,"7_emo, 1",7_emo
1145,1,1,7_emo,"I share my emotions with one or two people, but not everyone.","7_emo, 1",7_emo
1146,1,1,7_emo,I hesitate before talking about my emotions.,"7_emo, 1",7_emo
1147,1,0,7_emo,"I don’t cry often, but when I do, I talk about it.","7_emo, 0",7_emo
1148,1,1,7_emo,"I talk about my feelings sometimes, but I feel awkward doing it.","7_emo, 1",7_emo
1149,1,1,7_emo,I vent about small things but not about big emotions.,"7_emo, 1",7_emo
1150,1,0,7_emo,"I don’t mind talking about emotions, but I prefer to listen.","7_emo, 0",7_emo
1151,1,1,7_emo,"I keep most of my emotions to myself, except in rare cases.","7_emo, 1",7_emo
1152,1,1,7_emo,"I try to express myself, but I often hold back.","7_emo, 1",7_emo
1153,1,1,7_emo,I sometimes wish I had someone to talk to about my emotions.,"26_support_social, 1",26_support_social
1154,1,1,7_emo,I keep my emotions under control most of the time.,"2_mood, 1",2_mood
1155,1,0,7_emo,"I tell people how I feel, but I choose my words carefully.","7_emo, 0",7_emo
1156,1,1,7_emo,"I sometimes cry in front of others, but I feel embarrassed about it.","7_emo, 1",7_emo
1157,1,1,7_emo,I get emotional but prefer to deal with it on my own.,"7_emo, 1",7_emo
1158,1,1,7_emo,"I occasionally vent, but I don’t go into much detail.","7_emo, 1",7_emo
1159,1,1,7_emo,"I try to talk about my emotions, but it doesn’t come naturally.","7_emo, 1",7_emo
1160,1,1,7_emo,"I don’t like crying in front of others, but sometimes it happens.","7_emo, 1",7_emo
1161,1,1,7_emo,"I don’t express feelings often, but I appreciate when others do.","7_emo, 1",7_emo
1162,1,1,7_emo,"I talk about my emotions occasionally, but I struggle with it.","7_emo, 1",7_emo
1163,1,1,7_emo,I sometimes get emotional but try to hide it.,"7_emo, 1",7_emo
1164,1,1,7_emo,I try to be vulnerable and express feelings but find it uncomfortable.,"7_emo, 1",7_emo
1165,1,1,7_emo,"I don’t cry much, but when I do, I keep it to myself.","7_emo, 1",7_emo
1166,1,0,7_emo,I let out my emotions through hobbies instead of words.,"32_coping, 0",32_coping
1167,1,0,7_emo,I express my feelings through writing rather than speaking.,"7_emo, 0",7_emo
1168,1,1,7_emo,"I want to open up more, but it’s hard for me.","7_emo, 1",7_emo
1169,1,0,7_emo,I let my feelings show in private but not in public.,"7_emo, 0",7_emo
1170,1,1,7_emo,"I struggle to talk about my emotions, but I’m working on it.","7_emo, 1",7_emo
1171,2,2,7_emo,I never share my feelings with others.,"7_emo, 2",7_emo
1172,2,1,7_emo,I hardly ever share my feelings with others.,"7_emo, 1",7_emo
1173,2,0,7_emo,I never get mad at others.,"2_mood, 0",2_mood
1174,2,1,7_emo,I never express anger to others.,"7_emo, 1",7_emo
1175,2,1,7_emo,I hardly ever express my feeling to others.,"7_emo, 1",7_emo
1176,2,2,7_emo,I don't talk to my family and colleagues.,"6_talk, 2",6_talk
1177,2,2,7_emo,I don't talk to my friends.,"27_relationship_social, 2",27_relationship_social
1178,2,2,7_emo,I don't talk to my family.,"19_family_relationship, 2",19_family_relationship
1179,2,2,7_emo,I don't talk to my parents.,"19_family_relationship, 2",19_family_relationship
1180,2,1,7_emo,I don't talk to my mom.,"19_family_relationship, 1",19_family_relationship
1181,2,1,7_emo,I don't talk to my father.,"19_family_relationship, 1",19_family_relationship
1182,2,1,7_emo,I don't talk to my relatives.,"19_family_relationship, 1",19_family_relationship
1183,2,1,7_emo,I don't talk to my sister.,"19_family_relationship, 1",19_family_relationship
1184,2,1,7_emo,I don't talk to my brother.,"19_family_relationship, 1",19_family_relationship
1185,2,2,7_emo,I don't talk to my husband.,"19_family_relationship, 2",19_family_relationship
1186,2,2,7_emo,I don't talk to my wife.,"19_family_relationship, 2",19_family_relationship
1187,2,1,7_emo,I don't talk to my son.,"19_family_relationship, 1",19_family_relationship
1188,2,1,7_emo,I don't talk to my daughter.,"19_family_relationship, 1",19_family_relationship
1189,2,2,7_emo,I don't talk to my fiance.,"6_talk, 2",6_talk
1190,2,2,7_emo,I don't talk to my fiancee.,"6_talk, 2",6_talk
1191,2,1,7_emo,I don't talk to my doctor.,"4_care, 1",4_care
1192,2,1,7_emo,I don't talk to my therapist.,"4_care, 1",4_care
1193,2,1,7_emo,I don't talk to my counselor.,"4_care, 1",4_care
1194,2,2,7_emo,I don't talk to my family and friends.,"6_talk, 2",6_talk
1195,2,2,7_emo,I never share my feelings with my family and colleagues.,"7_emo, 2",7_emo
1196,2,2,7_emo,I never share my feelings with my friends.,"7_emo, 2",7_emo
1197,2,2,7_emo,I never share my feelings with my family.,"7_emo, 2",7_emo
1198,2,1,7_emo,I never share my feelings with my parents.,"7_emo, 1",7_emo
1199,2,1,7_emo,I never share my feelings with my mom.,"7_emo, 1",7_emo
1200,2,1,7_emo,I never share my feelings with my father.,"7_emo, 1",7_emo
1201,2,2,7_emo,I never share my feelings with my relatives.,"7_emo, 2",7_emo
1202,2,1,7_emo,I never share my feelings with my sister.,"7_emo, 1",7_emo
1203,2,1,7_emo,I never share my feelings with my brother.,"7_emo, 1",7_emo
1204,2,2,7_emo,I never share my feelings with my husband.,"7_emo, 2",7_emo
1205,2,2,7_emo,I never share my feelings with my wife.,"7_emo, 2",7_emo
1206,2,1,7_emo,I never share my feelings with my son.,"7_emo, 1",7_emo
1207,2,2,7_emo,I never share my feelings with my daughter.,"7_emo, 2",7_emo
1208,2,2,7_emo,I never share my feelings with my fiance.,"7_emo, 2",7_emo
1209,2,2,7_emo,I never share my feelings with my fiancee.,"7_emo, 2",7_emo
1210,2,2,7_emo,I never share my feelings with my doctor.,"7_emo, 2",7_emo
1211,2,2,7_emo,I never share my feelings with my therapist.,"7_emo, 2",7_emo
1212,2,2,7_emo,I never share my feelings with my counselor.,"7_emo, 2",7_emo
1213,2,2,7_emo,I never share my feelings with my family and friends.,"7_emo, 2",7_emo
1214,2,1,7_emo,I don't share my feelings with my family and colleagues.,"7_emo, 1",7_emo
1215,2,1,7_emo,I don't share my feelings with my friends.,"7_emo, 1",7_emo
1216,2,1,7_emo,I don't share my feelings with my family.,"7_emo, 1",7_emo
1217,2,1,7_emo,I don't share my feelings with my parents.,"7_emo, 1",7_emo
1218,2,1,7_emo,I don't share my feelings with my mom.,"7_emo, 1",7_emo
1219,2,1,7_emo,I don't share my feelings with my father.,"7_emo, 1",7_emo
1220,2,1,7_emo,I don't share my feelings with my relatives.,"7_emo, 1",7_emo
1221,2,1,7_emo,I don't share my feelings with my sister.,"7_emo, 1",7_emo
1222,2,1,7_emo,I don't share my feelings with my brother.,"7_emo, 1",7_emo
1223,2,1,7_emo,I don't share my feelings with my husband.,"7_emo, 1",7_emo
1224,2,1,7_emo,I don't share my feelings with my wife.,"7_emo, 1",7_emo
1225,2,1,7_emo,I don't share my feelings with my son.,"7_emo, 1",7_emo
1226,2,1,7_emo,I don't share my feelings with my daughter.,"7_emo, 1",7_emo
1227,2,1,7_emo,I don't share my feelings with my fiance.,"7_emo, 1",7_emo
1228,2,1,7_emo,I don't share my feelings with my fiancee.,"7_emo, 1",7_emo
1229,2,1,7_emo,I don't share my feelings with my doctor.,"7_emo, 1",7_emo
1230,2,1,7_emo,I don't share my feelings with my therapist.,"7_emo, 1",7_emo
1231,2,1,7_emo,I don't share my feelings with my counselor.,"7_emo, 1",7_emo
1232,2,1,7_emo,I don't share my feelings with my family and friends.,"7_emo, 1",7_emo
1233,2,1,7_emo,I hate share my feelings with my friends.,"7_emo, 1",7_emo
1234,2,1,7_emo,I hate share my feelings with my family.,"7_emo, 1",7_emo
1235,2,1,7_emo,I hate share my feelings with my parents.,"7_emo, 1",7_emo
1236,2,1,7_emo,I hate share my feelings with my mom.,"7_emo, 1",7_emo
1237,2,1,7_emo,I hate share my feelings with my father.,"7_emo, 1",7_emo
1238,2,1,7_emo,I hate share my feelings with my relatives.,"7_emo, 1",7_emo
1239,2,1,7_emo,I hate share my feelings with my sister.,"7_emo, 1",7_emo
1240,2,1,7_emo,I hate share my feelings with my brother.,"7_emo, 1",7_emo
1241,2,1,7_emo,I hate share my feelings with my husband.,"7_emo, 1",7_emo
1242,2,1,7_emo,I hate share my feelings with my wife.,"7_emo, 1",7_emo
1243,2,1,7_emo,I hate share my feelings with my son.,"7_emo, 1",7_emo
1244,2,1,7_emo,I hate share my feelings with my daughter.,"7_emo, 1",7_emo
1245,2,1,7_emo,I hate share my feelings with my fiance.,"7_emo, 1",7_emo
1246,2,1,7_emo,I hate share my feelings with my fiancee.,"7_emo, 1",7_emo
1247,2,1,7_emo,I hate share my feelings with my doctor.,"7_emo, 1",7_emo
1248,2,1,7_emo,I hate share my feelings with my therapist.,"7_emo, 1",7_emo
1249,2,1,7_emo,I hate share my feelings with my counselor.,"7_emo, 1",7_emo
1250,2,1,7_emo,I hate share my feelings with my family and friends.,"7_emo, 1",7_emo
1251,2,2,7_emo,I never tell anyone how I feel.,"7_emo, 2",7_emo
1252,2,1,7_emo,I keep all my emotions bottled up inside.,"7_emo, 1",7_emo
1253,2,2,7_emo,I don’t talk about my problems with anyone.,"7_emo, 2",7_emo
1254,2,1,7_emo,I refuse to cry in front of others.,"7_emo, 1",7_emo
1255,2,1,7_emo,I never open up about my emotions.,"7_emo, 1",7_emo
1256,2,2,7_emo,"I feel like no one would understand me, so I stay silent.","7_emo, 2",7_emo
1257,2,2,7_emo,I don’t trust anyone enough to share my feelings.,"7_emo, 2",7_emo
1258,2,2,7_emo,"Even when I’m struggling, I don’t tell anyone.","7_emo, 2",7_emo
1259,2,2,7_emo,I avoid emotional conversations at all costs.,"7_emo, 2",7_emo
1260,2,1,7_emo,I don’t even know how to put my feelings into words.,"7_emo, 1",7_emo
1261,2,1,7_emo,I keep everything to myself because I don’t want to burden others.,"7_emo, 1",7_emo
1262,2,2,7_emo,"I never express anger, sadness, or happiness to anyone.","7_emo, 2",7_emo
1263,2,1,7_emo,I don’t like talking about my emotions—it makes me uncomfortable.,"7_emo, 1",7_emo
1264,2,1,7_emo,"I hate being vulnerable, so I stay silent.","7_emo, 1",7_emo
1265,2,1,7_emo,"I never cry in front of people, no matter how bad I feel.","7_emo, 1",7_emo
1266,2,1,7_emo,I don’t think expressing feelings is necessary.,"7_emo, 1",7_emo
1267,2,1,7_emo,I don’t see the point in telling others how I feel.,"7_emo, 1",7_emo
1268,2,1,7_emo,I don’t want to share my emotions because people might judge me.,"7_emo, 1",7_emo
1269,2,2,7_emo,"I feel disconnected from everyone, so I keep everything inside.","7_emo, 2",7_emo
1270,2,2,7_emo,I don’t feel safe expressing my emotions to anyone.,"7_emo, 2",7_emo
1271,2,1,7_emo,"Even when I want to talk, I can’t seem to find the words.","7_emo, 1",7_emo
1272,2,1,7_emo,I don’t cry in front of others because I don’t want to appear weak.,"7_emo, 1",7_emo
1273,2,2,7_emo,I shut down when people ask me about my feelings.,"7_emo, 2",7_emo
1274,2,1,7_emo,I have trouble trusting people enough to share my emotions.,"7_emo, 1",7_emo
1275,2,2,7_emo,"I feel like my emotions don’t matter, so I don’t talk about them.","7_emo, 2",7_emo
1276,2,1,7_emo,I don’t like to talk about my feelings because it makes me anxious.,"7_emo, 1",7_emo
1277,2,2,7_emo,I don’t feel close enough to anyone to share my emotions.,"7_emo, 2",7_emo
1278,2,2,7_emo,I can’t even remember the last time I opened up to someone.,"7_emo, 2",7_emo
1279,2,1,7_emo,"I hate talking about emotions, even my own.","7_emo, 1",7_emo
1280,2,2,7_emo,I don’t know how to express my feelings in words.,"7_emo, 2",7_emo
1281,2,1,7_emo,I keep my sadness and anger to myself.,"7_emo, 1",7_emo
1282,2,2,7_emo,"I feel empty inside, so there’s nothing to express.","2_mood, 2",2_mood
1283,2,1,7_emo,I don’t like to express my feelings because I don’t think people care.,"7_emo, 1",7_emo
1284,2,1,7_emo,I avoid crying or showing emotions in front of people.,"7_emo, 1",7_emo
1285,2,1,7_emo,I push people away instead of talking about my problems.,"7_emo, 1",7_emo
1286,2,2,7_emo,"I keep everything inside, and it’s starting to feel overwhelming.","7_emo, 2",7_emo
1287,2,1,7_emo,I don’t talk about my emotions because I don’t want to seem weak.,"7_emo, 1",7_emo
1288,2,1,7_emo,I feel like people wouldn’t care even if I did express my feelings.,"7_emo, 1",7_emo
1289,2,1,7_emo,I try to act like I’m fine even when I’m not.,"7_emo, 1",7_emo
1290,2,1,7_emo,"I don’t let myself cry, even when I feel like I need to.","7_emo, 1",7_emo
1291,2,1,7_emo,I don’t think anyone would listen even if I did share my emotions.,"7_emo, 1",7_emo
1292,2,2,7_emo,"I never let my emotions show, even when I’m alone.","7_emo, 2",7_emo
1293,2,1,7_emo,I avoid deep conversations because I don’t want to talk about myself.,"7_emo, 1",7_emo
1294,2,1,7_emo,I don’t think my feelings are important enough to share.,"7_emo, 1",7_emo
1295,2,2,7_emo,I avoid therapy because I don’t want to talk about my emotions.,"4_care, 2",4_care
1296,2,1,7_emo,"I feel like I’m alone, even when I’m around people.","26_support_social, 1",26_support_social
1297,2,1,7_emo,I feel uncomfortable whenever someone asks me about my feelings.,"7_emo, 1",7_emo
1298,2,2,7_emo,I don’t have anyone I feel comfortable expressing my emotions to.,"7_emo, 2",7_emo
1299,2,1,7_emo,"I hate showing emotions, so I suppress them as much as possible.","7_emo, 1",7_emo
1300,0,0,8_safe,I feel safe.,"8_safe, 0",8_safe
1301,0,0,8_safe,I am safe.,"8_safe, 0",8_safe
1302,0,0,8_safe,I am not threatened by anyone.,"8_safe, 0",8_safe
1303,0,0,8_safe,I feel pretty safe.,"8_safe, 0",8_safe
1304,0,0,8_safe,I don't feel danger around.,"8_safe, 0",8_safe
1305,0,0,8_safe,I live in a safe environment.,"8_safe, 0",8_safe
1306,0,0,8_safe,I can take good care of myself.,"Other, 0","NA, 99"
1307,0,0,8_safe,I make safe choices.,"8_safe, 0",8_safe
1308,0,0,8_safe,I make safe decisions.,"8_safe, 0",8_safe
1309,0,0,8_safe,I always consider safety in my decision making.,"9_risk, 0",9_risk
1310,0,0,8_safe,I always have my safety as the priority.,"8_safe, 0",8_safe
1311,0,0,8_safe,I always keep my safety as the top priority.,"8_safe, 0",8_safe
1312,0,0,8_safe,I consider my safety first.,"8_safe, 0",8_safe
1313,0,0,8_safe,My safety is very important.,"8_safe, 0",8_safe
1314,0,0,8_safe,My safety is the top priority.,"8_safe, 0",8_safe
1315,0,0,8_safe,My safety is always considered.,"8_safe, 0",8_safe
1316,0,0,8_safe,The priority of my safety is very high.,"8_safe, 0",8_safe
1317,0,0,8_safe,Nothing is more important than my safety.,"8_safe, 0",8_safe
1318,0,0,8_safe,I take necessary precautions to keep myself safe.,"8_safe, 0",8_safe
1319,0,0,8_safe,I always lock my doors and windows before sleeping.,"8_safe, 0",8_safe
1320,0,0,8_safe,I avoid walking alone at night in unfamiliar areas.,"8_safe, 0",8_safe
1321,0,0,8_safe,I trust my surroundings and feel completely safe.,"8_safe, 0",8_safe
1322,0,0,8_safe,I carry a personal safety alarm just in case.,"8_safe, 0",8_safe
1323,0,0,8_safe,I take safety measures when traveling alone.,"8_safe, 0",8_safe
1324,0,0,8_safe,I always share my location with a trusted friend when I go out.,"8_safe, 0",8_safe
1325,0,0,8_safe,I never take unnecessary risks with my personal safety.,"9_risk, 0",9_risk
1326,0,0,8_safe,I stay aware of my surroundings at all times.,"8_safe, 0",8_safe
1327,0,0,8_safe,I always check my car before getting in at night.,"8_safe, 0",8_safe
1328,0,0,8_safe,I live in a safe neighborhood and feel secure.,"8_safe, 0",8_safe
1329,0,0,8_safe,I make sure my workplace follows safety protocols.,"8_safe, 0",8_safe
1330,0,0,8_safe,I don’t engage in activities that could put me in harm’s way.,"9_risk, 0",9_risk
1331,0,0,8_safe,I take cybersecurity seriously and protect my online data.,"8_safe, 0",8_safe
1332,0,0,8_safe,I only go to places where I feel completely safe.,"8_safe, 0",8_safe
1333,0,0,8_safe,I listen to my instincts when it comes to safety concerns.,"8_safe, 0",8_safe
1334,0,0,8_safe,I always use seat belts when driving or riding in a car.,"8_safe, 0",8_safe
1335,0,0,8_safe,I don’t engage in reckless behaviors.,"9_risk, 0",9_risk
1336,0,0,8_safe,I take care of my physical and mental well-being to stay safe.,"8_safe, 0",8_safe
1337,0,0,8_safe,I don’t take substances that could impair my judgment.,"20_alcohol, 0",20_alcohol
1338,0,0,8_safe,I double-check before crossing the street.,"8_safe, 0",8_safe
1339,0,0,8_safe,I trust the people around me and feel secure.,"8_safe, 0",8_safe
1340,0,0,8_safe,I always let someone know my plans when going somewhere new.,"8_safe, 0",8_safe
1341,0,0,8_safe,I avoid dangerous situations whenever possible.,"9_risk, 0",9_risk
1342,0,0,8_safe,I keep my home well-lit at night for added security.,"8_safe, 0",8_safe
1343,0,0,8_safe,I take self-defense classes to feel more confident in my safety.,"8_safe, 0",8_safe
1344,0,0,8_safe,I have emergency contacts saved on my phone.,"8_safe, 0",8_safe
1345,0,0,8_safe,I don’t put myself in situations where I could get hurt.,"9_risk, 0",9_risk
1346,0,0,8_safe,I feel safe in my home and workplace.,"8_safe, 0",8_safe
1347,0,0,8_safe,I ensure my valuables are stored securely.,"15_finance, 0",15_finance
1348,0,0,8_safe,I use strong passwords and protect my online accounts.,"Other, 0","NA, 99"
1349,0,0,8_safe,I follow health and safety guidelines to avoid injuries.,"8_safe, 0",8_safe
1350,0,0,8_safe,I check my surroundings before using public transportation.,"8_safe, 0",8_safe
1351,0,0,8_safe,I keep my phone fully charged when going out for safety reasons.,"8_safe, 0",8_safe
1352,0,0,8_safe,I follow emergency evacuation plans when necessary.,"8_safe, 0",8_safe
1353,0,0,8_safe,I don’t engage in extreme sports or activities without proper training.,"9_risk, 0",9_risk
1354,0,0,8_safe,I am cautious about whom I trust with personal information.,"29_safe_sex, 0",29_safe_sex
1355,0,0,8_safe,I don’t engage in fights or confrontations.,"9_risk, 0",9_risk
1356,0,0,8_safe,I know how to handle emergencies calmly and safely.,"8_safe, 0",8_safe
1357,0,0,8_safe,I practice good hygiene to keep myself safe from illnesses.,"36_hygiene, 0",36_hygiene
1358,0,0,8_safe,I avoid talking to strangers in unsafe areas.,"8_safe, 0",8_safe
1359,0,0,8_safe,I trust my friends and family to look out for me.,"26_support_social, 0",26_support_social
1360,0,0,8_safe,I avoid consuming too much alcohol to stay in control.,"22_substance, 0",22_substance
1361,0,0,8_safe,I have a safety plan in case of an emergency.,"8_safe, 0",8_safe
1362,0,0,8_safe,I always follow my gut feeling when something doesn’t seem right.,"8_safe, 0",8_safe
1363,0,0,8_safe,I always research places before traveling for safety.,"8_safe, 0",8_safe
1364,0,0,8_safe,I make sure to stay in well-lit areas at night.,"8_safe, 0",8_safe
1365,0,0,8_safe,I trust the security measures in my workplace and community.,"8_safe, 0",8_safe
1366,0,0,8_safe,I listen to safety warnings and alerts.,"8_safe, 0",8_safe
1367,0,0,8_safe,I take the necessary precautions when trying new activities.,"9_risk, 0",9_risk
1368,0,0,8_safe,I feel protected by the people in my life.,"26_support_social, 0",26_support_social
1369,0,0,8_safe,I always verify information before making big decisions.,"17_problem, 0",17_problem
1370,0,0,8_safe,I ask for help when I feel unsure about a safety issue.,"8_safe, 0",8_safe
1371,0,0,8_safe,I lock my car doors immediately after entering.,"8_safe, 0",8_safe
1372,0,0,8_safe,I never ignore warning signs that something might be unsafe.,"9_risk, 0",9_risk
1373,0,0,8_safe,I use common sense to stay out of trouble.,"34_lawful, 0",34_lawful
1374,0,0,8_safe,I have a strong support system that makes me feel safe.,"26_support_social, 0",26_support_social
1375,1,1,8_safe,I don't always keep my safety as the top priority.,"8_safe, 1",8_safe
1376,1,1,8_safe,My safety isn't always considered.,"8_safe, 1",8_safe
1377,1,1,8_safe,The priority of my safety is not very high.,"8_safe, 1",8_safe
1378,1,1,8_safe,I sometimes take shortcuts through unsafe areas but try to be cautious.,"9_risk, 1",9_risk
1379,1,1,8_safe,"I don’t always lock my doors at night, but I should.","8_safe, 1",8_safe
1380,1,1,8_safe,I occasionally forget to check my surroundings when walking alone.,"8_safe, 1",8_safe
1381,1,1,8_safe,I sometimes walk home late at night without telling anyone.,"9_risk, 1",9_risk
1382,1,1,8_safe,I don’t always think about safety before making a decision.,"8_safe, 1",8_safe
1383,1,1,8_safe,"I forget to take safety measures sometimes, but I try to be careful.","8_safe, 1",8_safe
1384,1,1,8_safe,I feel mostly safe but occasionally have concerns.,"8_safe, 1",8_safe
1385,1,1,8_safe,I don’t always share my location with someone when I go out alone.,"8_safe, 1",8_safe
1386,1,1,8_safe,I sometimes ignore my instincts when I should be more cautious.,"9_risk, 1",9_risk
1387,1,1,8_safe,I drive slightly above the speed limit sometimes.,"9_risk, 1",9_risk
1388,1,1,8_safe,I don’t always double-check locks before leaving home.,"8_safe, 1",8_safe
1389,1,1,8_safe,I feel safe most of the time but sometimes get nervous in certain areas.,"8_safe, 1",8_safe
1390,1,1,8_safe,"I take public transportation late at night sometimes, but I stay alert.","9_risk, 1",9_risk
1391,1,1,8_safe,I occasionally engage in thrill-seeking activities.,"9_risk, 1",9_risk
1392,1,1,8_safe,I don’t always follow recommended safety guidelines.,"8_safe, 1",8_safe
1393,1,1,8_safe,I’ve been in slightly unsafe situations before but managed to get out.,"8_safe, 1",8_safe
1394,1,1,8_safe,I forget to check my surroundings when distracted.,"8_safe, 1",8_safe
1395,1,1,8_safe,I feel uncomfortable in certain places but still go there.,"9_risk, 1",9_risk
1396,1,1,8_safe,I ignore minor safety concerns sometimes.,"8_safe, 1",8_safe
1397,1,1,8_safe,I don’t always think about personal safety when making choices.,"8_safe, 1",8_safe
1398,1,1,8_safe,I sometimes get careless with my online privacy settings.,"9_risk, 1",9_risk
1399,1,1,8_safe,I have walked alone at night without being fully aware of my surroundings.,"9_risk, 1",9_risk
1400,1,1,8_safe,I feel uneasy in certain environments but continue going.,"2_mood, 1",2_mood
1401,1,1,8_safe,I sometimes avoid safety precautions because they feel unnecessary.,"9_risk, 1",9_risk
1402,1,1,8_safe,"I forget to carry my phone with me at times, which could be unsafe.","8_safe, 1",8_safe
1403,1,1,8_safe,"I don’t always prioritize my safety, but I try to be mindful.","8_safe, 1",8_safe
1404,1,1,8_safe,I feel relatively safe but worry occasionally.,"8_safe, 1",8_safe
1405,1,1,8_safe,I have put off fixing safety issues at home but plan to address them soon.,"8_safe, 1",8_safe
1406,1,1,8_safe,I sometimes let my guard down when I shouldn’t.,"9_risk, 1",9_risk
1407,1,1,8_safe,I engage in occasional reckless behavior.,"9_risk, 1",9_risk
1408,1,1,8_safe,I have been careless in certain situations but was lucky nothing happened.,"9_risk, 1",9_risk
1409,1,1,8_safe,I sometimes downplay safety concerns.,"8_safe, 1",8_safe
1410,1,1,8_safe,I tend to trust strangers more than I probably should.,"8_safe, 1",8_safe
1411,1,2,8_safe,I have ignored red flags in situations that later felt unsafe.,"9_risk, 2",9_risk
1412,1,1,8_safe,I sometimes take safety for granted and need to be more cautious.,"8_safe, 1",8_safe
1413,1,1,8_safe,I leave my personal belongings unattended at times.,"15_finance, 1",15_finance
1414,1,1,8_safe,I sometimes forget to tell someone where I’m going before leaving.,"8_safe, 1",8_safe
1415,1,1,8_safe,I tend to overlook safety measures when I’m in a rush.,"8_safe, 1",8_safe
1416,1,2,8_safe,I have been caught in unsafe situations due to a lack of planning.,"8_safe, 2",8_safe
1417,1,1,8_safe,I don’t always research new places before traveling.,"9_risk, 1",9_risk
1418,1,1,8_safe,I tend to be too trusting in unfamiliar situations.,"9_risk, 1",9_risk
1419,1,1,8_safe,I don’t always take necessary precautions when meeting new people.,"9_risk, 1",9_risk
1420,1,1,8_safe,"I feel mostly safe, but I worry sometimes.","8_safe, 1",8_safe
1421,1,1,8_safe,"I forget to lock my doors sometimes, but I generally feel safe.","8_safe, 1",8_safe
1422,1,1,8_safe,"I don’t always double-check my surroundings, but I try to be careful.","8_safe, 1",8_safe
1423,1,1,8_safe,I sometimes walk alone at night but usually stay alert.,"9_risk, 1",9_risk
1424,1,1,8_safe,"I try to prioritize safety, but I don’t always think about it.","8_safe, 1",8_safe
1425,1,1,8_safe,I sometimes engage in impulsive activities without considering safety.,"9_risk, 1",9_risk
1426,1,1,8_safe,"I don’t always tell people where I am, but I know I should.","8_safe, 1",8_safe
1427,1,1,8_safe,I sometimes take shortcuts through areas that might not be safe.,"9_risk, 1",9_risk
1428,1,1,8_safe,"I trust my gut, but I don’t always think through my choices.","17_problem, 1",17_problem
1429,1,0,8_safe,"I know I should be more careful, but I feel okay overall.","2_mood, 0",2_mood
1430,1,1,8_safe,I don’t always wear protective gear when I should.,"9_risk, 1",9_risk
1431,1,1,8_safe,I ignore minor safety warnings sometimes.,"9_risk, 1",9_risk
1432,1,1,8_safe,"I feel comfortable in most places, but not everywhere.","8_safe, 1",8_safe
1433,1,1,8_safe,I don’t always check in with people when I go somewhere new.,"8_safe, 1",8_safe
1434,1,1,8_safe,I sometimes ride my bike without a helmet.,"9_risk, 1",9_risk
1435,1,1,8_safe,I don’t always consider safety before making quick decisions.,"9_risk, 1",9_risk
1436,1,1,8_safe,"I leave my doors unlocked sometimes, but I think it’s fine.","8_safe, 1",8_safe
1437,1,1,8_safe,I am aware of potential dangers but don’t always avoid them.,"9_risk, 1",9_risk
1438,1,1,8_safe,I let my guard down in certain situations when I shouldn’t.,"9_risk, 1",9_risk
1439,1,1,8_safe,I sometimes engage in minor reckless behavior.,"9_risk, 1",9_risk
1440,1,1,8_safe,"I don’t always follow safety rules, but I stay alert.","9_risk, 1",9_risk
1441,1,1,8_safe,I sometimes ignore my instincts when making choices.,"17_problem, 1",17_problem
1442,1,1,8_safe,"I feel uneasy in some places, but I manage.","8_safe, 1",8_safe
1443,1,1,8_safe,I sometimes get caught up in the moment and forget about safety.,"8_safe, 1",8_safe
1444,1,1,8_safe,I don’t always think about consequences before acting.,"9_risk, 1",9_risk
1445,1,1,8_safe,I know I should improve my safety awareness.,"8_safe, 1",8_safe
1446,1,1,8_safe,I sometimes go places alone when I shouldn’t.,"9_risk, 1",9_risk
1447,1,0,8_safe,I’ve had moments where I didn’t prioritize my well-being.,"Other, 0","NA, 99"
1448,1,1,8_safe,I’ve ignored minor warning signs about safety.,"9_risk, 1",9_risk
1449,1,1,8_safe,I sometimes dismiss safety advice from others.,"9_risk, 1",9_risk
1450,1,1,8_safe,"I’ve taken a few risks, but I usually stay safe.","9_risk, 1",9_risk
1451,1,1,8_safe,I know I could make better safety decisions sometimes.,"8_safe, 1",8_safe
1452,1,1,8_safe,I have put myself in slightly unsafe situations before.,"9_risk, 1",9_risk
1453,1,1,8_safe,I sometimes walk home alone late at night but try to be careful.,"9_risk, 1",9_risk
1454,1,1,8_safe,I know I should check my surroundings more often.,"8_safe, 1",8_safe
1455,1,1,8_safe,I have forgotten safety measures but haven’t had problems yet.,"8_safe, 1",8_safe
1456,1,1,8_safe,I have felt slightly unsafe in certain situations before.,"8_safe, 1",8_safe
1457,1,1,8_safe,I occasionally act before thinking about safety.,"9_risk, 1",9_risk
1458,1,1,8_safe,"I don’t feel unsafe, but I know I could be more careful.","8_safe, 1",8_safe
1459,1,1,8_safe,"I trust people easily, even when I probably shouldn’t.","29_safe_sex, 1",29_safe_sex
1460,1,2,8_safe,I don't feel safe.,"8_safe, 2",8_safe
1461,2,2,8_safe,I am threatened by my partner.,"8_safe, 2",8_safe
1462,2,2,8_safe,I feel someone threatened my life.,"8_safe, 2",8_safe
1463,2,1,8_safe,I have problem taking good care of myself.,"36_hygiene, 1",36_hygiene
1464,2,2,8_safe,I have problem taking good care of my safety.,"8_safe, 2",8_safe
1465,2,2,8_safe,I usually hurt myself.,"33_self_harm, 2",33_self_harm
1466,2,2,8_safe,I sometimes hurt myself.,"33_self_harm, 2",33_self_harm
1467,2,2,8_safe,I sometimes put myself in danger.,"9_risk, 2",9_risk
1468,2,1,8_safe,I sometimes put myself in dangerous situation.,"9_risk, 1",9_risk
1469,2,2,8_safe,I don't live in a safe environment.,"8_safe, 2",8_safe
1470,2,2,8_safe,I don't consider safety in my decision making.,"9_risk, 2",9_risk
1471,2,2,8_safe,I don't have my safety as the priority.,"8_safe, 2",8_safe
1472,2,1,8_safe,I don't consider my safety first.,"8_safe, 1",8_safe
1473,2,2,8_safe,I don’t feel safe in my home or neighborhood.,"8_safe, 2",8_safe
1474,2,2,8_safe,I have been in life-threatening situations recently.,"8_safe, 2",8_safe
1475,2,2,8_safe,I constantly feel like I am in danger.,"8_safe, 2",8_safe
1476,2,1,8_safe,I am afraid to go outside alone.,"8_safe, 1",8_safe
1477,2,2,8_safe,I don’t have a safe place to go when I need one.,"8_safe, 2",8_safe
1478,2,2,8_safe,I engage in dangerous activities without thinking about consequences.,"9_risk, 2",9_risk
1479,2,2,8_safe,I have been physically threatened before and feel unsafe.,"8_safe, 2",8_safe
1480,2,2,8_safe,I sometimes deliberately put myself in harm’s way.,"9_risk, 2",9_risk
1481,2,2,8_safe,I don’t have a secure place to sleep at night.,"8_safe, 2",8_safe
1482,2,2,8_safe,I feel like someone is following me often.,"8_safe, 2",8_safe
1483,2,2,8_safe,I have made decisions that put me in serious danger.,"9_risk, 2",9_risk
1484,2,2,8_safe,I have been in abusive situations and don’t know how to get out.,"8_safe, 2",8_safe
1485,2,2,8_safe,I don’t know how to keep myself safe.,"8_safe, 2",8_safe
1486,2,2,8_safe,I avoid asking for help even when I feel unsafe.,"8_safe, 2",8_safe
1487,2,2,8_safe,I don’t have control over my personal safety.,"8_safe, 2",8_safe
1488,2,2,8_safe,I feel like I am constantly being watched or threatened.,"8_safe, 2",8_safe
1489,2,2,8_safe,I have put myself in dangerous environments on purpose.,"9_risk, 2",9_risk
1490,2,2,8_safe,I feel I was being followed when I left lab late recently.,"8_safe, 2",8_safe
1491,2,2,8_safe,I feel unsafe all the time.,"8_safe, 2",8_safe
1492,2,2,8_safe,I don’t think I can protect myself in dangerous situations.,"8_safe, 2",8_safe
1493,2,2,8_safe,I live in an environment where I constantly feel threatened.,"8_safe, 2",8_safe
1494,2,2,8_safe,I often put myself in situations where I could get hurt.,"9_risk, 2",9_risk
1495,2,2,8_safe,I don’t take safety into consideration at all.,"8_safe, 2",8_safe
1496,2,2,8_safe,I ignore warnings about dangerous situations.,"9_risk, 2",9_risk
1497,2,2,8_safe,I have been in unsafe situations and didn’t know what to do.,"8_safe, 2",8_safe
1498,2,2,8_safe,I feel vulnerable and defenseless most of the time.,"8_safe, 2",8_safe
1499,2,1,8_safe,I sometimes make reckless decisions without thinking.,"9_risk, 1",9_risk
1500,2,2,8_safe,I have no plan for keeping myself safe.,"8_safe, 2",8_safe
1501,2,2,8_safe,I don’t lock my doors even when I feel unsafe.,"8_safe, 2",8_safe
1502,2,2,8_safe,I have been physically harmed because I didn’t prioritize safety.,"8_safe, 2",8_safe
1503,2,2,8_safe,I often feel paranoid about my surroundings.,"2_mood, 2",2_mood
1504,2,2,8_safe,I have felt directly threatened by someone recently.,"8_safe, 2",8_safe
1505,2,2,8_safe,I don’t have a really safe place to go if I need one.,"8_safe, 2",8_safe
1506,2,2,8_safe,I sometimes engage in self-harm.,"33_self_harm, 2",33_self_harm
1507,2,2,8_safe,I often feel like someone is watching me.,"8_safe, 2",8_safe
1508,2,2,8_safe,I don’t feel secure in my own home.,"8_safe, 2",8_safe
1509,2,2,8_safe,I feel like I’m constantly in danger.,"8_safe, 2",8_safe
1510,2,2,8_safe,I don’t know how to protect myself in unsafe situations.,"8_safe, 2",8_safe
1511,2,2,8_safe,I feel anxious about my safety every day.,"8_safe, 2",8_safe
1512,2,2,8_safe,I sometimes walk alone at night in dangerous areas without thinking.,"9_risk, 2",9_risk
1513,2,2,8_safe,"I often ignore safety warnings, even when I know I shouldn’t.","9_risk, 2",9_risk
1514,2,1,8_safe,I don’t have a plan in case of an emergency.,"8_safe, 1",8_safe
1515,2,2,8_safe,"I’ve been threatened before, and I don’t know how to handle it.","8_safe, 2",8_safe
1516,2,2,8_safe,"I feel unsafe around certain people, but I can’t avoid them.","8_safe, 2",8_safe
1517,2,1,8_safe,I live in fear that something bad will happen to me.,"8_safe, 1",8_safe
1518,2,1,8_safe,"I don’t check my surroundings, even when I know I should.","8_safe, 1",8_safe
1519,2,2,8_safe,I have a habit of putting myself in situations where I could get hurt.,"9_risk, 2",9_risk
1520,2,2,8_safe,"I feel unsafe at home, but I have nowhere else to go.","8_safe, 2",8_safe
1521,2,2,8_safe,I don’t think about safety at all when making decisions.,"9_risk, 2",9_risk
1522,2,2,8_safe,I’ve been in physical danger multiple times recently.,"8_safe, 2",8_safe
1523,2,2,8_safe,I don’t feel like I can trust anyone to keep me safe.,"8_safe, 2",8_safe
1524,2,2,8_safe,I have no access to help if something bad happens to me.,"8_safe, 2",8_safe
1525,2,1,8_safe,I often ignore my gut feeling when I sense something unsafe.,"9_risk, 1",9_risk
1526,2,2,8_safe,No one trustworthy to ensure safety.,"8_safe, 2",8_safe
1527,2,2,8_safe,Walking alone in unsafe areas often.,"9_risk, 2",9_risk
1528,0,0,9_risk,I am not risk-taker.,"9_risk, 0",9_risk
1529,0,0,9_risk,I don't like to take risk.,"9_risk, 0",9_risk
1530,0,0,9_risk,I never put myself in a risky position.,"9_risk, 0",9_risk
1531,0,0,9_risk,I hate taking risk.,"9_risk, 0",9_risk
1532,0,0,9_risk,I always make safe decisions.,"8_safe, 0",8_safe
1533,0,1,9_risk,I want to be in a safe position.,"8_safe, 1",8_safe
1534,0,0,9_risk,I don't want to be in a risky position.,"9_risk, 0",9_risk
1535,0,0,9_risk,I avoid risky situations.,"9_risk, 0",9_risk
1536,0,0,9_risk,I always consider safety before making a decision.,"9_risk, 0",9_risk
1537,0,0,9_risk,"I make calculated decisions, not impulsive ones.","17_problem, 0",17_problem
1538,0,0,9_risk,I don’t take unnecessary risks in life.,"9_risk, 0",9_risk
1539,0,0,9_risk,I prioritize stability over risk.,"9_risk, 0",9_risk
1540,0,0,9_risk,I think through all possible outcomes before acting.,"17_problem, 0",17_problem
1541,0,0,9_risk,I prefer to play it safe rather than take big risks.,"9_risk, 0",9_risk
1542,0,0,9_risk,I follow safety guidelines and avoid risky behaviors.,"9_risk, 0",9_risk
1543,0,0,9_risk,I make decisions that ensure long-term security.,"17_problem, 0",17_problem
1544,0,0,9_risk,I don’t act on impulse; I plan things carefully.,"9_risk, 0",9_risk
1545,0,0,9_risk,I avoid gambling or high-stakes situations.,"9_risk, 0",9_risk
1546,0,0,9_risk,I don’t take financial risks without research.,"15_finance, 0",15_finance
1547,0,0,9_risk,I am not comfortable with taking big chances.,"9_risk, 0",9_risk
1548,0,0,9_risk,I stay away from high-risk environments.,"9_risk, 0",9_risk
1549,0,0,9_risk,I make sure my choices are practical and safe.,"17_problem, 0",17_problem
1550,0,0,9_risk,I keep my future in mind when making decisions.,"17_problem, 0",17_problem
1551,0,0,9_risk,I prefer predictability over uncertainty.,"Other, 0","NA, 99"
1552,0,0,9_risk,I avoid reckless behaviors that could harm me.,"9_risk, 0",9_risk
1553,0,0,9_risk,I take precautions to minimize risk in my life.,"9_risk, 0",9_risk
1554,0,0,9_risk,I carefully weigh the pros and cons before making choices.,"17_problem, 0",17_problem
1555,0,0,9_risk,I rarely act spontaneously without thinking it through.,"9_risk, 0",9_risk
1556,0,0,9_risk,I avoid situations that could lead to danger or loss.,"9_risk, 0",9_risk
1557,0,0,9_risk,I follow a structured plan instead of taking chances.,"9_risk, 0",9_risk
1558,0,0,9_risk,I don’t make hasty decisions.,"17_problem, 0",17_problem
1559,0,0,9_risk,I avoid risky investments and financial decisions.,"15_finance, 0",15_finance
1560,0,0,9_risk,I plan for the worst-case scenario before making a move.,"9_risk, 0",9_risk
1561,0,0,9_risk,"I like to stay in control of outcomes, so I don’t take risks.","9_risk, 0",9_risk
1562,0,0,9_risk,I value security and stability in my choices.,"9_risk, 0",9_risk
1563,0,0,9_risk,I am cautious when making important life decisions.,"17_problem, 0",17_problem
1564,0,0,9_risk,I prefer well-thought-out plans over risky ventures.,"9_risk, 0",9_risk
1565,0,0,9_risk,I always assess potential dangers before proceeding.,"9_risk, 0",9_risk
1566,0,0,9_risk,I don’t rush into things without understanding the risks.,"9_risk, 0",9_risk
1567,0,0,9_risk,I avoid extreme sports and other physically risky activities.,"9_risk, 0",9_risk
1568,0,0,9_risk,I don’t make impulsive purchases or investments.,"15_finance, 0",15_finance
1569,0,0,9_risk,I don’t engage in activities that could endanger my well-being.,"9_risk, 0",9_risk
1570,0,0,9_risk,I drive carefully and avoid reckless driving behaviors.,"9_risk, 0",9_risk
1571,0,0,9_risk,I ensure that my actions don’t lead to unnecessary risks.,"9_risk, 0",9_risk
1572,0,0,9_risk,I always have a backup plan before making big decisions.,"17_problem, 0",17_problem
1573,0,0,9_risk,I believe in minimizing uncertainty in my life.,"Other, 0","NA, 99"
1574,0,0,9_risk,I don’t make emotional decisions without thinking logically.,"17_problem, 0",17_problem
1575,0,0,9_risk,I think ahead to avoid any possible negative consequences.,"9_risk, 0",9_risk
1576,0,0,9_risk,I trust my judgment to keep myself out of risky situations.,"9_risk, 0",9_risk
1577,0,0,9_risk,I don’t let peer pressure push me into taking risks.,"9_risk, 0",9_risk
1578,0,0,9_risk,I take time to consider all aspects of a decision before acting.,"17_problem, 0",17_problem
1579,0,0,9_risk,I always choose a safe and reliable path in life.,"9_risk, 0",9_risk
1580,0,0,9_risk,I don’t gamble with my future.,"9_risk, 0",9_risk
1581,0,0,9_risk,I believe in playing it safe rather than being reckless.,"9_risk, 0",9_risk
1582,0,0,9_risk,I avoid dangerous activities and risky choices in my daily life.,"9_risk, 0",9_risk
1583,0,0,9_risk,I embrace uncertainty in areas of my life where I feel comfortable taking risks.,"9_risk, 0",9_risk
1584,0,1,9_risk,"I take risks sometimes, but only when necessary.","9_risk, 1",9_risk
1585,0,0,9_risk,"I occasionally make bold decisions, but I weigh the risks first.","9_risk, 0",9_risk
1586,0,1,9_risk,I enjoy challenges that come with moderate risks.,"9_risk, 1",9_risk
1587,0,0,9_risk,I sometimes step outside my comfort zone to try new things.,"23_leisure, 0",23_leisure
1588,0,0,9_risk,"I like to push myself, but I try to avoid extreme risks.","9_risk, 0",9_risk
1589,0,0,9_risk,I don’t mind taking calculated risks if they have potential rewards.,"9_risk, 0",9_risk
1590,0,1,9_risk,"I occasionally take financial risks, but nothing too serious.","15_finance, 1",15_finance
1591,0,0,9_risk,"I enjoy some risky activities, but I always take precautions.","9_risk, 0",9_risk
1592,0,1,9_risk,"I sometimes act spontaneously, but I usually consider the consequences.","9_risk, 1",9_risk
1593,0,1,9_risk,"I occasionally make impulsive purchases, but I don’t regret them.","15_finance, 1",15_finance
1594,0,1,9_risk,"I don’t always think through my decisions fully, but I manage the outcomes.","17_problem, 1",17_problem
1595,0,0,9_risk,"I take risks in controlled environments, like trying new hobbies.","9_risk, 0",9_risk
1596,0,1,9_risk,I take small risks but nothing life-changing.,"9_risk, 1",9_risk
1597,0,0,9_risk,I enjoy some level of thrill but don’t go overboard.,"9_risk, 0",9_risk
1598,0,0,9_risk,I’m okay with uncertainty in some aspects of life.,"32_coping, 0",32_coping
1599,0,1,9_risk,I occasionally ignore warnings if I think the risk is worth it.,"9_risk, 1",9_risk
1600,0,0,9_risk,I take occasional career risks to see where they lead.,"9_risk, 0",9_risk
1601,0,0,9_risk,I like adventure but avoid extreme danger.,"9_risk, 0",9_risk
1602,0,0,9_risk,"I take small risks in relationships, like being emotionally vulnerable.","7_emo, 0",7_emo
1603,0,1,9_risk,I occasionally push my limits to see how far I can go.,"9_risk, 1",9_risk
1604,0,1,9_risk,"I sometimes take risks that others wouldn’t, but I feel in control.","9_risk, 1",9_risk
1605,0,0,9_risk,I take reasonable risks in my career and personal life.,"9_risk, 0",9_risk
1606,0,1,9_risk,"I have a slight impulsive side, but I try to keep it in check.","9_risk, 1",9_risk
1607,0,0,9_risk,I don’t mind uncertainty as long as it’s not extreme.,"32_coping, 0",32_coping
1608,0,0,9_risk,I weigh the pros and cons before taking minor risks.,"9_risk, 0",9_risk
1609,0,0,9_risk,I take risks in social situations but avoid dangerous ones.,"9_risk, 0",9_risk
1610,1,0,9_risk,I enjoy high-energy activities with mild risks.,"23_leisure, 0",23_leisure
1611,1,1,9_risk,I enjoy trying things even if they carry some level of risk.,"9_risk, 1",9_risk
1612,1,0,9_risk,I step out of my comfort zone even if it feels slightly risky.,"9_risk, 0",9_risk
1613,1,1,9_risk,I believe that life needs a bit of risk to stay exciting.,"9_risk, 1",9_risk
1614,1,1,9_risk,I am sometimes reckless but not to the extreme.,"9_risk, 1",9_risk
1615,1,1,9_risk,I occasionally take personal risks that make life interesting.,"9_risk, 1",9_risk
1616,1,1,9_risk,I sometimes make split-second decisions without overthinking.,"17_problem, 1",17_problem
1617,1,1,9_risk,I don’t mind making quick decisions even if they are slightly risky.,"9_risk, 1",9_risk
1618,1,0,9_risk,I like a little bit of uncertainty in my life.,"Other, 0","NA, 99"
1619,1,1,9_risk,"I sometimes make risky choices, but I usually get lucky.","9_risk, 1",9_risk
1620,1,1,9_risk,I sometimes jump into opportunities without full preparation.,"17_problem, 1",17_problem
1621,1,0,9_risk,I enjoy investing in new opportunities despite some uncertainty.,"15_finance, 0",15_finance
1622,1,0,9_risk,I am open to taking a few chances in life.,"9_risk, 0",9_risk
1623,1,1,9_risk,I get a thrill from stepping into unpredictable situations.,"9_risk, 1",9_risk
1624,1,0,9_risk,I don’t mind stepping into unknown situations to explore possibilities.,"9_risk, 0",9_risk
1625,1,0,9_risk,I sometimes take last-minute trips without much planning.,"23_leisure, 0",23_leisure
1626,1,1,9_risk,"Sometimes, I embrace challenges even if they come with risks.","9_risk, 1",9_risk
1627,1,1,9_risk,I sometimes make quick decisions that could go either way.,"17_problem, 1",17_problem
1628,2,2,9_risk,I am taking risk.,"9_risk, 2",9_risk
1629,2,1,9_risk,I am a risk-taker.,"9_risk, 1",9_risk
1630,2,1,9_risk,"I like to be a risk-taker., ""score: 1""","9_risk, 1",9_risk
1631,2,1,9_risk,I enjoy taking risk.,"9_risk, 1",9_risk
1632,2,2,9_risk,I usually risky my life.,"9_risk, 2",9_risk
1633,2,2,9_risk,I live in a risky place.,"8_safe, 2",8_safe
1634,2,2,9_risk,I take a lot of risk.,"9_risk, 2",9_risk
1635,2,2,9_risk,There's a lot of risk and emergency in my life.,"9_risk, 2",9_risk
1636,2,1,9_risk,There're a lot of emergency stuffs happened recently.,"8_safe, 1",8_safe
1637,2,1,9_risk,I am impulsive.,"9_risk, 1",9_risk
1638,2,1,9_risk,I make impulsive decisions.,"17_problem, 1",17_problem
1639,2,1,9_risk,I make impulsive choices.,"17_problem, 1",17_problem
1640,2,2,9_risk,I always put my self in a risky position.,"9_risk, 2",9_risk
1641,2,2,9_risk,I love taking risk.,"9_risk, 2",9_risk
1642,2,1,9_risk,I always take risk in making decisions.,"9_risk, 1",9_risk
1643,2,2,9_risk,I make risky decisions.,"9_risk, 2",9_risk
1644,2,1,9_risk,I try new things even if they feel risky at first.,"9_risk, 1",9_risk
1645,2,2,9_risk,I take risks without thinking about the consequences.,"9_risk, 2",9_risk
1646,2,1,9_risk,I often make impulsive decisions.,"17_problem, 1",17_problem
1647,2,2,9_risk,I engage in reckless behavior frequently.,"9_risk, 2",9_risk
1648,2,2,9_risk,I don’t think twice before making risky choices.,"9_risk, 2",9_risk
1649,2,2,9_risk,"I enjoy pushing my limits, even if it’s dangerous.","9_risk, 2",9_risk
1650,2,2,9_risk,I put myself in dangerous situations often.,"9_risk, 2",9_risk
1651,2,2,9_risk,I have no problem making life-altering risky decisions.,"9_risk, 2",9_risk
1652,2,2,9_risk,I don’t care about safety when making choices.,"9_risk, 2",9_risk
1653,2,2,9_risk,I gamble with my future by taking unnecessary risks.,"9_risk, 2",9_risk
1654,2,2,9_risk,I act without considering the risks involved.,"9_risk, 2",9_risk
1655,2,2,9_risk,I often ignore safety warnings and do what I want.,"9_risk, 2",9_risk
1656,2,2,9_risk,I take extreme risks for the thrill of it.,"9_risk, 2",9_risk
1657,2,2,9_risk,I have engaged in illegal activities just for the excitement.,"34_lawful, 2",34_lawful
1658,2,1,9_risk,I tend to jump into things without preparation.,"17_problem, 1",17_problem
1659,2,2,9_risk,"I love taking financial risks, even when I can’t afford to lose.","9_risk, 2",9_risk
1660,2,2,9_risk,I make dangerous decisions just to see what happens.,"9_risk, 2",9_risk
1661,2,2,9_risk,I frequently put myself in harm’s way.,"9_risk, 2",9_risk
1662,2,2,9_risk,I thrive on high-risk situations.,"9_risk, 2",9_risk
1663,2,2,9_risk,I have been in life-threatening situations due to my choices.,"9_risk, 2",9_risk
1664,2,2,9_risk,I have a habit of making reckless financial decisions.,"15_finance, 2",15_finance
1665,2,2,9_risk,I don’t feel alive unless I’m taking risks.,"9_risk, 2",9_risk
1666,2,2,9_risk,"I have lost things due to my risky decisions, but I keep doing it.","9_risk, 2",9_risk
1667,2,2,9_risk,I engage in risky relationships without thinking of the consequences.,"9_risk, 2",9_risk
1668,2,2,9_risk,I have taken extreme actions without any backup plan.,"9_risk, 2",9_risk
1669,2,2,9_risk,I constantly push myself beyond safe limits.,"9_risk, 2",9_risk
1670,2,2,9_risk,I enjoy dangerous activities without proper safety measures.,"9_risk, 2",9_risk
1671,2,2,9_risk,I ignore legal consequences when making decisions.,"34_lawful, 2",34_lawful
1672,2,2,9_risk,I often make snap decisions that lead to dangerous situations.,"9_risk, 2",9_risk
1673,2,2,9_risk,I don’t care about long-term consequences of my risky behavior.,"9_risk, 2",9_risk
1674,0,0,10_sleep,I sleep very well every night.,"10_sleep, 0",10_sleep
1675,0,0,10_sleep,I get enough sleep every night.,"10_sleep, 0",10_sleep
1676,0,0,10_sleep,I sleep very well.,"10_sleep, 0",10_sleep
1677,0,0,10_sleep,I get enough sleep.,"10_sleep, 0",10_sleep
1678,0,0,10_sleep,I usually get enough sleep.,"10_sleep, 0",10_sleep
1679,0,1,10_sleep,I usually get enough sleep. Just sometimes getting sleeping issues,"10_sleep, 1",10_sleep
1680,0,0,10_sleep,I rarely have sleeping issues.,"10_sleep, 0",10_sleep
1681,0,0,10_sleep,I always sleep well.,"10_sleep, 0",10_sleep
1682,0,0,10_sleep,I never have problem falling asleep.,"10_sleep, 0",10_sleep
1683,0,0,10_sleep,I can easily fall asleep.,"10_sleep, 0",10_sleep
1684,0,0,10_sleep,I have a regular sleep schedule.,"10_sleep, 0",10_sleep
1685,0,0,10_sleep,My sleep schedule is very regular.,"10_sleep, 0",10_sleep
1686,0,0,10_sleep,I sleep on time.,"10_sleep, 0",10_sleep
1687,0,0,10_sleep,I go to bed at the same time every night.,"10_sleep, 0",10_sleep
1688,0,0,10_sleep,I wake up feeling well-rested every morning.,"10_sleep, 0",10_sleep
1689,0,0,10_sleep,I sleep deeply and don’t wake up during the night.,"10_sleep, 0",10_sleep
1690,0,0,10_sleep,I have no trouble falling asleep quickly.,"10_sleep, 0",10_sleep
1691,0,0,10_sleep,I follow a consistent bedtime routine.,"10_sleep, 0",10_sleep
1692,0,0,10_sleep,I never struggle with sleep issues.,"10_sleep, 0",10_sleep
1693,0,0,10_sleep,I wake up naturally without an alarm most days.,"10_sleep, 0",10_sleep
1694,0,0,10_sleep,I sleep at least 7-8 hours every night.,"10_sleep, 0",10_sleep
1695,0,0,10_sleep,I fall asleep easily without any sleep aids.,"10_sleep, 0",10_sleep
1696,0,0,10_sleep,I sleep uninterrupted through the night.,"10_sleep, 0",10_sleep
1697,0,0,10_sleep,I don’t feel tired during the day because I sleep well.,"10_sleep, 0",10_sleep
1698,0,0,10_sleep,I don’t have trouble staying asleep.,"10_sleep, 0",10_sleep
1699,0,0,10_sleep,My sleep quality is excellent.,"10_sleep, 0",10_sleep
1700,0,0,10_sleep,I wake up refreshed and energized every morning.,"10_sleep, 0",10_sleep
1701,0,0,10_sleep,I never have to take naps because my sleep is sufficient.,"10_sleep, 0",10_sleep
1702,0,0,10_sleep,I sleep better when I exercise during the day.,"37_exercise, 0",37_exercise
1703,0,0,10_sleep,"My sleep schedule is very stable, even on weekends.","10_sleep, 0",10_sleep
1704,0,0,10_sleep,I wake up at the same time every morning without effort.,"10_sleep, 0",10_sleep
1705,0,0,10_sleep,I feel productive throughout the day because I sleep well.,"30_productivity, 0",30_productivity
1706,0,0,10_sleep,I sleep peacefully without distractions.,"10_sleep, 0",10_sleep
1707,0,0,10_sleep,My sleep schedule is aligned with my daily routine.,"10_sleep, 0",10_sleep
1708,0,0,10_sleep,I never feel groggy in the morning.,"10_sleep, 0",10_sleep
1709,0,0,10_sleep,I can fall asleep within minutes of getting into bed.,"10_sleep, 0",10_sleep
1710,0,0,10_sleep,I don’t use any sleep aids because my sleep is natural.,"10_sleep, 0",10_sleep
1711,0,0,10_sleep,I make sure to sleep early every night.,"10_sleep, 0",10_sleep
1712,0,0,10_sleep,I prioritize my sleep and make sure to get enough rest.,"10_sleep, 0",10_sleep
1713,0,0,10_sleep,I don’t struggle with waking up too early or too late.,"10_sleep, 0",10_sleep
1714,0,0,10_sleep,I don’t have any sleep disturbances.,"10_sleep, 0",10_sleep
1715,0,0,10_sleep,I sleep comfortably through the night.,"10_sleep, 0",10_sleep
1716,0,0,10_sleep,My energy levels are great because I get enough rest.,"10_sleep, 0",10_sleep
1717,0,0,10_sleep,I have a relaxing bedtime routine that helps me sleep well.,"10_sleep, 0",10_sleep
1718,0,0,10_sleep,I always get at least 8 hours of sleep.,"10_sleep, 0",10_sleep
1719,0,0,10_sleep,I fall asleep naturally without any problems.,"10_sleep, 0",10_sleep
1720,0,0,10_sleep,I have a peaceful sleep environment.,"10_sleep, 0",10_sleep
1721,0,0,10_sleep,I sleep soundly and don’t wake up often.,"10_sleep, 0",10_sleep
1722,0,0,10_sleep,I feel well-rested even if I wake up early.,"10_sleep, 0",10_sleep
1723,0,0,10_sleep,I don’t have any problems with sleep consistency.,"10_sleep, 0",10_sleep
1724,0,0,10_sleep,I wake up feeling positive and refreshed.,"10_sleep, 0",10_sleep
1725,0,0,10_sleep,I make sure my room is dark and quiet for good sleep.,"10_sleep, 0",10_sleep
1726,0,0,10_sleep,I have no sleep-related anxiety or stress.,"10_sleep, 0",10_sleep
1727,0,0,10_sleep,I don’t have any sleep disruptions.,"10_sleep, 0",10_sleep
1728,0,0,10_sleep,I feel calm and relaxed before bed.,"10_sleep, 0",10_sleep
1729,0,0,10_sleep,I never feel the need to catch up on sleep.,"10_sleep, 0",10_sleep
1730,0,0,10_sleep,I fall asleep naturally without using my phone in bed.,"10_sleep, 0",10_sleep
1731,0,0,10_sleep,I don’t experience sleep-related fatigue during the day.,"10_sleep, 0",10_sleep
1732,0,0,10_sleep,I don’t wake up feeling exhausted.,"10_sleep, 0",10_sleep
1733,0,0,10_sleep,I always feel alert and energetic after waking up.,"10_sleep, 0",10_sleep
1734,0,0,10_sleep,"My sleep is high-quality, and I wake up feeling great.","10_sleep, 0",10_sleep
1735,1,1,10_sleep,It is hard for me to fall asleep.,"10_sleep, 1",10_sleep
1736,1,2,10_sleep,I only sleep a few hours every night.,"10_sleep, 2",10_sleep
1737,1,2,10_sleep,I only sleep a few hours a day.,"10_sleep, 2",10_sleep
1738,1,1,10_sleep,It takes a while for me to fall asleep.,"10_sleep, 1",10_sleep
1739,1,1,10_sleep,I need to take melatonin to fall asleep.,"10_sleep, 1",10_sleep
1740,1,1,10_sleep,I usually stay up late.,"10_sleep, 1",10_sleep
1741,1,1,10_sleep,I don't sleep on time.,"10_sleep, 1",10_sleep
1742,1,1,10_sleep,I don't sleep very well.,"10_sleep, 1",10_sleep
1743,1,1,10_sleep,"I sleep okay most nights, but sometimes I wake up too early.","10_sleep, 1",10_sleep
1744,1,1,10_sleep,"I usually get enough sleep, but I occasionally struggle with it.","10_sleep, 1",10_sleep
1745,1,1,10_sleep,I have trouble falling asleep once in a while.,"10_sleep, 1",10_sleep
1746,1,1,10_sleep,"I stay up late sometimes, but I still get some rest.","10_sleep, 1",10_sleep
1747,1,1,10_sleep,"I feel tired some mornings, but it’s not a big issue.","10_sleep, 1",10_sleep
1748,1,1,10_sleep,I occasionally wake up in the middle of the night.,"10_sleep, 1",10_sleep
1749,1,1,10_sleep,"My sleep is decent, but I wish it was more consistent.","10_sleep, 1",10_sleep
1750,1,1,10_sleep,I sometimes need to take naps because I don’t sleep enough.,"10_sleep, 1",10_sleep
1751,1,1,10_sleep,I wake up feeling groggy occasionally.,"10_sleep, 1",10_sleep
1752,1,1,10_sleep,"I try to get enough sleep, but I don’t always succeed.","10_sleep, 1",10_sleep
1753,1,1,10_sleep,"I have some trouble falling asleep, but not every night.","10_sleep, 1",10_sleep
1754,1,1,10_sleep,"I sometimes use sleep aids, but I don’t rely on them.","10_sleep, 1",10_sleep
1755,1,1,10_sleep,I go to bed at different times on weekdays and weekends.,"10_sleep, 1",10_sleep
1756,1,1,10_sleep,I don’t always feel rested when I wake up.,"10_sleep, 1",10_sleep
1757,1,1,10_sleep,"My sleep is inconsistent, but I manage to get by.","10_sleep, 1",10_sleep
1758,1,1,10_sleep,I sometimes wake up in the middle of the night and struggle to fall back asleep.,"10_sleep, 1",10_sleep
1759,1,1,10_sleep,My sleep schedule gets messed up when I’m busy.,"10_sleep, 1",10_sleep
1760,1,1,10_sleep,I sometimes have to catch up on sleep on weekends.,"10_sleep, 1",10_sleep
1761,1,1,10_sleep,I occasionally struggle with falling asleep.,"10_sleep, 1",10_sleep
1762,1,1,10_sleep,"I get some sleep, but it’s not always enough.","10_sleep, 1",10_sleep
1763,1,1,10_sleep,"I have a regular sleep schedule, but I break it sometimes.","10_sleep, 1",10_sleep
1764,1,1,10_sleep,"I sleep okay, but I sometimes stay up late watching TV.","10_sleep, 1",10_sleep
1765,1,1,10_sleep,I wake up too early some days and can’t go back to sleep.,"10_sleep, 1",10_sleep
1766,1,1,10_sleep,"I try to go to bed on time, but I don’t always succeed.","10_sleep, 1",10_sleep
1767,1,1,10_sleep,"I sleep well most nights, but sometimes I overthink before bed.","10_sleep, 1",10_sleep
1768,1,1,10_sleep,I sometimes struggle with staying asleep throughout the night.,"10_sleep, 1",10_sleep
1769,1,1,10_sleep,"I wake up feeling slightly tired, but it’s manageable.","10_sleep, 1",10_sleep
1770,1,1,10_sleep,My sleep varies depending on my stress levels.,"10_sleep, 1",10_sleep
1771,1,1,10_sleep,"I get enough sleep on most nights, but I have trouble when I’m stressed.","10_sleep, 1",10_sleep
1772,1,1,10_sleep,I sometimes have to take melatonin to help me sleep.,"10_sleep, 1",10_sleep
1773,1,1,10_sleep,"My sleep schedule is decent, but I occasionally stay up too late.","10_sleep, 1",10_sleep
1774,1,1,10_sleep,"I have a routine, but I don’t always stick to it.","14_show_up, 1",14_show_up
1775,1,1,10_sleep,I sleep better some nights than others.,"10_sleep, 1",10_sleep
1776,1,1,10_sleep,"I have mild sleep issues, but they don’t affect me too much.","10_sleep, 1",10_sleep
1777,1,1,10_sleep,I stay up scrolling through my phone sometimes before bed.,"10_sleep, 1",10_sleep
1778,1,1,10_sleep,I sometimes sleep late but still get enough rest.,"10_sleep, 1",10_sleep
1779,1,1,10_sleep,I have occasional sleep disruptions.,"10_sleep, 1",10_sleep
1780,1,1,10_sleep,"I usually sleep fine, but I have bad nights here and there.","10_sleep, 1",10_sleep
1781,1,0,10_sleep,"I can sleep well, but sometimes I need to wind down first.","10_sleep, 0",10_sleep
1782,1,1,10_sleep,"I get enough sleep, but my schedule varies.","10_sleep, 1",10_sleep
1783,1,1,10_sleep,"I struggle to sleep when I’m stressed, but otherwise I’m okay.","10_sleep, 1",10_sleep
1784,1,1,10_sleep,I don’t always feel fully rested when I wake up.,"10_sleep, 1",10_sleep
1785,1,1,10_sleep,I sometimes wake up feeling like I need more sleep.,"10_sleep, 1",10_sleep
1786,1,1,10_sleep,I occasionally sleep too much and feel groggy afterward.,"10_sleep, 1",10_sleep
1787,1,1,10_sleep,"I wish my sleep was more consistent, but I manage.","10_sleep, 1",10_sleep
1788,1,1,10_sleep,"My sleep isn’t perfect, but it’s not a major issue.","10_sleep, 1",10_sleep
1789,1,1,10_sleep,"I sometimes stay up past my bedtime, but not too late.","10_sleep, 1",10_sleep
1790,1,1,10_sleep,"I get by on my current sleep schedule, but it could be better.","10_sleep, 1",10_sleep
1791,2,1,10_sleep,My sleep schedule isn't regular.,"10_sleep, 1",10_sleep
1792,2,1,10_sleep,I don't have a regular sleep schedule.,"10_sleep, 1",10_sleep
1793,2,2,10_sleep,I have a lot of sleeping issues.,"10_sleep, 2",10_sleep
1794,2,1,10_sleep,I usually cannot get enough sleep.,"10_sleep, 1",10_sleep
1795,2,1,10_sleep,I don't get enough sleep.,"10_sleep, 1",10_sleep
1796,2,1,10_sleep,I usually have sleeping issues,"10_sleep, 1",10_sleep
1797,2,1,10_sleep,I am too busy to get enough sleep.,"10_sleep, 1",10_sleep
1798,2,1,10_sleep,It is hard for me to get enough sleep.,"10_sleep, 1",10_sleep
1799,2,2,10_sleep,I can't fall asleep every night.,"10_sleep, 2",10_sleep
1800,2,2,10_sleep,Sleeping is a hard problem for me.,"10_sleep, 2",10_sleep
1801,2,1,10_sleep,The length of my sleep is too short.,"10_sleep, 1",10_sleep
1802,2,1,10_sleep,The length of my sleep is not enough.,"10_sleep, 1",10_sleep
1803,2,2,10_sleep,I can't sleep well for a long time.,"10_sleep, 2",10_sleep
1804,2,2,10_sleep,I have trouble sleeping every night.,"10_sleep, 2",10_sleep
1805,2,2,10_sleep,I barely get any sleep.,"10_sleep, 2",10_sleep
1806,2,1,10_sleep,I wake up multiple times throughout the night.,"10_sleep, 1",10_sleep
1807,2,2,10_sleep,My sleep schedule is completely messed up.,"10_sleep, 2",10_sleep
1808,2,1,10_sleep,I stay up all night and sleep during the day.,"10_sleep, 1",10_sleep
1809,2,1,10_sleep,I sleep at random times with no pattern.,"10_sleep, 1",10_sleep
1810,2,2,10_sleep,I can’t fall asleep no matter how tired I am.,"10_sleep, 2",10_sleep
1811,2,2,10_sleep,I haven’t had a full night’s sleep in a long time.,"10_sleep, 2",10_sleep
1812,2,1,10_sleep,I wake up way too early and can’t go back to sleep.,"10_sleep, 1",10_sleep
1813,2,2,10_sleep,I stay awake for hours before I finally fall asleep.,"10_sleep, 2",10_sleep
1814,2,2,10_sleep,I sleep for only a few hours every night.,"10_sleep, 2",10_sleep
1815,2,2,10_sleep,My sleep is very fragmented and low quality.,"10_sleep, 2",10_sleep
1816,2,1,10_sleep,I frequently wake up feeling unrested.,"10_sleep, 1",10_sleep
1817,2,1,10_sleep,My body feels heavy and fatigued due to lack of sleep.,"10_sleep, 1",10_sleep
1818,2,2,10_sleep,"I sleep at odd hours, and it disrupts my daily life.","10_sleep, 2",10_sleep
1819,2,2,10_sleep,I have chronic insomnia.,"10_sleep, 2",10_sleep
1820,2,2,10_sleep,"I never feel well-rested, no matter how much I sleep.","10_sleep, 2",10_sleep
1821,2,1,10_sleep,I often sleep too little or too much.,"10_sleep, 1",10_sleep
1822,2,2,10_sleep,I sometimes don’t sleep at all for a whole night.,"10_sleep, 2",10_sleep
1823,2,2,10_sleep,My sleep problems are affecting my health.,"10_sleep, 2",10_sleep
1824,2,2,10_sleep,I can’t focus during the day because I don’t sleep enough.,"10_sleep, 2",10_sleep
1825,2,2,10_sleep,I have to take naps constantly because I don’t sleep well at night.,"10_sleep, 2",10_sleep
1826,2,2,10_sleep,"I’ve tried fixing my sleep, but nothing works.","10_sleep, 2",10_sleep
1827,2,2,10_sleep,My thoughts keep me awake at night.,"10_sleep, 2",10_sleep
1828,2,2,10_sleep,I lay in bed for hours but can’t fall asleep.,"10_sleep, 2",10_sleep
1829,2,2,10_sleep,"I always feel groggy, no matter how much I sleep.","10_sleep, 2",10_sleep
1830,2,1,10_sleep,I wake up in the middle of the night and can’t fall back asleep.,"10_sleep, 1",10_sleep
1831,2,2,10_sleep,I don’t remember the last time I woke up feeling refreshed.,"10_sleep, 2",10_sleep
1832,2,2,10_sleep,My irregular sleep schedule affects my work and social life.,"10_sleep, 2",10_sleep
1833,2,1,10_sleep,I sleep at completely different times every day.,"10_sleep, 1",10_sleep
1834,2,1,10_sleep,I feel like my body doesn’t let me sleep properly.,"10_sleep, 1",10_sleep
1835,2,2,10_sleep,I am always tired but can’t sleep when I try.,"10_sleep, 2",10_sleep
1836,2,2,10_sleep,I oversleep one day and barely sleep the next.,"10_sleep, 2",10_sleep
1837,2,2,10_sleep,My sleep schedule is completely unstructured.,"10_sleep, 2",10_sleep
1838,2,1,10_sleep,I can’t get through the day without caffeine due to lack of sleep.,"10_sleep, 1",10_sleep
1839,2,2,10_sleep,I don’t get deep sleep at all.,"10_sleep, 2",10_sleep
1840,2,2,10_sleep,I often skip sleep to finish work or assignments.,"10_sleep, 2",10_sleep
1841,2,1,10_sleep,I keep waking up in the middle of the night for no reason.,"10_sleep, 1",10_sleep
1842,2,1,10_sleep,I wake up way earlier than I want and can’t sleep again.,"10_sleep, 1",10_sleep
1843,2,2,10_sleep,I feel like I’m running on empty because of my poor sleep.,"10_sleep, 2",10_sleep
1844,2,1,10_sleep,I sometimes sleep too much but still feel tired.,"10_sleep, 1",10_sleep
1845,2,2,10_sleep,My sleeping habits are out of control.,"10_sleep, 2",10_sleep
1846,2,1,10_sleep,I stay up late even when I know I need sleep.,"10_sleep, 1",10_sleep
1847,2,2,10_sleep,I’ve been struggling with poor sleep for months.,"10_sleep, 2",10_sleep
1848,2,1,10_sleep,I sleep at different times every single day.,"10_sleep, 1",10_sleep
1849,2,2,10_sleep,I feel like my sleep problems are affecting my mental health.,"10_sleep, 2",10_sleep
1850,2,1,10_sleep,I desperately want better sleep but don’t know how to fix it.,"10_sleep, 1",10_sleep
1851,2,1,10_sleep,My baby made my sleep very fragmented recently.,"10_sleep, 1",10_sleep
1852,2,1,10_sleep,"God, I have to wake up 3 times a night to feed my baby.","10_sleep, 1",10_sleep
1853,2,2,10_sleep,I have to wake up a few times every night to take care of my mom. She is sick.,"10_sleep, 2",10_sleep
1854,0,0,11_eat,I eat regularly.,"11_eat, 0",11_eat
1855,0,0,11_eat,My eating habits are good.,"11_eat, 0",11_eat
1856,0,0,11_eat,My eating habits are okay.,"11_eat, 0",11_eat
1857,0,0,11_eat,I pay a lot of attention on eating.,"16_nutrition, 0",16_nutrition
1858,0,0,11_eat,I eat well.,"16_nutrition, 0",16_nutrition
1859,0,0,11_eat,I eat healthy and regular.,"11_eat, 0",11_eat
1860,0,0,11_eat,I am taking food regularly.,"11_eat, 0",11_eat
1861,0,0,11_eat,I eat three meals a day.,"11_eat, 0",11_eat
1862,0,0,11_eat,I eat two to three meals a day.,"11_eat, 0",11_eat
1863,0,0,11_eat,I take good care of my eating.,"16_nutrition, 0",16_nutrition
1864,0,0,11_eat,I have a good appetite.,"16_nutrition, 0",16_nutrition
1865,0,0,11_eat,I have meals on time.,"11_eat, 0",11_eat
1866,0,0,11_eat,I have meals on a regular basis.,"11_eat, 0",11_eat
1867,0,0,11_eat,I make sure to eat on time every day.,"11_eat, 0",11_eat
1868,0,0,11_eat,I eat three balanced meals a day.,"11_eat, 0",11_eat
1869,0,0,11_eat,I stick to a consistent meal schedule.,"11_eat, 0",11_eat
1870,0,0,11_eat,I have a well-structured eating routine.,"11_eat, 0",11_eat
1871,0,0,11_eat,"I eat breakfast, lunch, and dinner without skipping meals.","11_eat, 0",11_eat
1872,0,0,11_eat,I maintain a good balance between healthy and enjoyable foods.,"16_nutrition, 0",16_nutrition
1873,0,0,11_eat,I always eat at the same time each day.,"11_eat, 0",11_eat
1874,0,0,11_eat,I plan my meals to ensure I eat properly.,"16_nutrition, 0",16_nutrition
1875,0,0,11_eat,I enjoy cooking and preparing my meals regularly.,"11_eat, 0",11_eat
1876,0,0,11_eat,I always have time to eat a proper meal.,"11_eat, 0",11_eat
1877,0,0,11_eat,"I never skip meals, no matter how busy I am.","11_eat, 0",11_eat
1878,0,0,11_eat,I eat enough to fuel my body properly.,"16_nutrition, 0",16_nutrition
1879,0,0,11_eat,I take my nutrition seriously and follow a healthy diet.,"16_nutrition, 0",16_nutrition
1880,0,0,11_eat,I enjoy my meals and make sure they are nutritious.,"16_nutrition, 0",16_nutrition
1881,0,0,11_eat,I eat homemade meals most of the time.,"16_nutrition, 0",16_nutrition
1882,0,0,11_eat,I prioritize meal planning to keep my diet consistent.,"11_eat, 0",11_eat
1883,0,0,11_eat,"I always eat breakfast, and it helps me start my day right.","11_eat, 0",11_eat
1884,0,0,11_eat,I make time for proper meals even when I have a busy schedule.,"11_eat, 0",11_eat
1885,0,0,11_eat,I have a stable and healthy eating pattern.,"11_eat, 0",11_eat
1886,0,0,11_eat,I maintain a steady intake of nutrients through my meals.,"16_nutrition, 0",16_nutrition
1887,0,0,11_eat,I drink enough water and stay hydrated throughout the day.,"16_nutrition, 0",16_nutrition
1888,0,0,11_eat,I avoid skipping meals and prioritize regular eating.,"11_eat, 0",11_eat
1889,0,0,11_eat,I eat a variety of foods to stay healthy.,"16_nutrition, 0",16_nutrition
1890,0,0,11_eat,I have a good relationship with food and enjoy eating.,"11_eat, 0",11_eat
1891,0,0,11_eat,I never forget to eat because I stick to a routine.,"11_eat, 0",11_eat
1892,0,0,11_eat,I enjoy eating nutritious meals every day.,"16_nutrition, 0",16_nutrition
1893,0,0,11_eat,I have a well-balanced diet that keeps me energized.,"16_nutrition, 0",16_nutrition
1894,0,0,11_eat,I eat small but frequent meals to stay satisfied.,"11_eat, 0",11_eat
1895,0,0,11_eat,I prepare my meals ahead of time to stay consistent.,"11_eat, 0",11_eat
1896,0,0,11_eat,I always make sure to get enough calories and nutrients.,"16_nutrition, 0",16_nutrition
1897,0,0,11_eat,I don’t struggle with eating regularly.,"11_eat, 0",11_eat
1898,0,0,11_eat,I rarely overeat or undereat.,"11_eat, 0",11_eat
1899,0,0,11_eat,"I make sure my meals include protein, vegetables, and healthy fats.","16_nutrition, 0",16_nutrition
1900,0,0,11_eat,I eat with my family at regular meal times.,"11_eat, 0",11_eat
1901,0,0,11_eat,I enjoy eating healthy foods that make me feel good.,"16_nutrition, 0",16_nutrition
1902,0,0,11_eat,I don’t have any issues with my appetite.,"11_eat, 0",11_eat
1903,0,0,11_eat,I snack in moderation and maintain a balanced diet.,"16_nutrition, 0",16_nutrition
1904,0,0,11_eat,I love trying new healthy recipes.,"16_nutrition, 0",16_nutrition
1905,0,0,11_eat,"I always eat breakfast, and it helps me focus better.","11_eat, 0",11_eat
1906,0,0,11_eat,I cook most of my meals at home and enjoy the process.,"11_eat, 0",11_eat
1907,0,0,11_eat,I never go to bed hungry because I eat consistently.,"11_eat, 0",11_eat
1908,0,0,11_eat,I follow a meal plan to keep my eating regular.,"11_eat, 0",11_eat
1909,0,0,11_eat,I eat when I’m hungry and stop when I’m full.,"11_eat, 0",11_eat
1910,0,0,11_eat,I rarely eat junk food and prioritize healthy eating.,"16_nutrition, 0",16_nutrition
1911,0,0,11_eat,I make time to sit down and enjoy my meals.,"11_eat, 0",11_eat
1912,0,0,11_eat,I have good control over my portion sizes.,"16_nutrition, 0",16_nutrition
1913,0,0,11_eat,I take vitamins and supplements to support my diet.,"16_nutrition, 0",16_nutrition
1914,0,0,11_eat,I keep track of my nutrition and make adjustments when needed.,"16_nutrition, 0",16_nutrition
1915,0,0,11_eat,I maintain a balanced diet that fits my lifestyle.,"16_nutrition, 0",16_nutrition
1916,0,0,11_eat,I never go too long without eating a meal.,"11_eat, 0",11_eat
1917,1,1,11_eat,I don't eat breakfast.,"11_eat, 1",11_eat
1918,1,1,11_eat,I skip the breakfast.,"11_eat, 1",11_eat
1919,1,1,11_eat,I don't eat lunch.,"11_eat, 1",11_eat
1920,1,1,11_eat,I skip the lunch.,"11_eat, 1",11_eat
1921,1,1,11_eat,I don't eat dinner.,"11_eat, 1",11_eat
1922,1,1,11_eat,I skip the dinner.,"11_eat, 1",11_eat
1923,1,2,11_eat,I eat a little.,"16_nutrition, 2",16_nutrition
1924,1,0,11_eat,I eat a lot.,"16_nutrition, 0",16_nutrition
1925,1,0,11_eat,I eat a lot of food every day.,"16_nutrition, 0",16_nutrition
1926,1,1,11_eat,"I skip meals sometimes, but not often.","11_eat, 1",11_eat
1927,1,1,11_eat,I forget to eat when I’m really busy.,"11_eat, 1",11_eat
1928,1,1,11_eat,"I eat at irregular times, but I still make sure to eat enough.","11_eat, 1",11_eat
1929,1,1,11_eat,I don’t always eat three meals a day.,"11_eat, 1",11_eat
1930,1,1,11_eat,I eat late at night instead of during the day.,"11_eat, 1",11_eat
1931,1,1,11_eat,I sometimes eat too much at once and feel uncomfortable.,"11_eat, 1",11_eat
1932,1,1,11_eat,"I skip breakfast, but I try to eat enough later.","11_eat, 1",11_eat
1933,1,1,11_eat,I don’t always eat lunch because I get caught up with work.,"11_eat, 1",11_eat
1934,1,1,11_eat,I eat dinner very late sometimes.,"11_eat, 1",11_eat
1935,1,1,11_eat,I sometimes eat only two meals a day.,"11_eat, 1",11_eat
1936,1,1,11_eat,"I eat whenever I have time, not on a fixed schedule.","11_eat, 1",11_eat
1937,1,1,11_eat,I don’t always feel hungry at mealtime.,"11_eat, 1",11_eat
1938,1,1,11_eat,My eating schedule is inconsistent on weekends.,"11_eat, 1",11_eat
1939,1,1,11_eat,"I sometimes go hours without eating, then eat a lot at once.","11_eat, 1",11_eat
1940,1,1,11_eat,I tend to eat big meals at odd hours.,"11_eat, 1",11_eat
1941,1,1,11_eat,"I don’t always have time to cook, so I grab whatever is available.","16_nutrition, 1",16_nutrition
1942,1,1,11_eat,I eat out a lot because I don’t have time to cook.,"16_nutrition, 1",16_nutrition
1943,1,1,11_eat,I eat fast food more often than I should.,"16_nutrition, 1",16_nutrition
1944,1,1,11_eat,I don’t always pay attention to what I eat.,"16_nutrition, 1",16_nutrition
1945,1,1,11_eat,I forget to eat when I’m focused on work or school.,"11_eat, 1",11_eat
1946,1,1,11_eat,"I try to eat regularly, but I’m not always successful.","11_eat, 1",11_eat
1947,1,1,11_eat,My eating schedule depends on my mood.,"11_eat, 1",11_eat
1948,1,1,11_eat,I sometimes have to remind myself to eat.,"11_eat, 1",11_eat
1949,1,1,11_eat,I eat breakfast some days but not others.,"11_eat, 1",11_eat
1950,1,1,11_eat,I eat on a schedule during the week but not on weekends.,"11_eat, 1",11_eat
1951,1,1,11_eat,I get full quickly and sometimes don’t finish meals.,"16_nutrition, 1",16_nutrition
1952,1,1,11_eat,I eat at different times every day.,"11_eat, 1",11_eat
1953,1,1,11_eat,"I don’t eat enough some days, but I make up for it later.","16_nutrition, 1",16_nutrition
1954,1,1,11_eat,I sometimes skip meals when I don’t feel like eating.,"11_eat, 1",11_eat
1955,1,1,11_eat,I have a habit of eating very late at night.,"11_eat, 1",11_eat
1956,1,1,11_eat,I don’t eat as much as I probably should.,"16_nutrition, 1",16_nutrition
1957,1,1,11_eat,I sometimes eat more than I need.,"16_nutrition, 1",16_nutrition
1958,1,1,11_eat,I occasionally eat unhealthy foods instead of balanced meals.,"16_nutrition, 1",16_nutrition
1959,1,1,11_eat,I rely on caffeine instead of food sometimes.,"16_nutrition, 1",16_nutrition
1960,1,1,11_eat,I eat small portions because I don’t have much appetite.,"16_nutrition, 1",16_nutrition
1961,1,1,11_eat,I eat well some days and poorly on others.,"16_nutrition, 1",16_nutrition
1962,1,1,11_eat,I sometimes overeat and feel sluggish afterward.,"11_eat, 1",11_eat
1963,1,1,11_eat,I eat fast food when I don’t have time for a meal.,"16_nutrition, 1",16_nutrition
1964,1,1,11_eat,I eat out too much instead of preparing meals.,"16_nutrition, 1",16_nutrition
1965,1,1,11_eat,I skip meals on stressful days.,"11_eat, 1",11_eat
1966,1,1,11_eat,I don’t always listen to my body’s hunger cues.,"11_eat, 1",11_eat
1967,1,1,11_eat,I don’t track what I eat very well.,"16_nutrition, 1",16_nutrition
1968,1,1,11_eat,I eat large portions some days and small portions on others.,"11_eat, 1",11_eat
1969,1,1,11_eat,I have trouble maintaining a steady eating routine.,"11_eat, 1",11_eat
1970,1,1,11_eat,I don’t always feel hungry when I should be eating.,"11_eat, 1",11_eat
1971,1,1,11_eat,I eat out of boredom sometimes.,"11_eat, 1",11_eat
1972,1,1,11_eat,"I try to have meals regularly, but it’s hard to stick to a routine.","11_eat, 1",11_eat
1973,2,2,11_eat,I hardly ever eat regularly.,"11_eat, 2",11_eat
1974,2,1,11_eat,My eating habits is not good.,"16_nutrition, 1",16_nutrition
1975,2,2,11_eat,I have disordered eating habits.,"11_eat, 2",11_eat
1976,2,2,11_eat,I have disordered eating behaviors.,"11_eat, 2",11_eat
1977,2,2,11_eat,I have disordered eating.,"11_eat, 2",11_eat
1978,2,2,11_eat,I binge eat.,"11_eat, 2",11_eat
1979,2,1,11_eat,I never pay attention to what I eat.,"16_nutrition, 1",16_nutrition
1980,2,1,11_eat,I am not taking food regularly.,"11_eat, 1",11_eat
1981,2,1,11_eat,I usually don't take food on time.,"11_eat, 1",11_eat
1982,2,1,11_eat,I don't take good care of my eating.,"11_eat, 1",11_eat
1983,2,2,11_eat,I always forget to eat,"11_eat, 2",11_eat
1984,2,2,11_eat,I eat one meal a day,"11_eat, 2",11_eat
1985,2,2,11_eat,I have binge eating disorder.,"11_eat, 2",11_eat
1986,2,2,11_eat,I have an eating disorder.,"11_eat, 2",11_eat
1987,2,1,11_eat,It is hard for me to eat regularly.,"11_eat, 1",11_eat
1988,2,1,11_eat,I have bad eating habits.,"16_nutrition, 1",16_nutrition
1989,2,2,11_eat,I forget to eat most days.,"11_eat, 2",11_eat
1990,2,2,11_eat,I go the whole day without eating sometimes.,"11_eat, 2",11_eat
1991,2,2,11_eat,I skip meals almost every day.,"11_eat, 2",11_eat
1992,2,2,11_eat,I don’t have a regular eating schedule at all.,"11_eat, 2",11_eat
1993,2,2,11_eat,"I eat only when I remember, which isn’t often.","11_eat, 2",11_eat
1994,2,1,11_eat,I eat one big meal and nothing else.,"11_eat, 1",11_eat
1995,2,2,11_eat,I eat very little throughout the day.,"16_nutrition, 2",16_nutrition
1996,2,2,11_eat,I binge eat late at night after not eating all day.,"11_eat, 2",11_eat
1997,2,2,11_eat,I have no control over when or how much I eat.,"11_eat, 2",11_eat
1998,2,1,11_eat,"I eat whatever is available, even if it’s unhealthy.","16_nutrition, 1",16_nutrition
1999,2,1,11_eat,"I eat excessively, then regret it later.","11_eat, 1",11_eat
2000,2,1,11_eat,I have a history of disordered eating.,"11_eat, 1",11_eat
2001,2,2,11_eat,"I eat once a day, and even then, not much.","11_eat, 2",11_eat
2002,2,2,11_eat,I rely on caffeine instead of food most days.,"16_nutrition, 2",16_nutrition
2003,2,2,11_eat,I have completely lost my appetite.,"11_eat, 2",11_eat
2004,2,2,11_eat,I only eat junk food because I don’t have energy to cook.,"16_nutrition, 2",16_nutrition
2005,2,2,11_eat,I go through periods of not eating at all.,"11_eat, 2",11_eat
2006,2,2,11_eat,"I feel guilty when I eat, so I avoid it.","11_eat, 2",11_eat
2007,2,2,11_eat,"I eat too much, then feel sick afterward.","11_eat, 2",11_eat
2008,2,2,11_eat,I often eat in secret.,"11_eat, 2",11_eat
2009,2,2,11_eat,I feel out of control when it comes to food.,"11_eat, 2",11_eat
2010,2,2,11_eat,I have no interest in eating.,"11_eat, 2",11_eat
2011,2,1,11_eat,I force myself to eat because I know I have to.,"11_eat, 1",11_eat
2012,2,2,11_eat,"I eat way too much in one sitting, then skip meals later.","11_eat, 2",11_eat
2013,2,2,11_eat,I have no structure in my eating habits.,"11_eat, 2",11_eat
2014,2,2,11_eat,"I eat only when I feel like it, which isn’t often.","11_eat, 2",11_eat
2015,2,2,11_eat,I sometimes throw up after eating.,"16_nutrition, 2",16_nutrition
2016,2,2,11_eat,I have no hunger cues anymore.,"16_nutrition, 2",16_nutrition
2017,2,2,11_eat,I constantly eat until I feel uncomfortable.,"11_eat, 2",11_eat
2018,2,1,11_eat,"I eat at random times, even in the middle of the night.","11_eat, 1",11_eat
2019,2,1,11_eat,I wake up hungry but don’t eat until hours later.,"11_eat, 1",11_eat
2020,2,1,11_eat,I always feel either too full or too hungry.,"11_eat, 1",11_eat
2021,2,1,11_eat,I snack all day instead of eating real meals.,"11_eat, 1",11_eat
2022,2,1,11_eat,I eat out of stress rather than hunger.,"32_coping, 1",32_coping
2023,2,1,11_eat,I rarely eat fresh food.,"16_nutrition, 1",16_nutrition
2024,2,1,11_eat,I eat only fast food because it’s easier.,"16_nutrition, 1",16_nutrition
2025,2,2,11_eat,I’ve lost a lot of weight because I don’t eat enough.,"1_weight, 2",1_weight
2026,2,2,11_eat,I’ve gained a lot of weight from binge eating.,"1_weight, 2",1_weight
2027,2,2,11_eat,I eat without even realizing I’m doing it.,"11_eat, 2",11_eat
2028,2,2,11_eat,I feel weak because I don’t eat properly.,"16_nutrition, 2",16_nutrition
2029,2,1,11_eat,I avoid eating around other people.,"11_eat, 1",11_eat
2030,2,1,11_eat,I eat too fast and then feel sick.,"11_eat, 1",11_eat
2031,2,1,11_eat,I eat food even when I’m not hungry.,"11_eat, 1",11_eat
2032,2,2,11_eat,I don’t eat all day and then eat everything at night.,"11_eat, 2",11_eat
2033,2,2,11_eat,I always feel tired because I don’t eat enough.,"16_nutrition, 2",16_nutrition
2034,2,2,11_eat,I feel anxious whenever I eat.,"2_mood, 2",2_mood
2035,2,1,11_eat,"I eat food for comfort, not for nutrition.","16_nutrition, 1",16_nutrition
2036,2,1,11_eat,I rely on processed snacks instead of full meals.,"16_nutrition, 1",16_nutrition
2037,2,1,11_eat,I have food in my kitchen but still don’t eat properly.,"11_eat, 1",11_eat
2038,2,2,11_eat,I get dizzy sometimes because I don’t eat enough.,"16_nutrition, 2",16_nutrition
2039,2,1,11_eat,I don’t enjoy eating anymore.,"11_eat, 1",11_eat
2040,2,1,11_eat,I eat randomly without thinking about it.,"11_eat, 1",11_eat
2041,2,1,11_eat,I have no structure to my meals and eat at odd times.,"11_eat, 1",11_eat
2042,2,1,11_eat,"I eat whatever is easiest, which usually isn’t healthy.","16_nutrition, 1",16_nutrition
2043,2,1,11_eat,I wish I had a better relationship with food.,"16_nutrition, 1",16_nutrition
2044,2,2,11_eat,I can’t stick to a regular meal plan no matter how hard I try.,"11_eat, 2",11_eat
2045,2,1,11_eat,"I know my eating habits are unhealthy, but I don’t know how to fix them.","16_nutrition, 1",16_nutrition
2046,0,0,12_work,I work every day.,"12_work, 0",12_work
2047,0,0,12_work,I am empolyed.,"12_work, 0",12_work
2048,0,0,12_work,I go to work everyday.,"12_work, 0",12_work
2049,0,0,12_work,I am going to work every weekday.,"12_work, 0",12_work
2050,0,0,12_work,I show up for work.,"14_show_up, 0",14_show_up
2051,0,0,12_work,I show up for my job.,"14_show_up, 0",14_show_up
2052,0,0,12_work,I have a few jobs.,"12_work, 0",12_work
2053,0,0,12_work,I am a YouTuber.,"Other, 0","NA, 99"
2054,0,0,12_work,I am a game anchor and live stream my game.,"12_work, 0",12_work
2055,0,0,12_work,I am an online shopping anchor.,"12_work, 0",12_work
2056,0,0,12_work,I go to my office to work every day.,"12_work, 0",12_work
2057,0,0,12_work,I work at home.,"12_work, 0",12_work
2058,0,0,12_work,I am a student.,"Other, 0","NA, 99"
2059,0,0,12_work,I go to school every day.,"12_work, 0",12_work
2060,0,0,12_work,I go to school whenever I have classes.,"14_show_up, 0",14_show_up
2061,0,0,12_work,I never skip classes.,"14_show_up, 0",14_show_up
2062,0,0,12_work,I go to every class.,"14_show_up, 0",14_show_up
2063,0,0,12_work,I am self-empolyeed.,"12_work, 0",12_work
2064,0,0,12_work,I have a job.,"12_work, 0",12_work
2065,0,0,12_work,I go to work regularly.,"12_work, 0",12_work
2066,0,0,12_work,I am a housewife.,"Other, 0","NA, 99"
2067,0,0,12_work,I do some part-time jobs.,"12_work, 0",12_work
2068,0,0,12_work,I work from home.,"12_work, 0",12_work
2069,0,0,12_work,I do some remote works.,"12_work, 0",12_work
2070,0,1,12_work,I am not empolyeed.,"12_work, 1",12_work
2071,0,2,12_work,I am unemployed.,"12_work, 2",12_work
2072,0,2,12_work,I don't have a job.,"12_work, 2",12_work
2073,0,0,12_work,I am launching a startup company recently.,"12_work, 0",12_work
2074,0,0,12_work,I am steering up some business with my friends and being busy every day.,"12_work, 0",12_work
2075,0,0,12_work,I’m very consistent with my job.,"12_work, 0",12_work
2076,0,0,12_work,I clock in and out on time every day.,"14_show_up, 0",14_show_up
2077,0,0,12_work,I’ve never been late to class.,"14_show_up, 0",14_show_up
2078,0,0,12_work,I attend school full-time and never miss a class.,"14_show_up, 0",14_show_up
2079,0,0,12_work,I take my job seriously and show up every day.,"14_show_up, 0",14_show_up
2080,0,0,12_work,I enjoy my classes and attend them all.,"12_work, 0",12_work
2081,0,0,12_work,I attend all my lectures and labs.,"14_show_up, 0",14_show_up
2082,0,0,12_work,I’m enrolled in school and actively participate.,"12_work, 0",12_work
2083,0,0,12_work,I’m self-employed and work on my business every day.,"12_work, 0",12_work
2084,0,0,12_work,I freelance but always keep a routine.,"12_work, 0",12_work
2085,0,0,12_work,I have an internship and go there every weekday.,"12_work, 0",12_work
2086,0,0,12_work,I’m a full-time employee with regular hours.,"12_work, 0",12_work
2087,0,0,12_work,I attend vocational training regularly.,"12_work, 0",12_work
2088,0,0,12_work,I work night shifts and show up on time.,"14_show_up, 0",14_show_up
2089,0,0,12_work,I work two part-time jobs and manage them well.,"12_work, 0",12_work
2090,0,0,12_work,I work remotely but follow a strict schedule.,"12_work, 0",12_work
2091,0,0,12_work,I go to all my team meetings.,"14_show_up, 0",14_show_up
2092,0,0,12_work,I’m enrolled in college and go to every class.,"14_show_up, 0",14_show_up
2093,0,0,12_work,I’m a graduate student and go to the lab every day.,"12_work, 0",12_work
2094,0,0,12_work,I’m a research assistant and never miss a shift.,"14_show_up, 0",14_show_up
2095,0,0,12_work,"I’m working while attending school, and I manage both.","12_work, 0",12_work
2096,0,0,12_work,I’m enrolled in an online course and submit all assignments on time.,"12_work, 0",12_work
2097,0,0,12_work,I’m a teacher and show up to school daily.,"14_show_up, 0",14_show_up
2098,0,0,12_work,I attend every Zoom class.,"14_show_up, 0",14_show_up
2099,0,0,12_work,I work in customer service and never skip shifts.,"14_show_up, 0",14_show_up
2100,0,0,12_work,I’m a reliable employee at my company.,"12_work, 0",12_work
2101,0,0,12_work,I work six days a week and maintain attendance.,"12_work, 0",12_work
2102,0,0,12_work,I follow a tight work schedule.,"12_work, 0",12_work
2103,0,0,12_work,I attend a certification program daily.,"12_work, 0",12_work
2104,0,0,12_work,I’m studying for an exam and keep a strict schedule.,"12_work, 0",12_work
2105,0,0,12_work,I work freelance but meet all my deadlines.,"12_work, 0",12_work
2106,0,0,12_work,I clock in at 9 AM and stay productive throughout the day.,"30_productivity, 0",30_productivity
2107,0,0,12_work,I lead a team at work and always show up.,"14_show_up, 0",14_show_up
2108,0,0,12_work,I attend school and do all my homework.,"12_work, 0",12_work
2109,0,0,12_work,I’m in an apprenticeship program and go every day.,"14_show_up, 0",14_show_up
2110,0,0,12_work,I study in a library regularly.,"12_work, 0",12_work
2111,0,0,12_work,I go to school and work part-time in the evenings.,"12_work, 0",12_work
2112,0,0,12_work,I volunteer regularly and take it as seriously as a job.,"25_community, 0",25_community
2113,0,0,12_work,I never miss group projects or deadlines.,"14_show_up, 0",14_show_up
2114,0,0,12_work,I work in construction and am always on site.,"12_work, 0",12_work
2115,0,0,12_work,I’m fully committed to my school schedule.,"12_work, 0",12_work
2116,0,0,12_work,I take night classes and always attend.,"14_show_up, 0",14_show_up
2117,0,0,12_work,I log in to my remote job without fail.,"14_show_up, 0",14_show_up
2118,0,0,12_work,I enjoy going to work and never skip a day.,"12_work, 0",12_work
2119,0,0,12_work,I’m consistent in attending both lectures and study groups.,"14_show_up, 0",14_show_up
2120,0,0,12_work,I balance work and school successfully and show up for both.,"13_work_life, 0",13_work_life
2121,0,1,12_work,I am very workaholic and definitely manage my work well.,"13_work_life, 1",13_work_life
2122,0,0,12_work,I am a hardworking person and manage my school work very well.,"12_work, 0",12_work
2123,1,1,12_work,I am going to work sometimes in a week.,"12_work, 1",12_work
2124,1,1,12_work,I did not go to school yesterday.,"14_show_up, 1",14_show_up
2125,1,1,12_work,I sometimes find a part-time job.,"12_work, 1",12_work
2126,1,1,12_work,I quit my job due to a current life change.,"12_work, 1",12_work
2127,1,1,12_work,I missed a few days of work last month.,"12_work, 1",12_work
2128,1,1,12_work,I’ve been late to work a few times.,"14_show_up, 1",14_show_up
2129,1,1,12_work,"I attend school, but I miss class occasionally.","14_show_up, 1",14_show_up
2130,1,1,12_work,I sometimes log in late to my online classes.,"14_show_up, 1",14_show_up
2131,1,1,12_work,I skipped a few lectures recently.,"14_show_up, 1",14_show_up
2132,1,1,12_work,I’ve had a few days where I just couldn’t show up.,"14_show_up, 1",14_show_up
2133,1,1,12_work,I attend class most of the time but not always.,"14_show_up, 1",14_show_up
2134,1,1,12_work,I don’t always have the energy to go to work.,"31_motivation, 1",31_Motivation
2135,1,1,12_work,I’ve been inconsistent with my attendance.,"14_show_up, 1",14_show_up
2136,1,1,12_work,I sometimes take mental health days without notice.,"14_show_up, 1",14_show_up
2137,1,1,12_work,I work part-time and sometimes skip shifts.,"12_work, 1",12_work
2138,1,1,12_work,"I go to school, but I’ve missed some assignments.","12_work, 1",12_work
2139,1,1,12_work,I’ve been sick and missed some classes.,"14_show_up, 1",14_show_up
2140,1,1,12_work,I had to leave early from work a few times.,"12_work, 1",12_work
2141,1,1,12_work,I’m struggling to keep a regular schedule.,"10_sleep, 1",10_sleep
2142,1,1,12_work,I’ve skipped class to catch up on sleep.,"14_show_up, 1",14_show_up
2143,1,2,12_work,I’m behind on schoolwork because I miss classes.I sometimes oversleep and miss my shift.,"14_show_up, 2",14_show_up
2144,1,1,12_work,I occasionally skip online meetings.,"14_show_up, 1",14_show_up
2145,1,1,12_work,I’ve dropped a few shifts recently.,"14_show_up, 1",14_show_up
2146,1,1,12_work,I miss class when I’m stressed.,"14_show_up, 1",14_show_up
2147,1,1,12_work,I’m trying to improve my attendance.,"14_show_up, 1",14_show_up
2148,1,1,12_work,I’ve had some issues with time management lately.,"30_productivity, 1",30_productivity
2149,1,1,12_work,I miss school occasionally because of personal reasons.,"14_show_up, 1",14_show_up
2150,1,1,12_work,I’ve been looking for more stable work.,"12_work, 1",12_work
2151,1,1,12_work,I take work breaks without letting anyone know.,"30_productivity, 1",30_productivity
2152,1,1,12_work,I occasionally ghost class discussions.,"14_show_up, 1",14_show_up
2153,1,1,12_work,I don’t always attend optional sessions.,"14_show_up, 1",14_show_up
2154,1,1,12_work,I log into work late when I feel overwhelmed.,"14_show_up, 1",14_show_up
2155,1,1,12_work,I occasionally forget my shifts.,"14_show_up, 1",14_show_up
2156,1,1,12_work,I skip classes when I feel anxious.,"12_work, 1",12_work
2157,1,1,12_work,"I try to show up, but I sometimes fail.","14_show_up, 1",14_show_up
2158,1,2,12_work,I’ve missed deadlines due to inconsistent attendance.,"14_show_up, 2",14_show_up
2159,1,1,12_work,I leave early from school sometimes.,"12_work, 1",12_work
2160,1,1,12_work,I miss a class here and there.,"14_show_up, 1",14_show_up
2161,1,1,12_work,I’ve been skipping some early morning classes.,"12_work, 1",12_work
2162,1,1,12_work,I sometimes feel too tired to attend work.,"12_work, 1",12_work
2163,1,1,12_work,I tend to procrastinate going to class.,"14_show_up, 1",14_show_up
2164,1,1,12_work,I’ve recently been late a few times.,"14_show_up, 1",14_show_up
2165,1,0,12_work,I’ve been trying to get back into routine.,"Other, 0","NA, 99"
2166,1,1,12_work,"My attendance isn’t perfect, but I’m trying.","14_show_up, 1",14_show_up
2167,1,1,12_work,I sometimes work fewer hours than expected.,"12_work, 1",12_work
2168,1,1,12_work,I occasionally skip group projects.,"14_show_up, 1",14_show_up
2169,1,1,12_work,I’ve been inconsistent with work hours lately.,"12_work, 1",12_work
2170,1,1,12_work,I attend some days and miss others.,"14_show_up, 1",14_show_up
2171,1,1,12_work,I go to school but sometimes zone out.,"12_work, 1",12_work
2172,1,1,12_work,I’ve been job-hopping and haven’t found stable work.,"12_work, 1",12_work
2173,1,1,12_work,I started skipping classes this semester.,"12_work, 1",12_work
2174,1,1,12_work,"I try to be consistent, but I miss days now and then.","3_medication, 1",3_medication
2175,1,1,12_work,I am too busy with my kids to manage my work well.,"13_work_life, 1",13_work_life
2176,1,1,12_work,Daily tasks keep getting in the way of my work management.,"12_work, 1",12_work
2177,1,1,12_work,There are too many everyday tasks that prevent me from managing my work well.,"13_work_life, 1",13_work_life
2178,2,2,12_work,I usually skip a lot of classes.,"14_show_up, 2",14_show_up
2179,2,2,12_work,I skip all classes last two weeks.,"14_show_up, 2",14_show_up
2180,2,1,12_work,I sometimes not showing up at school.,"14_show_up, 1",14_show_up
2181,2,1,12_work,I skip work.,"14_show_up, 1",14_show_up
2182,2,2,12_work,I hardly ever show up in my class.,"14_show_up, 2",14_show_up
2183,2,2,12_work,I don't go to work.,"12_work, 2",12_work
2184,2,2,12_work,I'm fired.,"12_work, 2",12_work
2185,2,2,12_work,I stopped going to school.,"12_work, 2",12_work
2186,2,2,12_work,I’ve been skipping work almost every week.,"12_work, 2",12_work
2187,2,1,12_work,I haven’t been to class in a while.,"12_work, 1",12_work
2188,2,2,12_work,I was recently fired from my job.,"12_work, 2",12_work
2189,2,2,12_work,I can’t keep a regular work schedule.,"12_work, 2",12_work
2190,2,2,12_work,I’ve been missing school for weeks.,"12_work, 2",12_work
2191,2,2,12_work,I haven’t worked in months.,"12_work, 2",12_work
2192,2,2,12_work,I’ve dropped out of my program.,"12_work, 2",12_work
2193,2,2,12_work,I don’t feel like showing up anymore.,"14_show_up, 2",14_show_up
2194,2,1,12_work,I was laid off and haven’t looked for a new job.,"12_work, 1",12_work
2195,2,2,12_work,I’ve lost motivation to attend school or work.,"31_motivation, 2",31_Motivation
2196,2,2,12_work,I’ve been avoiding my job completely.,"12_work, 2",12_work
2197,2,0,12_work,I’m not enrolled in anything right now.,"4_care, 0",4_care
2198,2,2,12_work,I keep skipping class and now I’m failing.,"12_work, 2",12_work
2199,2,2,12_work,I’ve stopped doing any school-related work.,"12_work, 2",12_work
2200,2,2,12_work,I keep quitting jobs after a few weeks.,"12_work, 2",12_work
2201,2,2,12_work,I’m on academic probation due to poor attendance.,"12_work, 2",12_work
2202,2,2,12_work,I’ve stopped participating in class.,"12_work, 2",12_work
2203,2,2,12_work,I no longer go to team meetings at work.,"12_work, 2",12_work
2204,2,2,12_work,I got suspended from school for absences.,"12_work, 2",12_work
2205,2,2,12_work,I keep calling in sick just to avoid work.,"14_show_up, 2",14_show_up
2206,2,2,12_work,I haven’t submitted any assignments in weeks.,"30_productivity, 2",30_productivity
2207,2,2,12_work,I don’t have the energy to go to class.,"12_work, 2",12_work
2208,2,1,12_work,I haven’t logged in to my online course in days.,"12_work, 1",12_work
2209,2,2,12_work,I ignore all work communication.,"12_work, 2",12_work
2210,2,2,12_work,"I show up late and leave early, if I go at all.","14_show_up, 2",14_show_up
2211,2,2,12_work,I haven’t been to work this month.,"12_work, 2",12_work
2212,2,2,12_work,I got written up for missing too many shifts.,"14_show_up, 2",14_show_up
2213,2,2,12_work,I avoid school completely these days.,"12_work, 2",12_work
2214,2,2,12_work,I missed a major deadline and stopped showing up.,"14_show_up, 2",14_show_up
2215,2,2,12_work,I’ve been chronically absent and don’t know what to do.,"14_show_up, 2",14_show_up
2216,2,2,12_work,I was terminated due to attendance issues.,"14_show_up, 2",14_show_up
2217,2,1,12_work,I haven’t seen my classmates in weeks.,"27_relationship_social, 1",27_relationship_social
2218,2,2,12_work,I ghosted my employer after getting overwhelmed.,"14_show_up, 2",14_show_up
2219,2,2,12_work,I’m completely disengaged from school.,"12_work, 2",12_work
2220,2,2,12_work,I dropped out because I stopped attending.,"12_work, 2",12_work
2221,2,2,12_work,I barely participate in anything work-related.,"30_productivity, 2",30_productivity
2222,2,2,12_work,I’ve skipped out on every meeting this week.,"14_show_up, 2",14_show_up
2223,2,1,12_work,I haven’t checked my class portal in ages.,"12_work, 1",12_work
2224,2,2,12_work,I no longer try to catch up on missed work.,"31_motivation, 2",31_Motivation
2225,2,2,12_work,I’ve given up on this semester.,"12_work, 2",12_work
2226,2,1,12_work,I keep avoiding responsibilities at my job.,"12_work, 1",12_work
2227,2,2,12_work,I don’t show up even when I’m scheduled.,"14_show_up, 2",14_show_up
2228,2,2,12_work,I failed classes due to low attendance.,"12_work, 2",12_work
2229,2,2,12_work,I got kicked out of the program.,"4_care, 2",4_care
2230,2,2,12_work,I’m not interested in school anymore.,"31_motivation, 2",31_Motivation
2231,2,1,12_work,I haven’t responded to my manager in days.,"12_work, 1",12_work
2232,2,2,12_work,I’ve stopped going altogether.,"4_care, 2",4_care
2233,2,2,12_work,I’m overwhelmed and shut down completely.,"2_mood, 2",2_mood
2234,0,0,13_work_life,I take a few days off.,"13_work_life, 0",13_work_life
2235,0,0,13_work_life,I have days off.,"13_work_life, 0",13_work_life
2236,0,0,13_work_life,I have good work-life balence.,"13_work_life, 0",13_work_life
2237,0,0,13_work_life,I just have a vacation.,"23_leisure, 0",23_leisure
2238,0,0,13_work_life,I do have a break.,"13_work_life, 0",13_work_life
2239,0,0,13_work_life,I just finished my vacation.,"23_leisure, 0",23_leisure
2240,0,0,13_work_life,I just finished a break.,"Other, 0","NA, 99"
2241,0,0,13_work_life,I just had a vacation.,"23_leisure, 0",23_leisure
2242,0,0,13_work_life,Just returned from a break with my hubby.,"23_leisure, 0",23_leisure
2243,0,0,13_work_life,I had a long weekend recently.,"Other, 0","NA, 99"
2244,0,0,13_work_life,I always take breaks when I need them.,"32_coping, 0",32_coping
2245,0,0,13_work_life,I recently took a personal day.,"13_work_life, 0",13_work_life
2246,0,0,13_work_life,I went on a trip last week.,"23_leisure, 0",23_leisure
2247,0,0,13_work_life,I make time for rest and family.,"13_work_life, 0",13_work_life
2248,0,0,13_work_life,I had time off during the holidays.,"13_work_life, 0",13_work_life
2249,0,0,13_work_life,I always plan time for relaxation.,"32_coping, 0",32_coping
2250,0,0,13_work_life,I use my PTO regularly.,"13_work_life, 0",13_work_life
2251,0,0,13_work_life,I had a mental health day last week.,"13_work_life, 0",13_work_life
2252,0,0,13_work_life,I had a restful staycation.,"23_leisure, 0",23_leisure
2253,0,0,13_work_life,I make time for hobbies and friends.,"23_leisure, 0",23_leisure
2254,0,0,13_work_life,I just got back from a beach trip.,"23_leisure, 0",23_leisure
2255,0,0,13_work_life,I take weekends off.,"13_work_life, 0",13_work_life
2256,0,0,13_work_life,I prioritize downtime after work.,"13_work_life, 0",13_work_life
2257,0,0,13_work_life,I recently enjoyed a short break.,"23_leisure, 0",23_leisure
2258,0,0,13_work_life,I took two days off last month.,"13_work_life, 0",13_work_life
2259,0,0,13_work_life,I always take breaks between busy weeks.,"13_work_life, 0",13_work_life
2260,0,0,13_work_life,I keep work separate from my personal life.,"13_work_life, 0",13_work_life
2261,0,0,13_work_life,I use up my vacation days every year.,"13_work_life, 0",13_work_life
2262,0,0,13_work_life,I don’t work on weekends.,"13_work_life, 0",13_work_life
2263,0,0,13_work_life,I had a relaxing holiday recently.,"23_leisure, 0",23_leisure
2264,0,0,13_work_life,I get to rest when I need to.,"10_sleep, 0",10_sleep
2265,0,0,13_work_life,I took a few sick days to recharge.,"13_work_life, 0",13_work_life
2266,0,0,13_work_life,I maintain balance between my job and rest.,"13_work_life, 0",13_work_life
2267,0,0,13_work_life,I’m on vacation right now.,"23_leisure, 0",23_leisure
2268,0,0,13_work_life,I recently went hiking to unwind.,"32_coping, 0",32_coping
2269,0,0,13_work_life,I took time off for a family visit.,"13_work_life, 0",13_work_life
2270,0,0,13_work_life,I reward myself with breaks.,"32_coping, 0",32_coping
2271,0,0,13_work_life,I schedule breaks on purpose.,"32_coping, 0",32_coping
2272,0,0,13_work_life,I take regular vacations.,"13_work_life, 0",13_work_life
2273,0,0,13_work_life,I had a few days off after a major project.,"13_work_life, 0",13_work_life
2274,0,0,13_work_life,I took a long weekend for fun.,"23_leisure, 0",23_leisure
2275,0,0,13_work_life,I block off time to relax.,"13_work_life, 0",13_work_life
2276,0,0,13_work_life,I book vacation days in advance.,"13_work_life, 0",13_work_life
2277,0,0,13_work_life,I feel balanced between work and life.,"13_work_life, 0",13_work_life
2278,0,0,13_work_life,I took leave for a wedding trip.,"13_work_life, 0",13_work_life
2279,0,0,13_work_life,I took PTO last month.,"13_work_life, 0",13_work_life
2280,0,0,13_work_life,I don’t feel burnt out because I take breaks.,"13_work_life, 0",13_work_life
2281,0,0,13_work_life,I had a spa day last weekend.,"23_leisure, 0",23_leisure
2282,0,0,13_work_life,I keep evenings for myself.,"13_work_life, 0",13_work_life
2283,0,0,13_work_life,I spent last weekend resting.,"23_leisure, 0",23_leisure
2284,0,0,13_work_life,I log off after work hours.,"13_work_life, 0",13_work_life
2285,0,0,13_work_life,I had some quiet time last week.,"23_leisure, 0",23_leisure
2286,0,0,13_work_life,I celebrated a holiday with time off.,"23_leisure, 0",23_leisure
2287,0,0,13_work_life,I took a personal day to recharge.,"32_coping, 0",32_coping
2288,0,0,13_work_life,I have time for family dinners.,"13_work_life, 0",13_work_life
2289,0,0,13_work_life,I took a wellness break.,"32_coping, 0",32_coping
2290,0,0,13_work_life,I took time off for a retreat.,"32_coping, 0",32_coping
2291,0,0,13_work_life,I enjoyed a calm and restful weekend.,"23_leisure, 0",23_leisure
2292,0,0,13_work_life,I recently had a three-day weekend.,"Other, 0","NA, 99"
2293,0,0,13_work_life,I regularly unplug and unwind.,"32_coping, 0",32_coping
2294,0,0,13_work_life,I block out two hours for my family no matter how busy I am with work.,"13_work_life, 0",13_work_life
2295,0,0,13_work_life,I walk my dog three times a day to make sure that I can get away from work and take a breath.,"32_coping, 0",32_coping
2296,0,0,13_work_life,I don't need to take days off to recharge myself.,"13_work_life, 0",13_work_life
2297,0,1,13_work_life,I am very workaholic and I am very happy with my workload.,"13_work_life, 1",13_work_life
2298,0,1,13_work_life,"I’m a bit of a workaholic, and I even enjoy some work projects as if they were fun activities.","13_work_life, 1",13_work_life
2299,0,1,13_work_life,"I’m a bit of a workaholic, and some work projects are actually enjoyable for me.","13_work_life, 1",13_work_life
2300,1,1,13_work_life,I am really busy recently.,"13_work_life, 1",13_work_life
2301,1,0,13_work_life,I have a lot of work to do.,"12_work, 0",12_work
2302,1,1,13_work_life,I am so busy these days.,"13_work_life, 1",13_work_life
2303,1,1,13_work_life,I skip breaks to keep up with deadlines.,"13_work_life, 1",13_work_life
2304,1,1,13_work_life,I get tired but don’t take time off.,"13_work_life, 1",13_work_life
2305,1,1,13_work_life,I’ve been meaning to take a vacation but haven’t.,"13_work_life, 1",13_work_life
2306,1,1,13_work_life,I feel a bit overwhelmed at times.,"2_mood, 1",2_mood
2307,1,1,13_work_life,I wish I had more time to rest.,"10_sleep, 1",10_sleep
2308,1,1,13_work_life,I don’t take days off unless it’s urgent.,"13_work_life, 1",13_work_life
2309,1,1,13_work_life,I keep pushing through without breaks.,"13_work_life, 1",13_work_life
2310,1,1,13_work_life,I work most weekends.,"13_work_life, 1",13_work_life
2311,1,1,13_work_life,I work late almost every night.,"13_work_life, 1",13_work_life
2312,1,1,13_work_life,I plan breaks but often cancel them.,"13_work_life, 1",13_work_life
2313,1,1,13_work_life,I feel like I should take time off but don’t.,"13_work_life, 1",13_work_life
2314,1,1,13_work_life,I struggle to disconnect after work.,"13_work_life, 1",13_work_life
2315,1,1,13_work_life,I haven’t had a proper vacation in months.,"13_work_life, 1",13_work_life
2316,1,1,13_work_life,I skip lunch to finish work.,"11_eat, 1",11_eat
2317,1,1,13_work_life,I rarely pause for self-care.,"32_coping, 1",32_coping
2318,1,1,13_work_life,I cancel breaks when things get busy.,"13_work_life, 1",13_work_life
2319,1,2,13_work_life,I’m on the edge of burnout.,"13_work_life, 2",13_work_life
2320,1,1,13_work_life,I’m often too tired to enjoy my free time.,"23_leisure, 1",23_leisure
2321,1,1,13_work_life,I check work emails even on weekends.,"13_work_life, 1",13_work_life
2322,1,1,13_work_life,I can’t remember the last time I took a full day off.,"13_work_life, 1",13_work_life
2323,1,2,13_work_life,I’ve only had one day off this month.,"13_work_life, 2",13_work_life
2324,1,1,13_work_life,I sometimes feel like I’m always working.,"13_work_life, 1",13_work_life
2325,1,1,13_work_life,I’ve taken only half-days lately.,"12_work, 1",12_work
2326,1,1,13_work_life,I get stressed when I think about time off.,"13_work_life, 1",13_work_life
2327,1,1,13_work_life,"I take breaks, but they aren’t restful.","32_coping, 1",32_coping
2328,1,1,13_work_life,I take time off but end up working anyway.,"13_work_life, 1",13_work_life
2329,1,1,13_work_life,I need a vacation but haven’t scheduled one.,"13_work_life, 1",13_work_life
2330,1,1,13_work_life,I want to rest but keep delaying it.,"10_sleep, 1",10_sleep
2331,1,1,13_work_life,I work through holidays sometimes.,"13_work_life, 1",13_work_life
2332,1,0,13_work_life,I squeeze in short breaks between meetings.,"32_coping, 0",32_coping
2333,1,1,13_work_life,"I take microbreaks, but it’s not enough.","32_coping, 1",32_coping
2334,1,1,13_work_life,I’ve been putting off using my PTO.,"13_work_life, 1",13_work_life
2335,1,1,13_work_life,"I haven’t relaxed in a long time, but it's OK for me.","32_coping, 1",32_coping
2336,1,1,13_work_life,I take care of chores instead of relaxing.,"23_leisure, 1",23_leisure
2337,1,1,13_work_life,I think about work even when I’m not working.,"13_work_life, 1",13_work_life
2338,1,0,13_work_life,I plan to rest after this busy period.,"13_work_life, 0",13_work_life
2339,1,1,13_work_life,I’ve taken some breaks but not enough.,"13_work_life, 1",13_work_life
2340,1,1,13_work_life,I know rest is important but can’t prioritize it.,"10_sleep, 1",10_sleep
2341,1,1,13_work_life,I have unused vacation days piling up.,"13_work_life, 1",13_work_life
2342,2,1,13_work_life,I really need a break but haven’t made time for one yet.,"13_work_life, 1",13_work_life
2343,2,1,13_work_life,I often forget to take breaks.,"13_work_life, 1",13_work_life
2344,2,1,13_work_life,I want more time to unwind.,"13_work_life, 1",13_work_life
2345,2,1,13_work_life,I’m mentally tired but keep working.,"2_mood, 1",2_mood
2346,2,1,13_work_life,I feel like my work-life balance is slipping.,"13_work_life, 1",13_work_life
2347,2,1,13_work_life,I am exhausted but still working full-time.,"13_work_life, 1",13_work_life
2348,2,1,13_work_life,I find it hard to switch off.,"32_coping, 1",32_coping
2349,2,1,13_work_life,I’ve postponed my vacation multiple times.,"13_work_life, 1",13_work_life
2350,2,2,13_work_life,I don’t rest until I crash.,"10_sleep, 2",10_sleep
2351,2,1,13_work_life,I feel bad asking for time off.,"13_work_life, 1",13_work_life
2352,2,1,13_work_life,I don't ask for days off.,"13_work_life, 1",13_work_life
2353,2,1,13_work_life,I don't have a vacation for a long time.,"13_work_life, 1",13_work_life
2354,2,1,13_work_life,I am too busy to take a break.,"13_work_life, 1",13_work_life
2355,2,1,13_work_life,I have no time to take a vacation.,"13_work_life, 1",13_work_life
2356,2,1,13_work_life,It's been a long time from last vacation.,"13_work_life, 1",13_work_life
2357,2,1,13_work_life,I just don't have spare time to take a vacation.,"13_work_life, 1",13_work_life
2358,2,1,13_work_life,I feel guilty when I rest.,"13_work_life, 1",13_work_life
2359,2,1,13_work_life,I don’t have time for hobbies.,"23_leisure, 1",23_leisure
2360,2,1,13_work_life,I need help managing work and downtime.,"13_work_life, 1",13_work_life
2361,2,1,13_work_life,I’m stuck in “go” mode all the time.,"32_coping, 1",32_coping
2362,2,2,13_work_life,I only rest when I burn out.,"13_work_life, 2",13_work_life
2363,2,1,13_work_life,I don't ask for days off and I don't know how to ask.,"13_work_life, 1",13_work_life
2364,2,1,13_work_life,I haven't had a break for a long time.,"13_work_life, 1",13_work_life
2365,2,1,13_work_life,"I am too busy to take a break, although I know I need to rest.","13_work_life, 1",13_work_life
2366,2,1,13_work_life,It's been a long time since my last vacation.,"13_work_life, 1",13_work_life
2367,2,1,13_work_life,I don’t dare to use my PTO because I’m afraid of being laid off.,"13_work_life, 1",13_work_life
2368,2,2,13_work_life,I haven’t had a single day off this year.,"13_work_life, 2",13_work_life
2369,2,1,13_work_life,"I don't want to be laid off, so I even go to office during Christmas.","13_work_life, 1",13_work_life
2370,2,1,13_work_life,I don’t believe in taking breaks.,"13_work_life, 1",13_work_life
2371,2,1,13_work_life,"I always feel like I’m behind, so I keep working and trying not to take any breaks.","13_work_life, 1",13_work_life
2372,2,2,13_work_life,I’m overwhelmed and have no space for rest.,"2_mood, 2",2_mood
2373,2,1,13_work_life,I feel guilty taking any time off.,"13_work_life, 1",13_work_life
2374,2,2,13_work_life,I haven’t rested in months.,"10_sleep, 2",10_sleep
2375,2,1,13_work_life,"I work every day, even on weekends.","13_work_life, 1",13_work_life
2376,2,1,13_work_life,I never schedule time for myself.,"13_work_life, 1",13_work_life
2377,2,1,13_work_life,I don’t remember what a vacation feels like.,"13_work_life, 1",13_work_life
2378,2,1,13_work_life,I can’t afford to take time off.,"13_work_life, 1",13_work_life
2379,2,1,13_work_life,I’m stuck in survival mode for my work for a while.,"12_work, 1",12_work
2380,2,2,13_work_life,I’m constantly stressed and don’t stop.,"2_mood, 2",2_mood
2381,2,1,13_work_life,I work through holidays and weekends.,"13_work_life, 1",13_work_life
2382,2,1,13_work_life,I haven’t paused in so long.,"13_work_life, 1",13_work_life
2383,2,1,13_work_life,I feel trapped in my work routine.,"13_work_life, 1",13_work_life
2384,2,0,13_work_life,I wake up and immediately start working.,"30_productivity, 0",30_productivity
2385,2,1,13_work_life,I ignore signs that I need rest.,"10_sleep, 1",10_sleep
2386,2,2,13_work_life,I’m burned out but can’t stop.,"13_work_life, 2",13_work_life
2387,2,1,13_work_life,I’m under too much pressure to take breaks.,"13_work_life, 1",13_work_life
2388,2,1,13_work_life,I don’t have the freedom to step away from work.,"13_work_life, 1",13_work_life
2389,2,1,13_work_life,I feel like my job won’t allow any downtime.,"13_work_life, 1",13_work_life
2390,2,2,13_work_life,I’m completely drained.,"2_mood, 2",2_mood
2391,2,2,13_work_life,I work 12+ hours a day without breaks.,"13_work_life, 2",13_work_life
2392,2,2,13_work_life,I don’t even think about rest anymore.,"10_sleep, 2",10_sleep
2393,2,1,13_work_life,I feel like I’m losing myself to work.,"13_work_life, 1",13_work_life
2394,2,1,13_work_life,I miss important life moments due to work.,"13_work_life, 1",13_work_life
2395,2,2,13_work_life,I don’t have balance—just work.,"13_work_life, 2",13_work_life
2396,2,1,13_work_life,I never make time for vacations.,"13_work_life, 1",13_work_life
2397,2,1,13_work_life,I don’t see rest as a priority.,"10_sleep, 1",10_sleep
2398,2,1,13_work_life,I avoid rest because it feels unproductive.,"13_work_life, 1",13_work_life
2399,2,1,13_work_life,I ignore my body when it asks for rest.,"10_sleep, 1",10_sleep
2400,2,1,13_work_life,I can’t take time off without falling behind.,"13_work_life, 1",13_work_life
2401,2,1,13_work_life,I’m constantly overbooked.,"13_work_life, 1",13_work_life
2402,2,1,13_work_life,I sacrifice rest to meet deadlines.,"13_work_life, 1",13_work_life
2403,2,1,13_work_life,I feel numb and still keep going.,"2_mood, 1",2_mood
2404,2,1,13_work_life,I’ve worked through illness without pause.,"13_work_life, 1",13_work_life
2405,2,1,13_work_life,I keep telling myself I’ll rest “someday.”,"13_work_life, 1",13_work_life
2406,2,2,13_work_life,I push past exhaustion daily.,"13_work_life, 2",13_work_life
2407,2,1,13_work_life,I dread the idea of taking a break.,"13_work_life, 1",13_work_life
2408,2,1,13_work_life,"I have no time to relax, even on weekends.","13_work_life, 1",13_work_life
2409,2,1,13_work_life,I feel like I’m drowning in work.,"13_work_life, 1",13_work_life
2410,2,2,13_work_life,I haven’t done anything restful in months.,"23_leisure, 2",23_leisure
2411,2,1,13_work_life,I’m always saying “after this project” but it never ends.,"13_work_life, 1",13_work_life
2412,2,1,13_work_life,I can’t imagine stepping away from work.,"13_work_life, 1",13_work_life
2413,2,2,13_work_life,"I’m terrified to lose momentum, so I never rest.","13_work_life, 2",13_work_life
2414,2,2,13_work_life,I’ve completely lost work-life balance.,"13_work_life, 2",13_work_life
2415,2,1,13_work_life,My job consumes my entire life.,"13_work_life, 1",13_work_life
2416,2,1,13_work_life,I forget what it’s like to have free time.,"13_work_life, 1",13_work_life
2417,2,2,13_work_life,I haven’t unplugged from work in over a year.,"13_work_life, 2",13_work_life
2418,2,2,13_work_life,I’m exhausted beyond recovery but still going.,"13_work_life, 2",13_work_life
2419,0,0,14_show_up,I always show up for my obligations.,"14_show_up, 0",14_show_up
2420,0,0,14_show_up,I always show up.,"14_show_up, 0",14_show_up
2421,0,0,14_show_up,I always go to my appointments on time.,"14_show_up, 0",14_show_up
2422,0,0,14_show_up,I try my best to not be late for my appointments.,"14_show_up, 0",14_show_up
2423,0,0,14_show_up,I am always there on time.,"14_show_up, 0",14_show_up
2424,0,0,14_show_up,I always attend the appointment.,"14_show_up, 0",14_show_up
2425,0,0,14_show_up,I am never late for my appointments.,"14_show_up, 0",14_show_up
2426,0,0,14_show_up,I am likely to attend all appointments.,"14_show_up, 0",14_show_up
2427,0,0,14_show_up,I tend to go to appointments on time.,"14_show_up, 0",14_show_up
2428,0,0,14_show_up,I am willing to go to my appointments.,"14_show_up, 0",14_show_up
2429,0,0,14_show_up,I attend every appointment without fail.,"14_show_up, 0",14_show_up
2430,0,0,14_show_up,I always make time for my obligations.,"14_show_up, 0",14_show_up
2431,0,0,14_show_up,I show up to everything I'm committed to.,"14_show_up, 0",14_show_up
2432,0,0,14_show_up,I put my appointments on a calendar and follow it.,"14_show_up, 0",14_show_up
2433,0,0,14_show_up,I’m very responsible about appointments.,"14_show_up, 0",14_show_up
2434,0,0,14_show_up,I never cancel last minute.,"14_show_up, 0",14_show_up
2435,0,0,14_show_up,I arrive a few minutes early to everything.,"14_show_up, 0",14_show_up
2436,0,0,14_show_up,I value being dependable.,"Other, 0","NA, 99"
2437,0,0,14_show_up,I rarely miss scheduled obligations.,"14_show_up, 0",14_show_up
2438,0,0,14_show_up,I’m always prepared for my appointments.,"14_show_up, 0",14_show_up
2439,0,0,14_show_up,I follow through with all commitments.,"14_show_up, 0",14_show_up
2440,0,0,14_show_up,I don’t reschedule unless absolutely necessary.,"14_show_up, 0",14_show_up
2441,0,0,14_show_up,I manage my time well to keep appointments.,"14_show_up, 0",14_show_up
2442,0,0,14_show_up,I even set reminders to ensure I’m on time.,"14_show_up, 0",14_show_up
2443,0,0,14_show_up,I organize my day around my appointments.,"14_show_up, 0",14_show_up
2444,0,0,14_show_up,I show up for meetings and commitments without fail.,"14_show_up, 0",14_show_up
2445,0,0,14_show_up,I don’t like being late or missing obligations.,"14_show_up, 0",14_show_up
2446,0,0,14_show_up,I go to every appointment I set.,"14_show_up, 0",14_show_up
2447,0,0,14_show_up,I respect other people’s time by being punctual.,"14_show_up, 0",14_show_up
2448,0,0,14_show_up,I like having a routine and sticking to it.,"Other, 0","NA, 99"
2449,0,0,14_show_up,I show up whether it’s in person or virtual.,"14_show_up, 0",14_show_up
2450,0,0,14_show_up,I stay accountable for my obligations.,"14_show_up, 0",14_show_up
2451,0,0,14_show_up,I don’t like to miss important events.,"14_show_up, 0",14_show_up
2452,0,0,14_show_up,I never ghost appointments.,"14_show_up, 0",14_show_up
2453,0,0,14_show_up,I make sure to show up even if I don’t feel like it.,"14_show_up, 0",14_show_up
2454,0,0,14_show_up,I take pride in being consistent.,"Other, 0","NA, 99"
2455,0,0,14_show_up,I never flake on things I agreed to.,"14_show_up, 0",14_show_up
2456,0,0,14_show_up,I make sure I don’t double-book.,"14_show_up, 0",14_show_up
2457,0,0,14_show_up,I even reschedule in advance if I can't make it.,"14_show_up, 0",14_show_up
2458,0,1,14_show_up,You know that I feel anxious if I’m not on time.,"2_mood, 1",2_mood
2459,0,0,14_show_up,I think reliability is important.,"Other, 0","NA, 99"
2460,0,0,14_show_up,I’m very organized about my commitments and appointments.,"14_show_up, 0",14_show_up
2461,0,0,14_show_up,I show up for my therapy appointments weekly.,"14_show_up, 0",14_show_up
2462,0,0,14_show_up,I don’t miss medical appointments.,"14_show_up, 0",14_show_up
2463,0,0,14_show_up,I always show up for volunteer shifts.,"14_show_up, 0",14_show_up
2464,0,0,14_show_up,I’m very consistent with my professional meetings.,"14_show_up, 0",14_show_up
2465,0,0,14_show_up,I never bail on social plans without good reason.,"14_show_up, 0",14_show_up
2466,0,1,14_show_up,I feel guilty if I cancel something.,"2_mood, 1",2_mood
2467,0,0,14_show_up,I prioritize showing up even when I’m tired.,"14_show_up, 0",14_show_up
2468,0,0,14_show_up,I keep a daily planner to stay on track.,"14_show_up, 0",14_show_up
2469,0,0,14_show_up,I’m committed to everything I agree to.,"14_show_up, 0",14_show_up
2470,0,0,14_show_up,I don’t miss my gym classes or study sessions.,"14_show_up, 0",14_show_up
2471,0,0,14_show_up,I don’t need reminders—I’m already there.,"14_show_up, 0",14_show_up
2472,0,0,14_show_up,I arrive early to doctor appointments.,"14_show_up, 0",14_show_up
2473,0,0,14_show_up,I always show up to family events I’ve committed to.,"14_show_up, 0",14_show_up
2474,0,0,14_show_up,I take appointments seriously.,"14_show_up, 0",14_show_up
2475,0,0,14_show_up,I hold myself accountable to commitments.,"14_show_up, 0",14_show_up
2476,0,0,14_show_up,I make appointments a priority.,"14_show_up, 0",14_show_up
2477,0,0,14_show_up,I’m consistent and punctual by nature.,"14_show_up, 0",14_show_up
2478,0,0,14_show_up,I adjust other plans to meet obligations.,"14_show_up, 0",14_show_up
2479,0,0,14_show_up,I don’t skip out on scheduled events.,"14_show_up, 0",14_show_up
2480,0,0,14_show_up,I don’t miss appointments even if I’m tired.,"14_show_up, 0",14_show_up
2481,0,0,14_show_up,My friends usually do not need to wait for me for our gatherings.,"14_show_up, 0",14_show_up
2482,0,0,14_show_up,I’ve never had issues with showing up.,"14_show_up, 0",14_show_up
2483,0,0,14_show_up,I structure my day around obligations.,"14_show_up, 0",14_show_up
2484,0,0,14_show_up,I always make it to work meetings.,"14_show_up, 0",14_show_up
2485,0,0,14_show_up,I make sure to attend even short appointments.,"14_show_up, 0",14_show_up
2486,0,0,14_show_up,I never cancel appointments without good reason.,"14_show_up, 0",14_show_up
2487,0,0,14_show_up,I value my commitment to others.,"14_show_up, 0",14_show_up
2488,0,0,14_show_up,I never miss events that I RSVP to.,"14_show_up, 0",14_show_up
2489,1,1,14_show_up,I skip some of my appointments.,"14_show_up, 1",14_show_up
2490,1,1,14_show_up,I did not go to some appointments.,"14_show_up, 1",14_show_up
2491,1,1,14_show_up,I don't want to go to appointments.,"14_show_up, 1",14_show_up
2492,1,1,14_show_up,I don't want to go out for appointments.,"14_show_up, 1",14_show_up
2493,1,1,14_show_up,Sometimes I forget to attend my appointments.,"14_show_up, 1",14_show_up
2494,1,2,14_show_up,I am not willing to attend appointments.,"14_show_up, 2",14_show_up
2495,1,1,14_show_up,I don't like going out for appointments.,"14_show_up, 1",14_show_up
2496,1,1,14_show_up,I tend to stay at home instead of going to appointments.,"14_show_up, 1",14_show_up
2497,1,1,14_show_up,I am tired of going to appointments.,"14_show_up, 1",14_show_up
2498,1,1,14_show_up,I skip appointments when I feel overwhelmed.,"14_show_up, 1",14_show_up
2499,1,1,14_show_up,I sometimes forget I even had something scheduled.,"14_show_up, 1",14_show_up
2500,1,1,14_show_up,I occasionally cancel appointments last minute.,"14_show_up, 1",14_show_up
2501,1,1,14_show_up,I have missed a few obligations recently.,"14_show_up, 1",14_show_up
2502,1,1,14_show_up,I’ve been inconsistent with showing up.,"14_show_up, 1",14_show_up
2503,1,1,14_show_up,I’m trying to improve my attendance.,"14_show_up, 1",14_show_up
2504,1,1,14_show_up,I want to be better about keeping appointments.,"14_show_up, 1",14_show_up
2505,1,1,14_show_up,I have trouble following through some days.,"14_show_up, 1",14_show_up
2506,1,1,14_show_up,I sometimes just don't have the energy.,"2_mood, 1",2_mood
2507,1,1,14_show_up,"I try to go, but I’m not always successful.","14_show_up, 1",14_show_up
2508,1,1,14_show_up,I forget appointments unless I’m reminded.,"14_show_up, 1",14_show_up
2509,1,1,14_show_up,I cancel when I feel too anxious to go.,"14_show_up, 1",14_show_up
2510,1,1,14_show_up,I miss occasional work meetings.,"14_show_up, 1",14_show_up
2511,1,1,14_show_up,I show up for most things but not everything.,"14_show_up, 1",14_show_up
2512,1,1,14_show_up,I need help staying accountable.,"14_show_up, 1",14_show_up
2513,1,1,14_show_up,I miss appointments when I feel too low.,"14_show_up, 1",14_show_up
2514,1,1,14_show_up,I feel overwhelmed and skip obligations sometimes.,"14_show_up, 1",14_show_up
2515,1,1,14_show_up,I occasionally run late to appointments.,"14_show_up, 1",14_show_up
2516,1,1,14_show_up,I’m not very organized with my calendar.,"14_show_up, 1",14_show_up
2517,1,1,14_show_up,I tend to miss early morning obligations.,"14_show_up, 1",14_show_up
2518,1,1,14_show_up,I’m inconsistent when it comes to follow-through.,"14_show_up, 1",14_show_up
2519,1,1,14_show_up,I procrastinate and sometimes miss scheduled things.,"14_show_up, 1",14_show_up
2520,1,1,14_show_up,I flake occasionally on my responsibilities.,"14_show_up, 1",14_show_up
2521,1,1,14_show_up,I miss things when my schedule gets too packed.,"14_show_up, 1",14_show_up
2522,1,1,14_show_up,I overcommit and can’t always follow through.,"14_show_up, 1",14_show_up
2523,1,1,14_show_up,I let myself skip things when I’m tired.,"14_show_up, 1",14_show_up
2524,1,1,14_show_up,I get distracted and forget appointments.,"14_show_up, 1",14_show_up
2525,1,1,14_show_up,I need multiple reminders to remember obligations.,"14_show_up, 1",14_show_up
2526,1,1,14_show_up,I cancel when I don’t feel up to it.,"14_show_up, 1",14_show_up
2527,1,1,14_show_up,I sometimes avoid obligations I don’t enjoy.,"14_show_up, 1",14_show_up
2528,1,1,14_show_up,"I try not to skip things, but it happens.","14_show_up, 1",14_show_up
2529,1,1,14_show_up,I’m not proud of how often I reschedule.,"14_show_up, 1",14_show_up
2530,1,1,14_show_up,"I attend some appointments, but not all.","14_show_up, 1",14_show_up
2531,1,1,14_show_up,I’ve skipped some important meetings lately.,"14_show_up, 1",14_show_up
2532,1,1,14_show_up,I’ve ghosted a few obligations unintentionally.,"14_show_up, 1",14_show_up
2533,1,0,14_show_up,I try my best but fall short sometimes.,"Other, 0","NA, 99"
2534,1,1,14_show_up,I’m working on showing up more consistently.,"14_show_up, 1",14_show_up
2535,1,0,14_show_up,I need to improve my routine.,"Other, 0","NA, 99"
2536,1,1,14_show_up,I have trouble staying motivated to go.,"14_show_up, 1",14_show_up
2537,1,1,14_show_up,I sometimes avoid showing up out of stress.,"14_show_up, 1",14_show_up
2538,1,1,14_show_up,I hate that I’ve skipped things people expected me at.,"14_show_up, 1",14_show_up
2539,1,0,14_show_up,I wish I had more consistency.,"Other, 0","NA, 99"
2540,1,1,14_show_up,I forget appointments when I’m overwhelmed.,"14_show_up, 1",14_show_up
2541,1,1,14_show_up,I cancel plans when I feel emotionally drained.,"14_show_up, 1",14_show_up
2542,1,1,14_show_up,I struggle with planning ahead.,"17_problem, 1",17_problem
2543,1,1,14_show_up,"I try to follow through, but life gets in the way.","14_show_up, 1",14_show_up
2544,1,1,14_show_up,I don’t prioritize my obligations as I should.,"17_problem, 1",17_problem
2545,1,1,14_show_up,I miss things when my mental health dips.,"14_show_up, 1",14_show_up
2546,1,2,14_show_up,I often snooze reminders and miss appointments.,"14_show_up, 2",14_show_up
2547,1,1,14_show_up,I’ve recently missed a couple of appointments.,"14_show_up, 1",14_show_up
2548,1,1,14_show_up,I didn’t go to my last scheduled meeting.,"14_show_up, 1",14_show_up
2549,1,1,14_show_up,I avoid going out even when I should.,"14_show_up, 1",14_show_up
2550,1,0,14_show_up,I’m trying to rebuild my routine.,"17_problem, 0",17_problem
2551,1,1,14_show_up,I miss things when I lose track of time.,"14_show_up, 1",14_show_up
2552,1,1,14_show_up,I have difficulty committing to plans.,"14_show_up, 1",14_show_up
2553,1,1,14_show_up,I know I need to show up more.,"14_show_up, 1",14_show_up
2554,1,1,14_show_up,I bail when I get anxious.,"32_coping, 1",32_coping
2555,1,1,14_show_up,I want to be better about my obligations.,"14_show_up, 1",14_show_up
2556,1,1,14_show_up,I sometimes ghost plans unintentionally.,"14_show_up, 1",14_show_up
2557,2,2,14_show_up,It is not possible for me to attend appointments.,"14_show_up, 2",14_show_up
2558,2,1,14_show_up,I hate going out for appointments.,"14_show_up, 1",14_show_up
2559,2,1,14_show_up,I struggle to balance everything.,"13_work_life, 1",13_work_life
2560,2,1,14_show_up,I don’t give notice when I cancel.,"14_show_up, 1",14_show_up
2561,2,2,14_show_up,I never show up to appointments.,"14_show_up, 2",14_show_up
2562,2,2,14_show_up,I constantly skip my scheduled obligations.,"14_show_up, 2",14_show_up
2563,2,2,14_show_up,I’ve stopped making appointments altogether.,"14_show_up, 2",14_show_up
2564,2,2,14_show_up,I ignore my calendar completely.,"14_show_up, 2",14_show_up
2565,2,2,14_show_up,I cancel everything last minute.,"14_show_up, 2",14_show_up
2566,2,2,14_show_up,I feel paralyzed by the thought of showing up.,"14_show_up, 2",14_show_up
2567,2,2,14_show_up,I don’t even check when my appointments are.,"14_show_up, 2",14_show_up
2568,2,1,14_show_up,Why should I be responsible to show up to all these shitty appointments.,"14_show_up, 1",14_show_up
2569,2,2,14_show_up,I’ve missed all my recent commitments.,"14_show_up, 2",14_show_up
2570,2,2,14_show_up,I don't give a shit to the oppointments.,"14_show_up, 2",14_show_up
2571,2,2,14_show_up,I don’t remember the last time I showed up for anything.,"14_show_up, 2",14_show_up
2572,2,1,14_show_up,I don't care about appointments.,"14_show_up, 1",14_show_up
2573,2,1,14_show_up,I don’t reply to invitations anymore.,"6_talk, 1",6_talk
2574,2,1,14_show_up,I follow my heart not the schedule to show up for oppointments.,"14_show_up, 1",14_show_up
2575,2,2,14_show_up,I can’t bring myself to go anywhere.,"14_show_up, 2",14_show_up
2576,2,1,14_show_up,Appointments? Not exactly at the top of my list.,"14_show_up, 1",14_show_up
2577,2,2,14_show_up,I actively avoid people and plans.,"6_talk, 2",6_talk
2578,2,1,14_show_up,I would rather stay in bed than going to appointments.,"14_show_up, 1",14_show_up
2579,2,2,14_show_up,I’ve skipped every appointment this month.,"14_show_up, 2",14_show_up
2580,2,2,14_show_up,I let people down constantly by not showing up.,"14_show_up, 2",14_show_up
2581,2,2,14_show_up,I’ve stopped trying to commit to anything.,"14_show_up, 2",14_show_up
2582,2,1,14_show_up,I ignore reminders and notifications.,"14_show_up, 1",14_show_up
2583,2,2,14_show_up,I feel no motivation to attend anything.,"31_motivation, 2",31_Motivation
2584,2,1,14_show_up,I don’t answer calls or texts about meetings.,"14_show_up, 1",14_show_up
2585,2,2,14_show_up,"I say yes, but I don’t show up.","14_show_up, 2",14_show_up
2586,2,2,14_show_up,I lie about attending things but never go.,"14_show_up, 2",14_show_up
2587,2,2,14_show_up,It just too much for me to show up for appointments.,"14_show_up, 2",14_show_up
2588,2,2,14_show_up,I miss every work meeting.,"14_show_up, 2",14_show_up
2589,2,1,14_show_up,I hate being responsible for these obligations.,"14_show_up, 1",14_show_up
2590,2,2,14_show_up,I’ve lost interest in any form of structure.,"2_mood, 2",2_mood
2591,2,2,14_show_up,I’m always late or completely absent.,"14_show_up, 2",14_show_up
2592,2,2,14_show_up,I can’t manage basic obligations.,"14_show_up, 2",14_show_up
2593,2,2,14_show_up,"I never show up, even when I plan to.","14_show_up, 2",14_show_up
2594,2,2,14_show_up,I completely shut down and avoid people.,"6_talk, 2",6_talk
2595,2,2,14_show_up,I’m too overwhelmed to function and to the appointments.,"14_show_up, 2",14_show_up
2596,2,2,14_show_up,I stay home regardless of obligations.,"14_show_up, 2",14_show_up
2597,2,1,14_show_up,I miss important deadlines and meetings.,"14_show_up, 1",14_show_up
2598,2,2,14_show_up,I ignore appointments even if they’re important.,"14_show_up, 2",14_show_up
2599,2,2,14_show_up,I’ve given up trying to keep commitments.,"14_show_up, 2",14_show_up
2600,2,2,14_show_up,I can’t show up even if I want to.,"14_show_up, 2",14_show_up
2601,2,2,14_show_up,I’ve skipped out on medical appointments for months.,"4_care, 2",4_care
2602,2,1,14_show_up,I'm terrible at showing up on time - what tricks do you use to stay punctual?,"14_show_up, 1",14_show_up
2603,2,1,14_show_up,I haven’t seen my therapist in weeks.,"4_care, 1",4_care
2604,2,2,14_show_up,I haven’t followed through on anything lately.,"14_show_up, 2",14_show_up
2605,2,2,14_show_up,I never follow through with scheduled plans.,"14_show_up, 2",14_show_up
2606,2,1,14_show_up,I don’t respond to emails or invitations.,"6_talk, 1",6_talk
2607,2,2,14_show_up,I don’t see the point in going to appointments.,"14_show_up, 2",14_show_up
2608,2,1,14_show_up,"I feel guilty for skipping, but I still do.","14_show_up, 1",14_show_up
2609,2,2,14_show_up,I have no energy to go anywhere.,"2_mood, 2",2_mood
2610,2,2,14_show_up,I isolate myself completely.,"6_talk, 2",6_talk
2611,2,2,14_show_up,I’ve been avoiding all social contact.,"6_talk, 2",6_talk
2612,2,2,14_show_up,I’ve lost count of how many things I’ve missed.,"14_show_up, 2",14_show_up
2613,2,1,14_show_up,I don’t think I can keep up with responsibilities.,"30_productivity, 1",30_productivity
2614,2,2,14_show_up,I’ve stopped booking things because I won’t show.,"14_show_up, 2",14_show_up
2615,2,2,14_show_up,I stopped replying to invites entirely.,"6_talk, 2",6_talk
2616,2,2,14_show_up,I’ve been a no-show more times than I can admit.,"14_show_up, 2",14_show_up
2617,2,2,14_show_up,I haven’t made any effort to show up.,"14_show_up, 2",14_show_up
2618,2,2,14_show_up,I avoid anything that involves a schedule.,"14_show_up, 2",14_show_up
2619,2,1,14_show_up,I feel like I’m letting everyone down.,"2_mood, 1",2_mood
2620,2,2,14_show_up,I skip everything on purpose.,"14_show_up, 2",14_show_up
2621,2,0,14_show_up,I don’t know how to re-engage again.,"Other, 0","NA, 99"
2622,2,2,14_show_up,I’m too exhausted to meet any obligations.,"14_show_up, 2",14_show_up
2623,2,2,14_show_up,I don’t care about appointments anymore.,"14_show_up, 2",14_show_up
2624,2,2,14_show_up,I haven’t left the house in weeks.,"25_community, 2",25_community
2625,2,1,14_show_up,I keep ghosting important events.,"14_show_up, 1",14_show_up
2626,2,1,14_show_up,I feel disconnected from responsibilities.,"31_motivation, 1",31_Motivation
2627,2,2,14_show_up,I have zero motivation to show up anywhere.,"14_show_up, 2",14_show_up
2628,2,2,14_show_up,I’ve stopped trying to keep promises.,"14_show_up, 2",14_show_up
2629,2,2,14_show_up,I avoid the pressure of showing up entirely.,"14_show_up, 2",14_show_up
2630,0,0,15_finance,My finance situation is good.,"15_finance, 0",15_finance
2631,0,0,15_finance,I am in a good financial situation.,"15_finance, 0",15_finance
2632,0,0,15_finance,My financial situation is good.,"15_finance, 0",15_finance
2633,0,0,15_finance,I make good investment.,"15_finance, 0",15_finance
2634,0,0,15_finance,I think everything is good about my finance.,"15_finance, 0",15_finance
2635,0,0,15_finance,I don't think there is any problem with my finance.,"15_finance, 0",15_finance
2636,0,0,15_finance,I don't worry about my finance situation.,"15_finance, 0",15_finance
2637,0,0,15_finance,I am cofident for my finance situation.,"15_finance, 0",15_finance
2638,0,0,15_finance,I am convinced that my finance situation is good.,"15_finance, 0",15_finance
2639,0,0,15_finance,I have steady income and savings.,"15_finance, 0",15_finance
2640,0,0,15_finance,I feel financially secure.,"15_finance, 0",15_finance
2641,0,0,15_finance,I have no concerns about my spending.,"15_finance, 0",15_finance
2642,0,0,15_finance,I stay within my budget.,"15_finance, 0",15_finance
2643,0,0,15_finance,I track my expenses regularly.,"15_finance, 0",15_finance
2644,0,0,15_finance,I don’t have any debt.,"15_finance, 0",15_finance
2645,0,0,15_finance,My finances are well-managed.,"15_finance, 0",15_finance
2646,0,0,15_finance,I save money each month.,"15_finance, 0",15_finance
2647,0,0,15_finance,I make smart financial choices.,"15_finance, 0",15_finance
2648,0,0,15_finance,I live comfortably within my means.,"15_finance, 0",15_finance
2649,0,0,15_finance,I’ve paid off all my debts.,"15_finance, 0",15_finance
2650,0,0,15_finance,I’ve built a solid emergency fund.,"15_finance, 0",15_finance
2651,0,0,15_finance,I don’t overspend.,"15_finance, 0",15_finance
2652,0,0,15_finance,I'm a skilled stock investor.,"15_finance, 0",15_finance
2653,0,0,15_finance,I review my budget monthly.,"15_finance, 0",15_finance
2654,0,0,15_finance,I have solid expertise in stock investing.,"15_finance, 0",15_finance
2655,0,0,15_finance,I don’t worry about bills.,"15_finance, 0",15_finance
2656,0,0,15_finance,I consistently make profitable stock investments.,"15_finance, 0",15_finance
2657,0,0,15_finance,I always pay my credit card on time.,"15_finance, 0",15_finance
2658,0,0,15_finance,I've been quite successful in futures trading.,"15_finance, 0",15_finance
2659,0,0,15_finance,I feel in control of my finances.,"15_finance, 0",15_finance
2660,0,0,15_finance,I've generated substantial profits through futures trading.,"15_finance, 0",15_finance
2661,0,0,15_finance,I make enough money to support my lifestyle.,"15_finance, 0",15_finance
2662,0,0,15_finance,I've had some success trading futures contracts.,"15_finance, 0",15_finance
2663,0,0,15_finance,I feel good about my financial planning.,"15_finance, 0",15_finance
2664,0,0,15_finance,I've made good money trading futures.,"15_finance, 0",15_finance
2665,0,0,15_finance,I have money set aside for the future.,"15_finance, 0",15_finance
2666,0,0,15_finance,I work with professional asset managers.,"12_work, 0",12_work
2667,0,0,15_finance,I manage my finances responsibly.,"15_finance, 0",15_finance
2668,0,0,15_finance,My assets are professionally managed by wealth managers.,"15_finance, 0",15_finance
2669,0,0,15_finance,I’m financially independent.,"15_finance, 0",15_finance
2670,0,0,15_finance,I've got asset managers taking care of my investments.,"15_finance, 0",15_finance
2671,0,0,15_finance,I don’t live paycheck to paycheck.,"15_finance, 0",15_finance
2672,0,0,15_finance,I have asset managers handling my portfolio.,"15_finance, 0",15_finance
2673,0,0,15_finance,I make informed spending decisions.,"15_finance, 0",15_finance
2674,0,0,15_finance,I know exactly where my money goes.,"15_finance, 0",15_finance
2675,0,0,15_finance,I keep my credit score high.,"15_finance, 0",15_finance
2676,0,0,15_finance,I've completed comprehensive self-study in asset management principles through online education.,"30_productivity, 0",30_productivity
2677,0,0,15_finance,I set financial goals and meet them.,"15_finance, 0",15_finance
2678,0,0,15_finance,I've been learning a lot about how to manage assets properly through online research.,"15_finance, 0",15_finance
2679,0,0,15_finance,I avoid unnecessary expenses.,"15_finance, 0",15_finance
2680,0,0,15_finance,I utilize current financial market intelligence to guide data-driven investment choices.,"15_finance, 0",15_finance
2681,0,0,15_finance,I feel confident with my long-term financial plan.,"15_finance, 0",15_finance
2682,0,0,15_finance,I make informed investment decisions based on the latest financial news and market analysis.,"15_finance, 0",15_finance
2683,0,0,15_finance,I budget for both needs and wants.,"15_finance, 0",15_finance
2684,0,0,15_finance,"My best friend is an investment expert, and my assets have been doing great with her advice.","15_finance, 0",15_finance
2685,0,0,15_finance,I’ve never had to worry about running out of money.,"15_finance, 0",15_finance
2686,0,0,15_finance,I'm lucky to have a spouse who's an investment pro - her recommendations have really boosted my portfolio.,"15_finance, 0",15_finance
2687,0,0,15_finance,I balance spending and saving well.,"15_finance, 0",15_finance
2688,0,0,15_finance,I’m building wealth gradually and steadily.,"15_finance, 0",15_finance
2689,0,0,15_finance,I only buy things I truly need.,"15_finance, 0",15_finance
2690,0,0,15_finance,I know how to manage my income.,"15_finance, 0",15_finance
2691,0,0,15_finance,I’m proud of my financial habits.,"15_finance, 0",15_finance
2692,0,0,15_finance,I make sure my bills are always paid.,"15_finance, 0",15_finance
2693,0,0,15_finance,I save for retirement.,"15_finance, 0",15_finance
2694,0,0,15_finance,I invest wisely.,"15_finance, 0",15_finance
2695,0,0,15_finance,I never spend impulsively.,"15_finance, 0",15_finance
2696,0,0,15_finance,I rarely use credit unless necessary.,"15_finance, 0",15_finance
2697,0,0,15_finance,Saving money is one of my hobby.,"15_finance, 0",15_finance
2698,0,0,15_finance,I use financial tools to stay organized.,"15_finance, 0",15_finance
2699,0,0,15_finance,I have no financial stress.,"15_finance, 0",15_finance
2700,0,0,15_finance,I’m happy with my current financial standing.,"15_finance, 0",15_finance
2701,0,0,15_finance,I have multiple income streams.,"15_finance, 0",15_finance
2702,0,0,15_finance,I know how to make my money work for me.,"15_finance, 0",15_finance
2703,0,0,15_finance,I don’t have to cut corners to survive.,"15_finance, 0",15_finance
2704,0,0,15_finance,"I treat money as a tool, not a stressor.","15_finance, 0",15_finance
2705,0,0,15_finance,I’m prepared for unexpected expenses.,"15_finance, 0",15_finance
2706,0,0,15_finance,I can afford my hobbies and interests.,"15_finance, 0",15_finance
2707,0,0,15_finance,I enjoy financial freedom.,"15_finance, 0",15_finance
2708,0,0,15_finance,I donate regularly because I’m financially stable.,"15_finance, 0",15_finance
2709,0,0,15_finance,I meet all my financial obligations.,"15_finance, 0",15_finance
2710,0,0,15_finance,I’ve never had money-related anxiety.,"15_finance, 0",15_finance
2711,0,0,15_finance,I maintain a strong savings habit.,"15_finance, 0",15_finance
2712,0,0,15_finance,I feel financially empowered.,"15_finance, 0",15_finance
2713,0,0,15_finance,I have a clear financial strategy.,"15_finance, 0",15_finance
2714,0,0,15_finance,I am not burdened by money concerns.,"15_finance, 0",15_finance
2715,0,0,15_finance,I’m debt-free and saving for a home.,"15_finance, 0",15_finance
2716,0,0,15_finance,I can afford to travel when I want.,"15_finance, 0",15_finance
2717,0,0,15_finance,I spend mindfully and intentionally.,"15_finance, 0",15_finance
2718,0,0,15_finance,I consult with a financial advisor.,"15_finance, 0",15_finance
2719,0,0,15_finance,I’m satisfied with my income and expenses.,"15_finance, 0",15_finance
2720,1,1,15_finance,I have a little savings.,"15_finance, 1",15_finance
2721,1,1,15_finance,Occasionally relying on unverified tips has led to suboptimal investment outcomes.,"15_finance, 1",15_finance
2722,1,1,15_finance,I don't have enough money to spend.,"15_finance, 1",15_finance
2723,1,1,15_finance,There are problems with my finance situation.,"15_finance, 1",15_finance
2724,1,0,15_finance,I've learned the hard way that acting on hearsay often results in investment mistakes.,"17_problem, 0",17_problem
2725,1,1,15_finance,"I have less budget to spend, but not yet bankrupt.","15_finance, 1",15_finance
2726,1,1,15_finance,"I’m not struggling, but money is tight.","15_finance, 1",15_finance
2727,1,1,15_finance,"I make enough, but I can’t save much.","15_finance, 1",15_finance
2728,1,1,15_finance,I live paycheck to paycheck.,"15_finance, 1",15_finance
2729,1,1,15_finance,I sometimes run out of money by the end of the month.,"15_finance, 1",15_finance
2730,1,1,15_finance,I’ve dipped into savings a few times recently.,"15_finance, 1",15_finance
2731,1,1,15_finance,I have a small emergency fund but it’s not enough.,"15_finance, 1",15_finance
2732,1,1,15_finance,I occasionally overspend.,"15_finance, 1",15_finance
2733,1,1,15_finance,"I’m doing okay, but I can’t afford any big surprises.","15_finance, 1",15_finance
2734,1,1,15_finance,I want to save more but don’t know how.,"15_finance, 1",15_finance
2735,1,1,15_finance,I don’t always stick to my budget.,"15_finance, 1",15_finance
2736,1,0,15_finance,"I enjoy stock trading, though I don’t make money every time.","23_leisure, 0",23_leisure
2737,1,1,15_finance,I wish I had more financial cushion.,"15_finance, 1",15_finance
2738,1,0,15_finance,"Stock trading is a passion of mine, but I’ve learned not every trade is a winner.","23_leisure, 0",23_leisure
2739,1,1,15_finance,I have some credit card debt.,"15_finance, 1",15_finance
2740,1,1,15_finance,I can’t afford vacations or luxuries right now.,"15_finance, 1",15_finance
2741,1,1,15_finance,I have my moments of FOMO-driven trades!,"15_finance, 1",15_finance
2742,1,1,15_finance,I occasionally struggle with impulsive trading behavior.,"15_finance, 1",15_finance
2743,1,1,15_finance,I haven’t been able to build savings.,"15_finance, 1",15_finance
2744,1,1,15_finance,I’m working on reducing emotionally-driven investments in my strategy.,"15_finance, 1",15_finance
2745,1,1,15_finance,I have basic needs covered but not much else.,"15_finance, 1",15_finance
2746,1,1,15_finance,"I try to budget, but things get tight.","15_finance, 1",15_finance
2747,1,1,15_finance,I worry a little about my spending habits.,"15_finance, 1",15_finance
2748,1,1,15_finance,"I’m careful with money, but it still feels like not enough.","15_finance, 1",15_finance
2749,1,2,15_finance,Recent economic conditions have caused my restaurant to operate at a deficit.,"15_finance, 2",15_finance
2750,1,1,15_finance,"I can pay bills, but I don’t have money left for fun.","15_finance, 1",15_finance
2751,1,1,15_finance,The current economic climate has put my restaurant in the red lately.,"15_finance, 1",15_finance
2752,1,1,15_finance,I sometimes feel anxious about expenses.,"15_finance, 1",15_finance
2753,1,1,15_finance,"With how the economy's been due to COVID, my restaurant is barely breaking even these days.","15_finance, 1",15_finance
2754,1,1,15_finance,I’ve had to borrow from family a few times.,"15_finance, 1",15_finance
2755,1,0,15_finance,I cut back on non-essentials to save.,"15_finance, 0",15_finance
2756,1,1,15_finance,I’m doing okay but could be doing better.,"2_mood, 1",2_mood
2757,1,1,15_finance,My kids ask for more and more pocket money for me to afford.,"15_finance, 1",15_finance
2758,1,1,15_finance,"I try to manage my money, but it’s hard.","15_finance, 1",15_finance
2759,1,1,15_finance,I sometimes have to skip small purchases.,"15_finance, 1",15_finance
2760,1,1,15_finance,Our household savings are suffering recently due to uncontrolled spending.,"15_finance, 1",15_finance
2761,1,1,15_finance,I want to improve my financial habits.,"15_finance, 1",15_finance
2762,1,1,15_finance,"I’m not in debt, but I’m not saving either.","15_finance, 1",15_finance
2763,1,1,15_finance,I need to be more disciplined with money.,"15_finance, 1",15_finance
2764,1,1,15_finance,I’ve had to pass on social events due to money.,"15_finance, 1",15_finance
2765,1,1,15_finance,I feel stressed about money occasionally.,"15_finance, 1",15_finance
2766,1,1,15_finance,I’m scraping by but not drowning.,"32_coping, 1",32_coping
2767,1,0,15_finance,I watch my spending closely.,"15_finance, 0",15_finance
2768,1,0,15_finance,I try to stay on top of my bills.,"15_finance, 0",15_finance
2769,1,1,15_finance,I’ve missed a payment once or twice.,"15_finance, 1",15_finance
2770,1,1,15_finance,I wish I had better financial literacy.,"15_finance, 1",15_finance
2771,1,1,15_finance,I sometimes impulse shop and regret it.,"15_finance, 1",15_finance
2772,1,1,15_finance,I need more financial stability.,"15_finance, 1",15_finance
2773,1,1,15_finance,RIP my wallet – those game skins looked so cool but now my savings look depressing!,"15_finance, 1",15_finance
2774,1,1,15_finance,I’ve been using credit more than I should.,"15_finance, 1",15_finance
2775,1,1,15_finance,I worry about not saving enough for the future.,"15_finance, 1",15_finance
2776,1,0,15_finance,I’ve considered getting a side gig.,"Other, 0","NA, 99"
2777,1,0,15_finance,I’ve put off big purchases due to cost.,"15_finance, 0",15_finance
2778,1,1,15_finance,I’ve been overspending on online purchases more than I realized.,"15_finance, 1",15_finance
2779,1,1,15_finance,I try to be frugal but it’s not always enough.,"15_finance, 1",15_finance
2780,1,1,15_finance,I’ve had to cancel plans due to money.,"15_finance, 1",15_finance
2781,1,1,15_finance,I’ve borrowed money from a friend once.,"15_finance, 1",15_finance
2782,1,1,15_finance,I need to build better money habits.,"15_finance, 1",15_finance
2783,1,1,15_finance,I wish I had more financial freedom.,"15_finance, 1",15_finance
2784,1,1,15_finance,I haven’t been saving consistently.,"15_finance, 1",15_finance
2785,1,1,15_finance,I don’t have a strong financial plan.,"15_finance, 1",15_finance
2786,1,1,15_finance,I’m cautious but still feel insecure about money.,"15_finance, 1",15_finance
2787,1,1,15_finance,I feel I could handle finances better.,"15_finance, 1",15_finance
2788,1,0,15_finance,I’ve stopped eating out to cut expenses.,"15_finance, 0",15_finance
2789,1,0,15_finance,"I’m making it work, but it’s a stretch.","Other, 0","NA, 99"
2790,1,1,15_finance,I can’t handle a big emergency right now.,"17_problem, 1",17_problem
2791,1,1,15_finance,I sometimes feel I’m just getting by.,"2_mood, 1",2_mood
2792,1,1,15_finance,I need more income to feel secure.,"15_finance, 1",15_finance
2793,1,0,15_finance,I’ve started budgeting more seriously.,"15_finance, 0",15_finance
2794,1,1,15_finance,"I’m not in crisis, but I’m not thriving either.","2_mood, 1",2_mood
2795,1,1,15_finance,I make financial sacrifices regularly.,"15_finance, 1",15_finance
2796,1,1,15_finance,I’ve struggled to pay off my credit cards.,"15_finance, 1",15_finance
2797,1,1,15_finance,I need help planning my financial future.,"15_finance, 1",15_finance
2798,1,1,15_finance,I sometimes avoid checking my account.,"15_finance, 1",15_finance
2799,1,1,15_finance,I’ve gotten hooked on online shopping lately – spending way more than I expected!,"15_finance, 1",15_finance
2800,1,1,15_finance,My late-night online shopping sprees are becoming a problem for my wallet!,"15_finance, 1",15_finance
2801,1,2,15_finance,"My recent gaming addiction, especially buying in-game cosmetics, has seriously impacted my savings.","15_finance, 2",15_finance
2802,1,1,15_finance,"I've been overspending on in-game purchases, and it's affecting my ability to save.","15_finance, 1",15_finance
2803,1,1,15_finance,I sometimes fall for market rumors and end up losing money on bad trades.,"15_finance, 1",15_finance
2804,1,1,15_finance,I’ve been a bit strapped for cash lately after buying holiday gifts and traveling.,"15_finance, 1",15_finance
2805,1,1,15_finance,Recent holiday expenses have left my budget tighter than expected.,"15_finance, 1",15_finance
2806,1,1,15_finance,I just used up my saving for my new car!,"15_finance, 1",15_finance
2807,1,1,15_finance,I need to reassess my spending after holiday-related cash outflow.,"15_finance, 1",15_finance
2808,1,1,15_finance,The honeymoon and wedding just cost way too much.,"15_finance, 1",15_finance
2809,2,1,15_finance,I have problem manage my money.,"15_finance, 1",15_finance
2810,2,1,15_finance,I have a lot of loan.,"15_finance, 1",15_finance
2811,2,1,15_finance,I make bad investment.,"15_finance, 1",15_finance
2812,2,1,15_finance,I spend more than I can afford.,"15_finance, 1",15_finance
2813,2,1,15_finance,I have financial issues.,"15_finance, 1",15_finance
2814,2,2,15_finance,I am in a bad financial situation.,"15_finance, 2",15_finance
2815,2,1,15_finance,My financial situation is bad.,"15_finance, 1",15_finance
2816,2,1,15_finance,Something goes wrong with financial situation.,"15_finance, 1",15_finance
2817,2,2,15_finance,I am not able to afford my life recently.,"15_finance, 2",15_finance
2818,2,1,15_finance,I am worried about my finance situation.,"15_finance, 1",15_finance
2819,2,1,15_finance,I feel anxiety about my finance situation.,"15_finance, 1",15_finance
2820,2,2,15_finance,I consider my finance situation as a shit.,"15_finance, 2",15_finance
2821,2,2,15_finance,I almost have no money to support my life.,"15_finance, 2",15_finance
2822,2,2,15_finance,I'm nearly bankrupt.,"15_finance, 2",15_finance
2823,2,2,15_finance,I'm in serious financial trouble and need guidance.,"15_finance, 2",15_finance
2824,2,2,15_finance,I'm approaching bankruptcy and need help managing this situation.,"15_finance, 2",15_finance
2825,2,1,15_finance,My wife shops way too much – we can never save any money!,"15_finance, 1",15_finance
2826,2,2,15_finance,I can’t afford basic needs.,"15_finance, 2",15_finance
2827,2,2,15_finance,I need to sell my bubble tea shop that I've run for years to free up some cash flow.,"15_finance, 2",15_finance
2828,2,2,15_finance,I’m behind on rent and bills.,"15_finance, 2",15_finance
2829,2,1,15_finance,"It pains me to sell my beloved car after all these years, but I need the liquidity.","15_finance, 1",15_finance
2830,2,2,15_finance,I’m drowning in debt.,"15_finance, 2",15_finance
2831,2,1,15_finance,I’m constantly worried about money.,"15_finance, 1",15_finance
2832,2,2,15_finance,I’ve maxed out my credit cards.,"15_finance, 2",15_finance
2833,2,2,15_finance,I borrow money just to get by.,"15_finance, 2",15_finance
2834,2,1,15_finance,Money’s been tight lately—I need to watch my spending for a while.,"15_finance, 1",15_finance
2835,2,2,15_finance,I’ve skipped meals to save money.,"11_eat, 2",11_eat
2836,2,0,15_finance,"I’m on a strict budget right now, so I’ll have to pass.","15_finance, 0",15_finance
2837,2,1,15_finance,I’ve taken out payday loans.,"15_finance, 1",15_finance
2838,2,1,15_finance,"Ugh, my bank account’s looking sad these days.","15_finance, 1",15_finance
2839,2,2,15_finance,My account is often overdrawn.,"15_finance, 2",15_finance
2840,2,0,15_finance,Let’s plan something low-key—I’m saving aggressively at the moment.,"15_finance, 0",15_finance
2841,2,1,15_finance,I avoid checking my bank balance.,"15_finance, 1",15_finance
2842,2,1,15_finance,My wallet and I are currently in couples therapy.,"15_finance, 1",15_finance
2843,2,1,15_finance,I spend impulsively and regret it later.,"15_finance, 1",15_finance
2844,2,2,15_finance,"Due to unexpected circumstances, I’m urgently managing cash flow challenges.","15_finance, 2",15_finance
2845,2,2,15_finance,I feel hopeless about my financial situation.,"15_finance, 2",15_finance
2846,2,2,15_finance,I’ve defaulted on a loan.,"15_finance, 2",15_finance
2847,2,2,15_finance,I can’t afford my medications.,"3_medication, 2",3_medication
2848,2,1,15_finance,I’m afraid to answer calls from creditors.,"15_finance, 1",15_finance
2849,2,2,15_finance,I’ve considered bankruptcy.,"15_finance, 2",15_finance
2850,2,1,15_finance,I have no savings at all.,"15_finance, 1",15_finance
2851,2,2,15_finance,I can’t afford to see a doctor.,"4_care, 2",4_care
2852,2,1,15_finance,I feel ashamed of my financial choices.,"15_finance, 1",15_finance
2853,2,2,15_finance,I’ve sold belongings to pay bills.,"15_finance, 2",15_finance
2854,2,2,15_finance,I don't even have money for dog food.,"15_finance, 2",15_finance
2855,2,2,15_finance,I’m scared of being evicted.,"35_legal, 2",35_legal
2856,2,2,15_finance,I live paycheck to paycheck with no buffer.,"15_finance, 2",15_finance
2857,2,2,15_finance,I constantly overdraft my account.,"15_finance, 2",15_finance
2858,2,2,15_finance,I am terribly bankrupt.,"15_finance, 2",15_finance
2859,2,2,15_finance,I’ve pawned items to survive.,"15_finance, 2",15_finance
2860,2,1,15_finance,I’ve been turned down for loans.,"15_finance, 1",15_finance
2861,2,0,15_finance,I can’t get approved for housing.,"Other, 0","NA, 99"
2862,2,2,15_finance,I’ve been evicted due to missed payments.,"15_finance, 2",15_finance
2863,2,1,15_finance,I don’t know how to fix my finances.,"15_finance, 1",15_finance
2864,2,2,15_finance,I can’t sleep due to money stress.,"10_sleep, 2",10_sleep
2865,2,1,15_finance,I’ve lost track of how much I owe.,"15_finance, 1",15_finance
2866,2,2,15_finance,I ignore my financial responsibilities.,"15_finance, 2",15_finance
2867,2,2,15_finance,I’ve been sued over unpaid debts.,"35_legal, 2",35_legal
2868,2,2,15_finance,I have to choose between bills and food.,"15_finance, 2",15_finance
2869,2,2,15_finance,I’ve lost utilities due to nonpayment.,"15_finance, 2",15_finance
2870,2,2,15_finance,I’ve been borrowing from everyone I know.,"15_finance, 2",15_finance
2871,2,2,15_finance,I can’t afford to support my kids.,"15_finance, 2",15_finance
2872,2,2,15_finance,I need to have three part time jobs to afford my family expense.,"15_finance, 2",15_finance
2873,2,1,15_finance,I feel trapped in my financial situation.,"15_finance, 1",15_finance
2874,2,1,15_finance,I’ve made several bad investments.,"15_finance, 1",15_finance
2875,2,2,15_finance,I gamble and lose money often.,"15_finance, 2",15_finance
2876,2,2,15_finance,I spend more than I earn every month.,"15_finance, 2",15_finance
2877,2,1,15_finance,I don’t know how to budget.,"15_finance, 1",15_finance
2878,2,2,15_finance,I’ve stopped trying to manage my finances.,"15_finance, 2",15_finance
2879,2,1,15_finance,I can’t keep track of my spending.,"15_finance, 1",15_finance
2880,2,2,15_finance,I use credit cards for essentials I can’t afford.,"15_finance, 2",15_finance
2881,2,2,15_finance,I rely on others to pay for things I need.,"15_finance, 2",15_finance
2882,2,1,15_finance,I hide my finances from people around me.,"15_finance, 1",15_finance
2883,2,2,15_finance,I don’t believe I can ever recover financially.,"15_finance, 2",15_finance
2884,2,1,15_finance,I’m losing hope about my financial future.,"15_finance, 1",15_finance
2885,2,2,15_finance,I feel helpless when it comes to money.,"15_finance, 2",15_finance
2886,2,2,15_finance,I’ve stopped answering financial notices.,"15_finance, 2",15_finance
2887,2,2,15_finance,I’m constantly borrowing just to pay bills.,"15_finance, 2",15_finance
2888,2,2,15_finance,I avoid opening my mail because of debt.,"15_finance, 2",15_finance
2889,2,1,15_finance,I don’t know how to build financial stability.,"15_finance, 1",15_finance
2890,2,2,15_finance,100 dollars can save my life now.,"15_finance, 2",15_finance
2891,2,1,15_finance,I spend recklessly despite knowing better.,"15_finance, 1",15_finance
2892,2,2,15_finance,I have no control over my money habits.,"15_finance, 2",15_finance
2893,2,1,15_finance,I’m emotionally distressed by my finances.,"15_finance, 1",15_finance
2894,2,1,15_finance,I feel panic when I think about money.,"15_finance, 1",15_finance
2895,2,2,15_finance,I often skip payments entirely.,"15_finance, 2",15_finance
2896,2,1,15_finance,I feel lost managing finances on my own.,"15_finance, 1",15_finance
2897,2,2,15_finance,I’ve given up trying to improve my financial situation.,"15_finance, 2",15_finance
2898,2,2,15_finance,I’ve missed months of rent.,"15_finance, 2",15_finance
2899,2,2,15_finance,I urgently need financial help or guidance.,"15_finance, 2",15_finance
2900,0,0,16_nutrition,I eat healthy food.,"16_nutrition, 0",16_nutrition
2901,0,0,16_nutrition,I have healthy eatting habbit.,"16_nutrition, 0",16_nutrition
2902,0,0,16_nutrition,I eat three good meals daily.,"11_eat, 0",11_eat
2903,0,0,16_nutrition,I eat two healthy meals with vegetables and fruits daily.,"16_nutrition, 0",16_nutrition
2904,0,0,16_nutrition,I eat three healthy meals with vegetables and fruits daily.,"16_nutrition, 0",16_nutrition
2905,0,0,16_nutrition,"I have healthy meals, snacks, and supplements.","16_nutrition, 0",16_nutrition
2906,0,0,16_nutrition,"My meals are with good proteins, vegetables, and fruits.","16_nutrition, 0",16_nutrition
2907,0,0,16_nutrition,I have good appetite.,"11_eat, 0",11_eat
2908,0,0,16_nutrition,I eat really well with a variety of nutritions,"16_nutrition, 0",16_nutrition
2909,0,0,16_nutrition,I always eat supplements at night.,"16_nutrition, 0",16_nutrition
2910,0,0,16_nutrition,I order food deliveries for my lunch and breakfast.,"11_eat, 0",11_eat
2911,0,0,16_nutrition,I got healthy food from local food deliveries.,"16_nutrition, 0",16_nutrition
2912,0,0,16_nutrition,I cook most of my meals and include greens in every dish.,"16_nutrition, 0",16_nutrition
2913,0,0,16_nutrition,I eat a well-balanced diet with plenty of whole grains and veggies.,"16_nutrition, 0",16_nutrition
2914,0,0,16_nutrition,I have fruit smoothies every morning.,"11_eat, 0",11_eat
2915,0,0,16_nutrition,I avoid sugary drinks and processed foods.,"16_nutrition, 0",16_nutrition
2916,0,0,16_nutrition,I take a multivitamin every day.,"16_nutrition, 0",16_nutrition
2917,0,0,16_nutrition,I eat oatmeal with nuts and fruits for breakfast.,"16_nutrition, 0",16_nutrition
2918,0,0,16_nutrition,I bring a salad to work most days.,"16_nutrition, 0",16_nutrition
2919,0,0,16_nutrition,I drink a lot of water and stay hydrated.,"16_nutrition, 0",16_nutrition
2920,0,0,16_nutrition,I eat lean proteins and grilled vegetables.,"16_nutrition, 0",16_nutrition
2921,0,0,16_nutrition,I love cooking healthy recipes.,"16_nutrition, 0",16_nutrition
2922,0,0,16_nutrition,I meal prep every Sunday for the whole week.,"11_eat, 0",11_eat
2923,0,0,16_nutrition,I follow a vegetarian diet full of beans and greens.,"16_nutrition, 0",16_nutrition
2924,0,0,16_nutrition,I rarely eat out and prefer homemade healthy food.,"16_nutrition, 0",16_nutrition
2925,0,0,16_nutrition,I follow a Mediterranean diet.,"16_nutrition, 0",16_nutrition
2926,0,0,16_nutrition,I include fish in my meals twice a week.,"16_nutrition, 0",16_nutrition
2927,0,0,16_nutrition,I avoid junk food completely.,"16_nutrition, 0",16_nutrition
2928,0,0,16_nutrition,I eat brown rice instead of white.,"16_nutrition, 0",16_nutrition
2929,0,0,16_nutrition,I use healthy oils like olive oil.,"16_nutrition, 0",16_nutrition
2930,0,0,16_nutrition,I take care of my gut health with fermented foods.,"16_nutrition, 0",16_nutrition
2931,0,0,16_nutrition,I include a variety of food groups in every meal.,"16_nutrition, 0",16_nutrition
2932,0,0,16_nutrition,I follow nutritionist recommendations.,"16_nutrition, 0",16_nutrition
2933,0,0,16_nutrition,I have a healthy snack routine with fruits and nuts.,"16_nutrition, 0",16_nutrition
2934,0,0,16_nutrition,"I eat small, healthy portions regularly.","11_eat, 0",11_eat
2935,0,0,16_nutrition,I never skip meals and always have breakfast.,"11_eat, 0",11_eat
2936,0,0,16_nutrition,I check nutrition labels before buying packaged food.,"16_nutrition, 0",16_nutrition
2937,0,0,16_nutrition,I limit salt and sugar in my cooking.,"16_nutrition, 0",16_nutrition
2938,0,0,16_nutrition,I grow my own vegetables.,"16_nutrition, 0",16_nutrition
2939,0,0,16_nutrition,I eat plant-based most days.,"16_nutrition, 0",16_nutrition
2940,0,0,16_nutrition,I choose grilled over fried.,"16_nutrition, 0",16_nutrition
2941,0,0,16_nutrition,"I eat nuts, seeds, and berries as snacks.","16_nutrition, 0",16_nutrition
2942,0,0,16_nutrition,I love the farm-to-table style.,"23_leisure, 0",23_leisure
2943,0,0,16_nutrition,I love making colorful Buddha bowls.,"24_creativity, 0",24_creativity
2944,0,0,16_nutrition,I usually go to restaurant with healthy food.,"16_nutrition, 0",16_nutrition
2945,0,0,16_nutrition,I use herbs and spices instead of too much salt.,"16_nutrition, 0",16_nutrition
2946,0,0,16_nutrition,I enjoy avocado toast with eggs in the morning.,"16_nutrition, 0",16_nutrition
2947,0,0,16_nutrition,I follow portion control consistently.,"16_nutrition, 0",16_nutrition
2948,0,0,16_nutrition,I eat soup and salad dinners often.,"16_nutrition, 0",16_nutrition
2949,0,0,16_nutrition,I limit takeout to once a week.,"16_nutrition, 0",16_nutrition
2950,0,0,16_nutrition,I am on a healthy diet and only have one cheat day every week.,"16_nutrition, 0",16_nutrition
2951,0,0,16_nutrition,I’ve cut down on red meat.,"16_nutrition, 0",16_nutrition
2952,0,0,16_nutrition,I include quinoa and legumes often.,"16_nutrition, 0",16_nutrition
2953,0,0,16_nutrition,I plan my meals to avoid impulse eating.,"11_eat, 0",11_eat
2954,0,0,16_nutrition,I stay away from sugary cereals.,"16_nutrition, 0",16_nutrition
2955,0,0,16_nutrition,I make green juice or smoothies every other day.,"16_nutrition, 0",16_nutrition
2956,0,0,16_nutrition,I’ve educated myself about nutrition.,"16_nutrition, 0",16_nutrition
2957,0,0,16_nutrition,I have energy thanks to my good eating.,"16_nutrition, 0",16_nutrition
2958,0,0,16_nutrition,I eat slowly and mindfully.,"16_nutrition, 0",16_nutrition
2959,0,0,16_nutrition,Good diet helps me stay energetic.,"16_nutrition, 0",16_nutrition
2960,0,0,16_nutrition,I avoid emotional eating.,"32_coping, 0",32_coping
2961,0,0,16_nutrition,I don’t feel bloated because I eat clean.,"16_nutrition, 0",16_nutrition
2962,0,0,16_nutrition,I focus on anti-inflammatory foods.,"16_nutrition, 0",16_nutrition
2963,0,0,16_nutrition,I try to follow a seasonal eating plan.,"16_nutrition, 0",16_nutrition
2964,0,0,16_nutrition,I never skip breakfast.,"11_eat, 0",11_eat
2965,0,0,16_nutrition,"I weigh my protein, vegetables, and carb portions to stay on top of my nutrition.","16_nutrition, 0",16_nutrition
2966,0,0,16_nutrition,I eat a lot of fiber.,"16_nutrition, 0",16_nutrition
2967,0,0,16_nutrition,I love vegetables.,"16_nutrition, 0",16_nutrition
2968,0,0,16_nutrition,"I measure my protein, vegetable, and carbohydrate intake with a digital scale for accuracy.","16_nutrition, 0",16_nutrition
2969,0,0,16_nutrition,I snack on carrots or apples.,"16_nutrition, 0",16_nutrition
2970,0,0,16_nutrition,I keep healthy snacks in my bag.,"16_nutrition, 0",16_nutrition
2971,0,0,16_nutrition,I take iron and B12 supplements.,"3_medication, 0",3_medication
2972,0,0,16_nutrition,I avoid soda and drink tea instead.,"16_nutrition, 0",16_nutrition
2973,0,0,16_nutrition,I’m mindful of added sugars.,"16_nutrition, 0",16_nutrition
2974,0,0,16_nutrition,I’ve created a food routine that works well for me.,"11_eat, 0",11_eat
2975,0,0,16_nutrition,I’m happy with my eating habits.,"16_nutrition, 0",16_nutrition
2976,0,0,16_nutrition,I feel good about my nutrition choices.,"16_nutrition, 0",16_nutrition
2977,0,0,16_nutrition,I eat a variety of nutrient-rich foods every day.,"16_nutrition, 0",16_nutrition
2978,0,0,16_nutrition,I take vitamins and supplements regularly based on my doctor’s advice.,"3_medication, 0",3_medication
2979,0,0,16_nutrition,I make sure to meet my daily intake of iron and calcium.,"16_nutrition, 0",16_nutrition
2980,0,0,16_nutrition,"I eat plenty of protein, fiber, and healthy fats.","16_nutrition, 0",16_nutrition
2981,0,0,16_nutrition,I eat enough calories to support my energy levels.,"16_nutrition, 0",16_nutrition
2982,0,0,16_nutrition,I include leafy greens and colorful vegetables in most meals.,"16_nutrition, 0",16_nutrition
2983,0,0,16_nutrition,I consume enough whole grains and legumes.,"16_nutrition, 0",16_nutrition
2984,0,0,16_nutrition,I have dairy or dairy alternatives for calcium and vitamin D.,"16_nutrition, 0",16_nutrition
2985,0,0,16_nutrition,I eat fruits daily for natural vitamins.,"16_nutrition, 0",16_nutrition
2986,0,0,16_nutrition,I cook with nutrient-dense ingredients.,"16_nutrition, 0",16_nutrition
2987,0,0,16_nutrition,I stay hydrated with water and electrolyte drinks.,"16_nutrition, 0",16_nutrition
2988,0,0,16_nutrition,I follow nutritional guidelines closely.,"16_nutrition, 0",16_nutrition
2989,0,0,16_nutrition,I make sure to eat foods rich in omega-3s.,"16_nutrition, 0",16_nutrition
2990,0,0,16_nutrition,I eat fortified cereals for added nutrients.,"16_nutrition, 0",16_nutrition
2991,0,0,16_nutrition,I take fish oil or flaxseed oil supplements.,"16_nutrition, 0",16_nutrition
2992,0,0,16_nutrition,I get regular lab tests to monitor my nutrition.,"16_nutrition, 0",16_nutrition
2993,0,0,16_nutrition,I adjust my diet based on my body’s needs.,"16_nutrition, 0",16_nutrition
2994,0,0,16_nutrition,I eat at regular intervals to maintain stable energy.,"11_eat, 0",11_eat
2995,0,0,16_nutrition,I include enough iron and B12 in my diet.,"16_nutrition, 0",16_nutrition
2996,0,0,16_nutrition,I never feel fatigued due to lack of nutrients.,"16_nutrition, 0",16_nutrition
2997,0,0,16_nutrition,I eat healthy carbs for energy.,"16_nutrition, 0",16_nutrition
2998,0,0,16_nutrition,I maintain good vitamin levels.,"16_nutrition, 0",16_nutrition
2999,0,0,16_nutrition,I feel nourished and energized by my meals.,"16_nutrition, 0",16_nutrition
3000,0,0,16_nutrition,I add seeds and nuts to boost micronutrients.,"16_nutrition, 0",16_nutrition
3001,0,0,16_nutrition,I use a food tracking app to monitor nutrition.,"16_nutrition, 0",16_nutrition
3002,0,0,16_nutrition,I avoid nutrient deficiencies with balanced meals.,"16_nutrition, 0",16_nutrition
3003,0,0,16_nutrition,"I eat superfoods like kale, berries, and quinoa.","16_nutrition, 0",16_nutrition
3004,0,0,16_nutrition,I have protein with every meal.,"16_nutrition, 0",16_nutrition
3005,0,0,16_nutrition,I take care to meet my daily recommended intake.,"16_nutrition, 0",16_nutrition
3006,0,0,16_nutrition,I read labels to make sure I get enough nutrients.,"16_nutrition, 0",16_nutrition
3007,0,0,16_nutrition,I don’t rely on one food group.,"16_nutrition, 0",16_nutrition
3008,0,0,16_nutrition,I incorporate variety for better nutrition.,"16_nutrition, 0",16_nutrition
3009,0,0,16_nutrition,I eat the rainbow – all different colored produce.,"16_nutrition, 0",16_nutrition
3010,0,0,16_nutrition,I never skip meals and get full nutrition daily.,"11_eat, 0",11_eat
3011,0,0,16_nutrition,I meet my fiber intake goals.,"16_nutrition, 0",16_nutrition
3012,0,0,16_nutrition,I drink enough fluids throughout the day.,"16_nutrition, 0",16_nutrition
3013,0,0,16_nutrition,I rarely feel bloated or weak.,"16_nutrition, 0",16_nutrition
3014,0,0,16_nutrition,I consult with a dietitian for support.,"4_care, 0",4_care
3015,0,0,16_nutrition,I am confident I meet my nutritional needs.,"16_nutrition, 0",16_nutrition
3016,0,0,16_nutrition,I never skip major food groups.,"16_nutrition, 0",16_nutrition
3017,0,0,16_nutrition,I keep my pantry stocked with healthy staples.,"16_nutrition, 0",16_nutrition
3018,0,0,16_nutrition,I include probiotics and prebiotics in my diet.,"16_nutrition, 0",16_nutrition
3019,0,0,16_nutrition,I track my macro and micronutrient intake.,"16_nutrition, 0",16_nutrition
3020,0,0,16_nutrition,I prepare meals that are nutritionally complete.,"16_nutrition, 0",16_nutrition
3021,0,0,16_nutrition,I don’t feel sluggish from what I eat.,"16_nutrition, 0",16_nutrition
3022,0,0,16_nutrition,I feel strong and alert due to proper nutrition.,"16_nutrition, 0",16_nutrition
3023,0,0,16_nutrition,I never feel nutrient-deficient.,"16_nutrition, 0",16_nutrition
3024,0,0,16_nutrition,I cook from scratch using whole ingredients.,"16_nutrition, 0",16_nutrition
3025,0,0,16_nutrition,I avoid empty-calorie foods.,"16_nutrition, 0",16_nutrition
3026,0,0,16_nutrition,I eat foods rich in potassium and magnesium.,"16_nutrition, 0",16_nutrition
3027,0,0,16_nutrition,I drink bone broth and eat leafy greens for minerals.,"16_nutrition, 0",16_nutrition
3028,0,0,16_nutrition,I never feel faint or weak after meals.,"16_nutrition, 0",16_nutrition
3029,0,0,16_nutrition,I eat enough protein to support muscle repair.,"16_nutrition, 0",16_nutrition
3030,0,0,16_nutrition,I make smoothies with spinach and protein powder.,"16_nutrition, 0",16_nutrition
3031,0,0,16_nutrition,I feel proud of my nutrition intake.,"16_nutrition, 0",16_nutrition
3032,0,0,16_nutrition,I’m conscious of getting iron when I menstruate.,"16_nutrition, 0",16_nutrition
3033,0,0,16_nutrition,I get enough calories and macros each day.,"16_nutrition, 0",16_nutrition
3034,0,0,16_nutrition,I rarely eat processed snacks.,"16_nutrition, 0",16_nutrition
3035,0,0,16_nutrition,I take vitamin D during winter months.,"16_nutrition, 0",16_nutrition
3036,0,0,16_nutrition,I plan my meals to be nutritionally dense.,"16_nutrition, 0",16_nutrition
3037,0,0,16_nutrition,I feel physically strong and mentally sharp.,"2_mood, 0",2_mood
3038,0,0,16_nutrition,I add supplements when I lack nutrients.,"16_nutrition, 0",16_nutrition
3039,0,0,16_nutrition,I meet my daily nutrition targets consistently.,"16_nutrition, 0",16_nutrition
3040,0,0,16_nutrition,I include leafy greens and colorful vegetables in most meals and consume enough whole grains and legumes.,"16_nutrition, 0",16_nutrition
3041,0,0,16_nutrition,I eat colorful fruits daily for natural vitamins.,"16_nutrition, 0",16_nutrition
3042,0,0,16_nutrition,I rarely eat processed snacks and junk food.,"16_nutrition, 0",16_nutrition
3043,0,0,16_nutrition,"I eat food with high omega 3, such as salmon and avocado, regularly.","16_nutrition, 0",16_nutrition
3044,0,0,16_nutrition,I eat enough protein to support muscle repair and calculate my vitamin intake.,"16_nutrition, 0",16_nutrition
3045,0,0,16_nutrition,I love the farm-to-table approach and frequently visit the farmer's market for fresh and wholesome ingredients.,"16_nutrition, 0",16_nutrition
3046,0,0,16_nutrition,I created an excel sheet to keep track of my nutrition ingredients and calories intake.,"16_nutrition, 0",16_nutrition
3047,1,1,16_nutrition,My appetite is not usually good.,"16_nutrition, 1",16_nutrition
3048,1,1,16_nutrition,I eat a lot of fried food.,"16_nutrition, 1",16_nutrition
3049,1,1,16_nutrition,I usually eat fast and frozen food.,"16_nutrition, 1",16_nutrition
3050,1,1,16_nutrition,I eat plenty of ice cream and dessert.,"16_nutrition, 1",16_nutrition
3051,1,2,16_nutrition,I cannot afford good food.,"16_nutrition, 2",16_nutrition
3052,1,1,16_nutrition,The food deliveries are oily but I have no time to make my own.,"16_nutrition, 1",16_nutrition
3053,1,1,16_nutrition,I eat out more than I should.,"15_finance, 1",15_finance
3054,1,1,16_nutrition,I rely on quick meals that aren’t always healthy.,"16_nutrition, 1",16_nutrition
3055,1,1,16_nutrition,I know I eat too many carbs.,"16_nutrition, 1",16_nutrition
3056,1,1,16_nutrition,"I try to eat healthy, but it’s hard to stay consistent.","16_nutrition, 1",16_nutrition
3057,1,1,16_nutrition,I don’t always include vegetables in my meals.,"16_nutrition, 1",16_nutrition
3058,1,1,16_nutrition,I snack on chips a bit too often.,"16_nutrition, 1",16_nutrition
3059,1,1,16_nutrition,I don’t have time to cook every day.,"16_nutrition, 1",16_nutrition
3060,1,1,16_nutrition,I sometimes skip meals and overeat later.,"11_eat, 1",11_eat
3061,1,1,16_nutrition,I love sweets and eat dessert most nights.,"16_nutrition, 1",16_nutrition
3062,1,1,16_nutrition,I order fast food when I’m stressed.,"32_coping, 1",32_coping
3063,1,1,16_nutrition,I drink a lot of sugary drinks.,"16_nutrition, 1",16_nutrition
3064,1,1,16_nutrition,I eat late at night.,"11_eat, 1",11_eat
3065,1,1,16_nutrition,I try to eat better but I’m not always successful.,"16_nutrition, 1",16_nutrition
3066,1,1,16_nutrition,The doctors said I need to take more Vitamin D.,"16_nutrition, 1",16_nutrition
3067,1,1,16_nutrition,I’ve been eating more takeout since I got busy.,"16_nutrition, 1",16_nutrition
3068,1,1,16_nutrition,I buy vegetables but don’t always cook them.,"16_nutrition, 1",16_nutrition
3069,1,1,16_nutrition,I don’t plan meals and end up eating snacks instead.,"16_nutrition, 1",16_nutrition
3070,1,1,16_nutrition,I eat cereal or toast for most meals.,"16_nutrition, 1",16_nutrition
3071,1,1,16_nutrition,I sometimes eat standing up or in a rush.,"11_eat, 1",11_eat
3072,1,1,16_nutrition,I know I need more variety in my diet.,"16_nutrition, 1",16_nutrition
3073,1,2,16_nutrition,I don’t get enough protein.,"16_nutrition, 2",16_nutrition
3074,1,1,16_nutrition,I eat whatever is convenient.,"16_nutrition, 1",16_nutrition
3075,1,1,16_nutrition,I have some days when I eat well and some not.,"16_nutrition, 1",16_nutrition
3076,1,1,16_nutrition,I try to avoid sugar but it’s tough.,"16_nutrition, 1",16_nutrition
3077,1,1,16_nutrition,I don’t drink enough water.,"16_nutrition, 1",16_nutrition
3078,1,1,16_nutrition,I want to cook more but I’m tired after work.,"13_work_life, 1",13_work_life
3079,1,1,16_nutrition,I’ve been skipping lunch recently.,"11_eat, 1",11_eat
3080,1,1,16_nutrition,I eat the same thing every day.,"16_nutrition, 1",16_nutrition
3081,1,1,16_nutrition,I have meals that are okay but not great.,"16_nutrition, 1",16_nutrition
3082,1,1,16_nutrition,I use a lot of sauces and condiments.,"16_nutrition, 1",16_nutrition
3083,1,1,16_nutrition,I don’t think about nutrition much.,"16_nutrition, 1",16_nutrition
3084,1,1,16_nutrition,I try to eat healthy snacks but still crave chips.,"16_nutrition, 1",16_nutrition
3085,1,1,16_nutrition,I take supplements but don’t eat very well.,"16_nutrition, 1",16_nutrition
3086,1,1,16_nutrition,I snack when I’m bored.,"11_eat, 1",11_eat
3087,1,1,16_nutrition,I know I’m not eating enough vegetables.,"16_nutrition, 1",16_nutrition
3088,1,1,16_nutrition,I get fast food a few times a week.,"16_nutrition, 1",16_nutrition
3089,1,1,16_nutrition,I eat healthy at home but not when I go out.,"16_nutrition, 1",16_nutrition
3090,1,1,16_nutrition,I eat okay during the week but poorly on weekends.,"16_nutrition, 1",16_nutrition
3091,1,1,16_nutrition,I have a sweet tooth I’m trying to manage.z,"16_nutrition, 1",16_nutrition
3092,1,0,16_nutrition,I microwave a lot of my food.,"16_nutrition, 0",16_nutrition
3093,1,1,16_nutrition,I eat more processed food than I want.,"16_nutrition, 1",16_nutrition
3094,1,1,16_nutrition,I skip breakfast often.,"11_eat, 1",11_eat
3095,1,1,16_nutrition,I know I should improve my diet.,"16_nutrition, 1",16_nutrition
3096,1,1,16_nutrition,I drink coffee instead of eating breakfast.,"11_eat, 1",11_eat
3097,1,1,16_nutrition,I grab whatever is in the fridge.,"16_nutrition, 1",16_nutrition
3098,1,1,16_nutrition,I snack between meals too much so I don't eat much during meals.,"11_eat, 1",11_eat
3099,1,1,16_nutrition,I sometimes eat out of stress.,"32_coping, 1",32_coping
3100,1,1,16_nutrition,I eat lunch at my desk and don’t notice what I eat.,"16_nutrition, 1",16_nutrition
3101,1,0,16_nutrition,I feel like I could be healthier.,"Other, 0","NA, 99"
3102,1,1,16_nutrition,I haven’t been eating fresh lately.,"16_nutrition, 1",16_nutrition
3103,1,1,16_nutrition,I use too much sugar in tea and coffee.,"16_nutrition, 1",16_nutrition
3104,1,1,16_nutrition,I’ve been eating heavier meals lately.,"16_nutrition, 1",16_nutrition
3105,1,1,16_nutrition,I rely on energy bars instead of real meals.,"16_nutrition, 1",16_nutrition
3106,1,1,16_nutrition,I sometimes eat too little.,"16_nutrition, 1",16_nutrition
3107,1,1,16_nutrition,I forget to eat during busy days.,"11_eat, 1",11_eat
3108,1,1,16_nutrition,I like soda with meals.,"16_nutrition, 1",16_nutrition
3109,1,1,16_nutrition,I need to eat more fiber.,"16_nutrition, 1",16_nutrition
3110,1,1,16_nutrition,I sometimes skip dinner and eat snacks instead.,"11_eat, 1",11_eat
3111,1,1,16_nutrition,My girlfriend says that I eat too fast.,"11_eat, 1",11_eat
3112,1,1,16_nutrition,I don’t get enough fruit.,"16_nutrition, 1",16_nutrition
3113,1,1,16_nutrition,I eat when I’m not hungry.,"11_eat, 1",11_eat
3114,1,1,16_nutrition,I binge-eat sometimes.,"11_eat, 1",11_eat
3115,1,1,16_nutrition,I’m trying to eat more greens.,"16_nutrition, 1",16_nutrition
3116,1,1,16_nutrition,I know my diet could use some work.,"16_nutrition, 1",16_nutrition
3117,1,1,16_nutrition,I don’t think I get enough fiber.,"16_nutrition, 1",16_nutrition
3118,1,1,16_nutrition,I eat but don’t think I’m getting enough nutrients.,"16_nutrition, 1",16_nutrition
3119,1,1,16_nutrition,"I’m low on energy, possibly due to poor intake.","16_nutrition, 1",16_nutrition
3120,1,1,16_nutrition,I think I might be low on iron.,"16_nutrition, 1",16_nutrition
3121,1,1,16_nutrition,I feel tired and don’t know if I’m lacking nutrients.,"16_nutrition, 1",16_nutrition
3122,1,1,16_nutrition,I rely on frozen food too often.,"16_nutrition, 1",16_nutrition
3123,1,1,16_nutrition,I don’t track what nutrients I consume.,"16_nutrition, 1",16_nutrition
3124,1,1,16_nutrition,"I cook sometimes, but not always healthily.","16_nutrition, 1",16_nutrition
3125,1,1,16_nutrition,I don’t get enough fresh food in my diet.,"16_nutrition, 1",16_nutrition
3126,1,1,16_nutrition,I often forget to take my vitamins.,"3_medication, 1",3_medication
3127,1,1,16_nutrition,"I skip meals, which affects my nutrition.","11_eat, 1",11_eat
3128,1,1,16_nutrition,I eat out a lot and worry I’m not getting all nutrients.,"16_nutrition, 1",16_nutrition
3129,1,1,16_nutrition,I drink soda more than water.,"16_nutrition, 1",16_nutrition
3130,1,1,16_nutrition,I don’t eat enough fruits or vegetables daily.,"16_nutrition, 1",16_nutrition
3131,1,2,16_nutrition,I miss meals and then overeat unhealthy snacks.,"11_eat, 2",11_eat
3132,1,1,16_nutrition,I eat too many refined carbs.,"16_nutrition, 1",16_nutrition
3133,1,1,16_nutrition,I’m not eating enough protein consistently.,"16_nutrition, 1",16_nutrition
3134,1,1,16_nutrition,I’m unsure how much nutrition I actually get.,"16_nutrition, 1",16_nutrition
3135,1,1,16_nutrition,I’m not eating enough calories some days.,"16_nutrition, 1",16_nutrition
3136,1,1,16_nutrition,I often rely on coffee instead of real meals.,"16_nutrition, 1",16_nutrition
3137,1,1,16_nutrition,I’m trying to improve my nutrition but still lack variety.,"16_nutrition, 1",16_nutrition
3138,1,1,16_nutrition,I don’t get regular checkups for nutrient levels.,"4_care, 1",4_care
3139,1,1,16_nutrition,I suspect I’m not getting enough vitamins.,"16_nutrition, 1",16_nutrition
3140,1,1,16_nutrition,I eat healthy some days and junk on others.,"16_nutrition, 1",16_nutrition
3141,1,1,16_nutrition,I try to get greens in but forget.,"16_nutrition, 1",16_nutrition
3142,1,1,16_nutrition,I eat fast food during busy work weeks.,"16_nutrition, 1",16_nutrition
3143,1,1,16_nutrition,I eat low-calorie but not necessarily nutrient-dense meals.,"16_nutrition, 1",16_nutrition
3144,1,1,16_nutrition,I want to eat better but lack the time.,"16_nutrition, 1",16_nutrition
3145,1,2,16_nutrition,I think I’m iron deficient but haven’t checked recently.,"16_nutrition, 2",16_nutrition
3146,1,1,16_nutrition,I know my calcium intake is low.,"16_nutrition, 1",16_nutrition
3147,1,1,16_nutrition,I occasionally feel weak or lightheaded.,"16_nutrition, 1",16_nutrition
3148,1,1,16_nutrition,I think I rely too much on carbs.,"16_nutrition, 1",16_nutrition
3149,1,1,16_nutrition,I often eat without thinking about nutrition.,"16_nutrition, 1",16_nutrition
3150,1,1,16_nutrition,I don’t get enough omega-3s.,"16_nutrition, 1",16_nutrition
3151,1,1,16_nutrition,I don’t eat fruit daily.,"16_nutrition, 1",16_nutrition
3152,1,1,16_nutrition,I don’t prioritize food quality.,"16_nutrition, 1",16_nutrition
3153,1,1,16_nutrition,I’m trying to eat healthier but it’s a work in progress.,"16_nutrition, 1",16_nutrition
3154,1,1,16_nutrition,I know I should add more variety.,"16_nutrition, 1",16_nutrition
3155,1,1,16_nutrition,I forget to bring healthy food when I’m out.,"16_nutrition, 1",16_nutrition
3156,2,2,16_nutrition,I don’t think I get any real nutrition.,"16_nutrition, 2",16_nutrition
3157,2,0,16_nutrition,I feel weak and dizzy most days.,"Other, 0","NA, 99"
3158,2,2,16_nutrition,I avoid eating to lose weight.,"11_eat, 2",11_eat
3159,2,2,16_nutrition,I binge eat and feel sick afterward.,"11_eat, 2",11_eat
3160,2,1,16_nutrition,"I never think about nutrients, just food.","16_nutrition, 1",16_nutrition
3161,2,2,16_nutrition,I live off energy drinks and snacks.,"16_nutrition, 2",16_nutrition
3162,2,2,16_nutrition,I’ve been fainting lately due to poor eating.,"16_nutrition, 2",16_nutrition
3163,2,1,16_nutrition,I eat only processed foods.,"16_nutrition, 1",16_nutrition
3164,2,2,16_nutrition,I skip meals for days.,"11_eat, 2",11_eat
3165,2,2,16_nutrition,I avoid food due to body image issues.,"16_nutrition, 2",16_nutrition
3166,2,2,16_nutrition,I throw up after overeating.,"11_eat, 2",11_eat
3167,2,1,16_nutrition,I haven’t had vegetables in over a week.,"16_nutrition, 1",16_nutrition
3168,2,2,16_nutrition,I don’t get enough calories to function.,"16_nutrition, 2",16_nutrition
3169,2,1,16_nutrition,I haven’t taken any vitamins in years.,"16_nutrition, 1",16_nutrition
3170,2,1,16_nutrition,I don’t remember when I last ate fruit.,"16_nutrition, 1",16_nutrition
3171,2,1,16_nutrition,I feel constantly tired and weak.,"10_sleep, 1",10_sleep
3172,2,1,16_nutrition,I don’t eat until very late at night.,"11_eat, 1",11_eat
3173,2,1,16_nutrition,I avoid full meals and just snack.,"11_eat, 1",11_eat
3174,2,2,16_nutrition,I feel like I’m malnourished.,"16_nutrition, 2",16_nutrition
3175,2,1,16_nutrition,I following an unhealthy weight-loss diet.,"16_nutrition, 1",16_nutrition
3176,2,2,16_nutrition,I’ve been told my diet is severely lacking.,"16_nutrition, 2",16_nutrition
3177,2,2,16_nutrition,I eat less than 800 calories most days.,"16_nutrition, 2",16_nutrition
3178,2,2,16_nutrition,I don’t hydrate enough and often feel dehydrated.,"16_nutrition, 2",16_nutrition
3179,2,2,16_nutrition,I rely on junk food for every meal.,"16_nutrition, 2",16_nutrition
3180,2,2,16_nutrition,I feel scared of eating real meals.,"11_eat, 2",11_eat
3181,2,2,16_nutrition,I feel numb after binge eating.,"11_eat, 2",11_eat
3182,2,1,16_nutrition,I’m constantly cold and tired.,"10_sleep, 1",10_sleep
3183,2,2,16_nutrition,I think I’m nutrient-deficient.,"16_nutrition, 2",16_nutrition
3184,2,2,16_nutrition,I’ve lost muscle due to poor intake.,"16_nutrition, 2",16_nutrition
3185,2,2,16_nutrition,I eat nothing all day then binge at night.,"11_eat, 2",11_eat
3186,2,2,16_nutrition,I can’t remember my last full meal.,"16_nutrition, 2",16_nutrition
3187,2,2,16_nutrition,I use caffeine as a meal replacement.,"16_nutrition, 2",16_nutrition
3188,2,2,16_nutrition,I only eat instant noodles or chips.,"16_nutrition, 2",16_nutrition
3189,2,1,16_nutrition,I eat the same processed food daily.,"16_nutrition, 1",16_nutrition
3190,2,2,16_nutrition,I’ve stopped caring about nutrition.,"16_nutrition, 2",16_nutrition
3191,2,2,16_nutrition,I often feel too sick to eat.,"11_eat, 2",11_eat
3192,2,2,16_nutrition,I’ve had hair loss due to diet.,"16_nutrition, 2",16_nutrition
3193,2,1,16_nutrition,I’m ashamed of how I eat.,"11_eat, 1",11_eat
3194,2,2,16_nutrition,I can’t afford healthy food.,"16_nutrition, 2",16_nutrition
3195,2,1,16_nutrition,I eat emotionally and feel guilt.,"11_eat, 1",11_eat
3196,2,1,16_nutrition,I don’t know how to fix my eating.,"11_eat, 1",11_eat
3197,2,2,16_nutrition,I skip meals to punish myself.,"11_eat, 2",11_eat
3198,2,2,16_nutrition,I feel faint after walking.,"37_exercise, 2",37_exercise
3199,2,2,16_nutrition,I binge on sugar and feel horrible.,"16_nutrition, 2",16_nutrition
3200,2,1,16_nutrition,I feel like food has no joy anymore.,"2_mood, 1",2_mood
3201,2,2,16_nutrition,I’ve been hospitalized for malnutrition.,"16_nutrition, 2",16_nutrition
3202,2,1,16_nutrition,I haven’t been grocery shopping in a long time.,"16_nutrition, 1",16_nutrition
3203,2,1,16_nutrition,I eat expired food sometimes.,"16_nutrition, 1",16_nutrition
3204,2,1,16_nutrition,I don’t even think about nutrients.,"16_nutrition, 1",16_nutrition
3205,2,2,16_nutrition,I can’t afford supplements or healthy food.,"16_nutrition, 2",16_nutrition
3206,2,1,16_nutrition,I eat whatever is in front of me.,"16_nutrition, 1",16_nutrition
3207,2,1,16_nutrition,I’ve cried over my eating habits.,"2_mood, 1",2_mood
3208,2,2,16_nutrition,I don’t feel like eating at all.,"11_eat, 2",11_eat
3209,2,2,16_nutrition,I feel disgusted by the idea of food.,"16_nutrition, 2",16_nutrition
3210,2,1,16_nutrition,I’m afraid my diet is harming me long-term.,"16_nutrition, 1",16_nutrition
3211,2,2,16_nutrition,I try not to eat to loss weight.,"16_nutrition, 2",16_nutrition
3212,2,2,16_nutrition,I can't control myself to stop eating.,"11_eat, 2",11_eat
3213,2,2,16_nutrition,I never eat vegetables and fruits.,"16_nutrition, 2",16_nutrition
3214,2,1,16_nutrition,I seldom eat vegetables and fruits.,"16_nutrition, 1",16_nutrition
3215,2,1,16_nutrition,I eat unhealthy and oily food.,"16_nutrition, 1",16_nutrition
3216,2,1,16_nutrition,I have unhealthy eatting habbit.,"16_nutrition, 1",16_nutrition
3217,2,2,16_nutrition,I heat one meal daily.,"16_nutrition, 2",16_nutrition
3218,2,1,16_nutrition,I don't know how many meals do I have per day.,"11_eat, 1",11_eat
3219,2,0,16_nutrition,I eat a lot of meals a day.,"11_eat, 0",11_eat
3220,2,1,16_nutrition,I often eat fast food.,"16_nutrition, 1",16_nutrition
3221,2,1,16_nutrition,I usually eat fast and frozen food.,"16_nutrition, 1",16_nutrition
3222,2,1,16_nutrition,I can have McDonald's every day.,"16_nutrition, 1",16_nutrition
3223,2,1,16_nutrition,"I know I shouldn't, but fried chicken and ice cream are my weakness - I eat them way too often!","16_nutrition, 1",16_nutrition
3224,2,1,16_nutrition,I only eat meat and hate vegetable.,"16_nutrition, 1",16_nutrition
3225,0,0,17_problem,I feel confident making everyday decisions.,"17_problem, 0",17_problem
3226,0,0,17_problem,I rarely need help figuring out what to do in tough situations.,"17_problem, 0",17_problem
3227,0,0,17_problem,I usually trust my instincts when making choices.,"17_problem, 0",17_problem
3228,0,0,17_problem,I have no problem solving issues when they come up.,"17_problem, 0",17_problem
3229,0,0,17_problem,"I can handle decisions independently, even under pressure.","17_problem, 0",17_problem
3230,0,0,17_problem,I’ve been able to solve most of my recent problems on my own.,"17_problem, 0",17_problem
3231,0,0,17_problem,I take responsibility and make choices with clarity.,"17_problem, 0",17_problem
3232,0,0,17_problem,I’m comfortable weighing pros and cons before deciding.,"17_problem, 0",17_problem
3233,0,0,17_problem,Decision-making comes naturally to me now.,"17_problem, 0",17_problem
3234,0,0,17_problem,My friends often ask me for advice because I think clearly.,"17_problem, 0",17_problem
3235,0,0,17_problem,I know how to break down problems and find solutions.,"17_problem, 0",17_problem
3236,0,0,17_problem,I’ve handled several difficult decisions lately without help.,"17_problem, 0",17_problem
3237,0,0,17_problem,"My friends often ask me for advice because Lately, I think clearly.","17_problem, 0",17_problem
3238,0,0,17_problem,"Most days, I feel confident making everyday decisions.","17_problem, 0",17_problem
3239,0,0,17_problem,"At the moment, I have no problem solving issues when they come up.","17_problem, 0",17_problem
3240,0,0,17_problem,"Lately, I usually trust my instincts when making choices.","17_problem, 0",17_problem
3241,0,0,17_problem,"My friends often ask me for advice because Recently, I think clearly.","17_problem, 0",17_problem
3242,0,0,17_problem,"Recently, I rarely need help figuring out what to do in tough situations.","17_problem, 0",17_problem
3243,0,0,17_problem,"Lately, I take responsibility and make choices with clarity.","17_problem, 0",17_problem
3244,0,0,17_problem,"Lately, I feel confident making everyday decisions.","17_problem, 0",17_problem
3245,0,0,17_problem,"Recently, I’m comfortable weighing pros and cons before deciding.","17_problem, 0",17_problem
3246,0,0,17_problem,"Recently, I feel confident making everyday decisions.","17_problem, 0",17_problem
3247,0,0,17_problem,"Recently, I have no problem solving issues when they come up.","17_problem, 0",17_problem
3248,0,0,17_problem,"At the moment, I take responsibility and make choices with clarity.","17_problem, 0",17_problem
3249,0,0,17_problem,"Recently, I’m good at analyzing problems and deciding quickly.","17_problem, 0",17_problem
3250,0,0,17_problem,"Lately, I can handle decisions independently, even under pressure.","17_problem, 0",17_problem
3251,0,0,17_problem,"At the moment, I make logical decisions and rarely second-guess myself.","17_problem, 0",17_problem
3252,0,0,17_problem,"Right now, I know how to break down problems and find solutions.","17_problem, 0",17_problem
3253,0,0,17_problem,"At the moment, I usually trust my instincts when making choices.","17_problem, 0",17_problem
3254,0,0,17_problem,"Most days, I make logical decisions and rarely second-guess myself.","17_problem, 0",17_problem
3255,0,0,17_problem,"Lately, I rarely need help figuring out what to do in tough situations.","17_problem, 0",17_problem
3256,0,0,17_problem,"Lately, I make logical decisions and rarely second-guess myself.","17_problem, 0",17_problem
3257,0,0,17_problem,"Lately, I’m comfortable weighing pros and cons before deciding.","17_problem, 0",17_problem
3258,0,0,17_problem,"Right now, I feel capable of navigating complex situations.","17_problem, 0",17_problem
3259,0,0,17_problem,"Recently, I can handle decisions independently, even under pressure.","17_problem, 0",17_problem
3260,0,0,17_problem,"Most days, I feel capable of navigating complex situations.","17_problem, 0",17_problem
3261,0,0,17_problem,"Lately, I know how to break down problems and find solutions.","17_problem, 0",17_problem
3262,0,0,17_problem,"At the moment, I feel confident making everyday decisions.","17_problem, 0",17_problem
3263,0,0,17_problem,"At the moment, I rarely need help figuring out what to do in tough situations.","17_problem, 0",17_problem
3264,0,0,17_problem,"Lately, I’ve handled several difficult decisions lately without help.","17_problem, 0",17_problem
3265,0,0,17_problem,"Most days, I take responsibility and make choices with clarity.","17_problem, 0",17_problem
3266,0,0,17_problem,"Most days, I’m good at analyzing problems and deciding quickly.","17_problem, 0",17_problem
3267,0,0,17_problem,"Most days, I usually trust my instincts when making choices.","17_problem, 0",17_problem
3268,0,0,17_problem,"At the moment, I’ve been able to solve most of my recent problems on my own.","17_problem, 0",17_problem
3269,0,0,17_problem,"My friends often ask me for advice because Most days, I think clearly.","17_problem, 0",17_problem
3270,0,0,17_problem,"At the moment, I’m comfortable weighing pros and cons before deciding.","17_problem, 0",17_problem
3271,0,0,17_problem,"Right now, I usually trust my instincts when making choices.","17_problem, 0",17_problem
3272,0,0,17_problem,"Recently, I feel capable of navigating complex situations.","17_problem, 0",17_problem
3273,0,0,17_problem,"Most days, I have no problem solving issues when they come up.","17_problem, 0",17_problem
3274,0,0,17_problem,"Lately, I have no problem solving issues when they come up.","17_problem, 0",17_problem
3275,0,0,17_problem,"Right now, I have no problem solving issues when they come up.","17_problem, 0",17_problem
3276,0,0,17_problem,"Right now, I take responsibility and make choices with clarity.","17_problem, 0",17_problem
3277,0,0,17_problem,"Recently, I know how to break down problems and find solutions.","17_problem, 0",17_problem
3278,0,0,17_problem,"Most days, I’m comfortable weighing pros and cons before deciding.","17_problem, 0",17_problem
3279,0,0,17_problem,"Right now, I make logical decisions and rarely second-guess myself.","17_problem, 0",17_problem
3280,0,0,17_problem,"Most days, I rarely need help figuring out what to do in tough situations.","17_problem, 0",17_problem
3281,0,0,17_problem,"Lately, I’m good at analyzing problems and deciding quickly.","17_problem, 0",17_problem
3282,0,0,17_problem,"Most days, I know how to break down problems and find solutions.","17_problem, 0",17_problem
3283,0,0,17_problem,"Most days, I’ve handled several difficult decisions lately without help.","17_problem, 0",17_problem
3284,0,0,17_problem,I am able to make decision myself.,"17_problem, 0",17_problem
3285,0,0,17_problem,I can solve problems.,"17_problem, 0",17_problem
3286,0,0,17_problem,I am good at problem solving.,"17_problem, 0",17_problem
3287,0,0,17_problem,I can make right decisions.,"17_problem, 0",17_problem
3288,0,0,17_problem,I can decisions.,"17_problem, 0",17_problem
3289,0,0,17_problem,I can decide what should I do.,"17_problem, 0",17_problem
3290,1,1,17_problem,I hesitate when I need to make important decisions.,"17_problem, 1",17_problem
3291,1,1,17_problem,I can usually decide on small things but get stuck on big ones.,"17_problem, 1",17_problem
3292,1,1,17_problem,Making decisions feels harder than it used to.,"17_problem, 1",17_problem
3293,1,1,17_problem,"I try to solve problems, but I often second-guess myself.","17_problem, 1",17_problem
3294,1,1,17_problem,"I manage, but sometimes need reassurance from others.","26_support_social, 1",26_support_social
3295,1,0,17_problem,I ask for help more often now when I have choices to make.,"17_problem, 0",17_problem
3296,1,1,17_problem,I struggle with uncertainty in decision-making.,"17_problem, 1",17_problem
3297,1,1,17_problem,I'm okay solving issues when they're not too complex.,"17_problem, 1",17_problem
3298,1,1,17_problem,Sometimes I delay making decisions and hope things resolve.,"17_problem, 1",17_problem
3299,1,1,17_problem,I rely on others’ opinions more than I’d like to.,"17_problem, 1",17_problem
3300,1,1,17_problem,"Problem-solving is doable, but not smooth.","17_problem, 1",17_problem
3301,1,1,17_problem,I’ve been avoiding some decisions lately.,"17_problem, 1",17_problem
3302,1,1,17_problem,I find myself worrying too much about making mistakes.,"2_mood, 1",2_mood
3303,1,1,17_problem,"At the moment, I'm okay solving issues when they're not too complex.","17_problem, 1",17_problem
3304,1,1,17_problem,"Most days, I can usually decide on small things but get stuck on big ones.","17_problem, 1",17_problem
3305,1,1,17_problem,"Recently, I struggle with uncertainty in decision-making.","17_problem, 1",17_problem
3306,1,1,17_problem,"Lately, I find myself worrying too much about making mistakes.","2_mood, 1",2_mood
3307,1,1,17_problem,"Lately, It takes me longer than usual to weigh my options.","17_problem, 1",17_problem
3308,1,1,17_problem,"Most days, I hesitate when Most days, I need to make important decisions.","17_problem, 1",17_problem
3309,1,1,17_problem,"Most days, I find myself worrying too much about making mistakes.","2_mood, 1",2_mood
3310,1,1,17_problem,"Lately, I hesitate when Lately, I need to make important decisions.","17_problem, 1",17_problem
3311,1,1,17_problem,"Right now, I rely on others’ opinions more than Right now, I’d like to.","17_problem, 1",17_problem
3312,1,1,17_problem,"Lately, I’ve been avoiding some decisions lately.","17_problem, 1",17_problem
3313,1,1,17_problem,"Right now, I can usually decide on small things but get stuck on big ones.","17_problem, 1",17_problem
3314,1,1,17_problem,"At the moment, I struggle with uncertainty in decision-making.","17_problem, 1",17_problem
3315,1,1,17_problem,"Recently, I try to solve problems, but Recently, I often second-guess myself.","17_problem, 1",17_problem
3316,1,1,17_problem,"At the moment, I ask for help more often now when At the moment, I have choices to make.","17_problem, 1",17_problem
3317,1,1,17_problem,"Recently, I find myself worrying too much about making mistakes.","2_mood, 1",2_mood
3318,1,0,17_problem,"Most days, I ask for help more often now when Most days, I have choices to make.","17_problem, 0",17_problem
3319,1,1,17_problem,"Recently, It takes me longer than usual to weigh my options.","17_problem, 1",17_problem
3320,1,1,17_problem,"Sometimes Recently, I feel unsure about what to do.","17_problem, 1",17_problem
3321,1,1,17_problem,"Sometimes Lately, I feel unsure about what to do.","17_problem, 1",17_problem
3322,1,1,17_problem,"Lately, I rely on others’ opinions more than Lately, I’d like to.","17_problem, 1",17_problem
3323,1,1,17_problem,"Most days, I’ve been avoiding some decisions lately.","17_problem, 1",17_problem
3324,1,1,17_problem,"Recently, I hesitate when Recently, I need to make important decisions.","17_problem, 1",17_problem
3325,1,1,17_problem,"Sometimes Right now, I delay making decisions and hope things resolve.","17_problem, 1",17_problem
3326,1,1,17_problem,"Recently, I can usually decide on small things but get stuck on big ones.","17_problem, 1",17_problem
3327,1,1,17_problem,"Right now, I'm okay solving issues when they're not too complex.","17_problem, 1",17_problem
3328,1,1,17_problem,"Right now, I hesitate when Right now, I need to make important decisions.","17_problem, 1",17_problem
3329,1,1,17_problem,"Right now, I manage, but sometimes need reassurance from others.","32_coping, 1",32_coping
3330,1,1,17_problem,"Right now, I ask for help more often now when Right now, I have choices to make.","17_problem, 1",17_problem
3331,1,1,17_problem,"Sometimes Lately, I delay making decisions and hope things resolve.","17_problem, 1",17_problem
3332,1,1,17_problem,"Sometimes Right now, I feel unsure about what to do.","17_problem, 1",17_problem
3333,1,1,17_problem,"At the moment, It takes me longer than usual to weigh my options.","17_problem, 1",17_problem
3334,1,1,17_problem,"Right now, I try to solve problems, but Right now, I often second-guess myself.","17_problem, 1",17_problem
3335,1,1,17_problem,"Sometimes Recently, I delay making decisions and hope things resolve.","17_problem, 1",17_problem
3336,1,1,17_problem,"At the moment, I hesitate when At the moment, I need to make important decisions.","17_problem, 1",17_problem
3337,1,1,17_problem,"Right now, It takes me longer than usual to weigh my options.","17_problem, 1",17_problem
3338,1,1,17_problem,"Recently, I rely on others’ opinions more than Recently, I’d like to.","17_problem, 1",17_problem
3339,1,1,17_problem,"At the moment, I can usually decide on small things but get stuck on big ones.","17_problem, 1",17_problem
3340,1,1,17_problem,"At the moment, I try to solve problems, but At the moment, I often second-guess myself.","17_problem, 1",17_problem
3341,1,1,17_problem,"Sometimes Most days, I feel unsure about what to do.","17_problem, 1",17_problem
3342,1,1,17_problem,"Lately, I can usually decide on small things but get stuck on big ones.","17_problem, 1",17_problem
3343,1,1,17_problem,"Lately, I struggle with uncertainty in decision-making.","17_problem, 1",17_problem
3344,1,1,17_problem,"At the moment, I’ve been avoiding some decisions lately.","17_problem, 1",17_problem
3345,1,0,17_problem,"Lately, I ask for help more often now when Lately, I have choices to make.","17_problem, 0",17_problem
3346,1,1,17_problem,"Lately, I'm okay solving issues when they're not too complex.","17_problem, 1",17_problem
3347,1,1,17_problem,"Recently, I ask for help more often now when Recently, I have choices to make.","17_problem, 1",17_problem
3348,1,1,17_problem,"Recently, I'm okay solving issues when they're not too complex.","17_problem, 1",17_problem
3349,1,0,17_problem,"Most days, I manage, but sometimes need reassurance from others.","26_support_social, 0",26_support_social
3350,1,1,17_problem,I can only solve problem when I try really hard.,"17_problem, 1",17_problem
3351,1,1,17_problem,It is hard for me to solve a problem.,"17_problem, 1",17_problem
3352,2,1,17_problem,I have trouble solving problems.,"17_problem, 1",17_problem
3353,2,2,17_problem,My problem solving skll is really bad.,"17_problem, 2",17_problem
3354,2,1,17_problem,It's hard for me to make right decisions.,"17_problem, 1",17_problem
3355,2,1,17_problem,I am afraid to make decisions.,"17_problem, 1",17_problem
3356,2,2,17_problem,I can't solve problems by myself.,"17_problem, 2",17_problem
3357,2,2,17_problem,I can't make decisions by myself.,"17_problem, 2",17_problem
3358,2,1,17_problem,I have problem making decisions.,"17_problem, 1",17_problem
3359,2,2,17_problem,I feel paralyzed when I need to decide something.,"17_problem, 2",17_problem
3360,2,2,17_problem,I avoid making decisions because I don’t trust myself.,"17_problem, 2",17_problem
3361,2,2,17_problem,Most of the time I need someone to help me decide.,"17_problem, 2",17_problem
3362,2,2,17_problem,Even small problems feel overwhelming.,"2_mood, 2",2_mood
3363,2,1,17_problem,I often feel stuck and unsure what the right choice is.,"17_problem, 1",17_problem
3364,2,1,17_problem,I let others make choices for me to avoid the stress.,"17_problem, 1",17_problem
3365,2,1,17_problem,I’ve been making poor decisions lately that I regret.,"17_problem, 1",17_problem
3366,2,2,17_problem,I don’t know how to solve my problems anymore.,"17_problem, 2",17_problem
3367,2,2,17_problem,I feel like I can't handle responsibility right now.,"14_show_up, 2",14_show_up
3368,2,1,17_problem,Making decisions makes me anxious or panicked.,"17_problem, 1",17_problem
3369,2,1,17_problem,I feel lost when faced with a tough decision.,"17_problem, 1",17_problem
3370,2,1,17_problem,I freeze up when something unexpected happens.,"32_coping, 1",32_coping
3371,2,1,17_problem,I’ve been criticized for my poor decision-making.,"17_problem, 1",17_problem
3372,2,1,17_problem,I tend to ignore problems rather than solve them.,"17_problem, 1",17_problem
3373,2,2,17_problem,I often end up doing nothing because I can't decide.,"17_problem, 2",17_problem
3374,2,1,17_problem,"At the moment, I’ve been making poor decisions lately that At the moment, I regret.","17_problem, 1",17_problem
3375,2,1,17_problem,"Most days, I feel lost when faced with a tough decision.","17_problem, 1",17_problem
3376,2,2,17_problem,"Most days, I don’t know how to solve my problems anymore.","17_problem, 2",17_problem
3377,2,1,17_problem,"Lately, I often end up doing nothing because Lately, I can't decide.","17_problem, 1",17_problem
3378,2,2,17_problem,"Right now, I feel paralyzed when Right now, I need to decide something.","17_problem, 2",17_problem
3379,2,1,17_problem,"Lately, I avoid making decisions because Lately, I don’t trust myself.","17_problem, 1",17_problem
3380,2,2,17_problem,"At the moment, I feel like At the moment, I can't handle responsibility right now.","32_coping, 2",32_coping
3381,2,2,17_problem,"Most days, I feel like Most days, I can't handle responsibility right now.","17_problem, 2",17_problem
3382,2,2,17_problem,"Most of the time Most days, I need someone to help me decide.","17_problem, 2",17_problem
3383,2,1,17_problem,"At the moment, I often end up doing nothing because At the moment, I can't decide.","17_problem, 1",17_problem
3384,2,1,17_problem,"Most days, I let others make choices for me to avoid the stress.","17_problem, 1",17_problem
3385,2,2,17_problem,"Most of the time Right now, I need someone to help me decide.","17_problem, 2",17_problem
3386,2,1,17_problem,"Recently, I tend to ignore problems rather than solve them.","17_problem, 1",17_problem
3387,2,2,17_problem,"Most days, I freeze up when something unexpected happens.","32_coping, 2",32_coping
3388,2,2,17_problem,"Recently, I feel paralyzed when Recently, I need to decide something.","17_problem, 2",17_problem
3389,2,1,17_problem,"Lately, I often feel stuck and unsure what the right choice is.","17_problem, 1",17_problem
3390,2,1,17_problem,"Recently, I freeze up when something unexpected happens.","17_problem, 1",17_problem
3391,2,1,17_problem,"Recently, I often feel stuck and unsure what the right choice is.","17_problem, 1",17_problem
3392,2,2,17_problem,"Right now, I feel like Right now, I can't handle responsibility right now.","32_coping, 2",32_coping
3393,2,2,17_problem,"Right now, I avoid making decisions because Right now, I don’t trust myself.","17_problem, 2",17_problem
3394,2,1,17_problem,"Most days, I tend to ignore problems rather than solve them.","17_problem, 1",17_problem
3395,2,2,17_problem,"Lately, I feel like Lately, I can't handle responsibility right now.","17_problem, 2",17_problem
3396,2,2,17_problem,"Most of the time Lately, I need someone to help me decide.","17_problem, 2",17_problem
3397,2,1,17_problem,"Most days, I often feel stuck and unsure what the right choice is.","17_problem, 1",17_problem
3398,2,2,17_problem,"Most days, I often end up doing nothing because Most days, I can't decide.","17_problem, 2",17_problem
3399,2,1,17_problem,"Lately, I feel lost when faced with a tough decision.","17_problem, 1",17_problem
3400,2,1,17_problem,"Recently, I let others make choices for me to avoid the stress.","17_problem, 1",17_problem
3401,2,1,17_problem,"Right now, I often end up doing nothing because Right now, I can't decide.","17_problem, 1",17_problem
3402,2,1,17_problem,"At the moment, I tend to ignore problems rather than solve them.","17_problem, 1",17_problem
3403,2,1,17_problem,"At the moment, I’ve been criticized for my poor decision-making.","17_problem, 1",17_problem
3404,2,2,17_problem,"At the moment, I feel paralyzed when At the moment, I need to decide something.","17_problem, 2",17_problem
3405,2,1,17_problem,"At the moment, I often feel stuck and unsure what the right choice is.","17_problem, 1",17_problem
3406,2,1,17_problem,"Lately, I’ve been criticized for my poor decision-making.","17_problem, 1",17_problem
3407,2,1,17_problem,"Lately, I’ve been making poor decisions lately that Lately, I regret.","17_problem, 1",17_problem
3408,2,1,17_problem,"Right now, I tend to ignore problems rather than solve them.","17_problem, 1",17_problem
3409,2,1,17_problem,"At the moment, I feel lost when faced with a tough decision.","17_problem, 1",17_problem
3410,2,1,17_problem,"Most days, I’ve been making poor decisions lately that Most days, I regret.","17_problem, 1",17_problem
3411,2,1,17_problem,"Most days, I’ve been criticized for my poor decision-making.","17_problem, 1",17_problem
3412,2,1,17_problem,"Recently, I’ve been making poor decisions lately that Recently, I regret.","17_problem, 1",17_problem
3413,2,1,17_problem,"Lately, I let others make choices for me to avoid the stress.","17_problem, 1",17_problem
3414,2,2,17_problem,"Most days, I avoid making decisions because Most days, I don’t trust myself.","17_problem, 2",17_problem
3415,2,2,17_problem,"Most of the time Recently, I need someone to help me decide.","17_problem, 2",17_problem
3416,2,2,17_problem,"Recently, I avoid making decisions because Recently, I don’t trust myself.","17_problem, 2",17_problem
3417,2,2,17_problem,"Recently, I often end up doing nothing because Recently, I can't decide.","17_problem, 2",17_problem
3418,2,1,17_problem,"Right now, I let others make choices for me to avoid the stress.","17_problem, 1",17_problem
3419,2,1,17_problem,"Right now, I feel lost when faced with a tough decision.","17_problem, 1",17_problem
3420,2,1,17_problem,"Right now, I often feel stuck and unsure what the right choice is.","17_problem, 1",17_problem
3421,0,0,18_support,I have support from family and friends.,"26_support_social, 0",26_support_social
3422,0,0,18_support,I have support from my parents.,"18_support, 0",18_support
3423,0,0,18_support,I have support from my father.,"18_support, 0",18_support
3424,0,0,18_support,I have support from my mom.,"18_support, 0",18_support
3425,0,0,18_support,I have support from my grandpa.,"18_support, 0",18_support
3426,0,0,18_support,I have support from my grandma.,"18_support, 0",18_support
3427,0,0,18_support,I have support from my boyfriend.,"26_support_social, 0",26_support_social
3428,0,0,18_support,I have support from my girlfriend.,"26_support_social, 0",26_support_social
3429,0,0,18_support,I have support from my husband.,"18_support, 0",18_support
3430,0,0,18_support,I have support from my wife.,"18_support, 0",18_support
3431,0,0,18_support,I have support from my fiance.,"18_support, 0",18_support
3432,0,0,18_support,I have support from my fiancee.,"26_support_social, 0",26_support_social
3433,0,0,18_support,I have support from my partner.,"26_support_social, 0",26_support_social
3434,0,0,18_support,I consider my parents as my support.,"18_support, 0",18_support
3435,0,0,18_support,I consider my father as my support.,"18_support, 0",18_support
3436,0,0,18_support,I consider my mom as my support.,"18_support, 0",18_support
3437,0,0,18_support,I consider my grandpa as my support.,"18_support, 0",18_support
3438,0,0,18_support,I consider my grandma as my support.,"18_support, 0",18_support
3439,0,0,18_support,I consider my boyfriend as my support.,"26_support_social, 0",26_support_social
3440,0,0,18_support,I consider my girlfriend as my support.,"26_support_social, 0",26_support_social
3441,0,0,18_support,I consider my husband as my support.,"18_support, 0",18_support
3442,0,0,18_support,I consider my wife as my support.,"18_support, 0",18_support
3443,0,0,18_support,I consider my fiance as my support.,"18_support, 0",18_support
3444,0,0,18_support,I consider my fiancee as my support.,"18_support, 0",18_support
3445,0,0,18_support,I consider my partner as my support.,"18_support, 0",18_support
3446,0,0,18_support,Family and friends support me.,"26_support_social, 0",26_support_social
3447,0,0,18_support,My best friends support me.,"26_support_social, 0",26_support_social
3448,0,0,18_support,My parents support me.,"18_support, 0",18_support
3449,0,0,18_support,My boyfriend support me.,"26_support_social, 0",26_support_social
3450,0,0,18_support,My girlfriend support me.,"26_support_social, 0",26_support_social
3451,0,0,18_support,My husband support me.,"18_support, 0",18_support
3452,0,0,18_support,My wife support me.,"18_support, 0",18_support
3453,0,0,18_support,My fiance support me.,"18_support, 0",18_support
3454,0,0,18_support,My fiancee support me.,"18_support, 0",18_support
3455,0,0,18_support,My wife is always with me and provide support and help.,"18_support, 0",18_support
3456,0,0,18_support,My parents is always with me and provide support and help.,"18_support, 0",18_support
3457,0,0,18_support,My boyfriend is always with me and provide support and help.,"26_support_social, 0",26_support_social
3458,0,0,18_support,My girlfriend is always with me and provide support and help.,"26_support_social, 0",26_support_social
3459,0,0,18_support,My husband is always with me and provide support and help.,"18_support, 0",18_support
3460,0,0,18_support,My fiance is always with me and provide support and help.,"18_support, 0",18_support
3461,0,0,18_support,My fiancee is always with me and provide support and help.,"18_support, 0",18_support
3462,0,0,18_support,My family and friends support and help me a lot.,"26_support_social, 0",26_support_social
3463,0,0,18_support,I know my family can support me whenever I need them.,"18_support, 0",18_support
3464,0,0,18_support,My parents are always supportive when I need help.,"18_support, 0",18_support
3465,0,0,18_support,I have a strong support system from my family.,"18_support, 0",18_support
3466,0,0,18_support,"Whenever I’m in trouble, my family steps up to help me.","18_support, 0",18_support
3467,0,0,18_support,I know I can count on my parents when things get tough.,"18_support, 0",18_support
3468,0,0,18_support,My partner listens to me and gives emotional support when I need it.,"18_support, 0",18_support
3469,0,0,18_support,"My siblings and I talk regularly, and they always check in on me.","18_support, 0",18_support
3470,0,0,18_support,"Even when we’re far apart, my family shows their love and care.","18_support, 0",18_support
3471,0,0,18_support,I’ve felt emotionally and practically supported by my spouse.,"18_support, 0",18_support
3472,0,0,18_support,I receive both financial and emotional support from my parents.,"18_support, 0",18_support
3473,0,0,18_support,"My family attends important events in my life, and it means a lot.","18_support, 0",18_support
3474,0,0,18_support,"When I’m struggling, my mom is just a phone call away.","18_support, 0",18_support
3475,0,0,18_support,My grandparent gives me the best advice and emotional comfort.,"18_support, 0",18_support
3476,0,0,18_support,My cousin often helps me out with errands and is always there.,"18_support, 0",18_support
3477,0,0,18_support,I feel connected and cared for in my family.,"18_support, 0",18_support
3478,0,0,18_support,"We may not talk every day, but I know my family has my back.","18_support, 0",18_support
3479,0,0,18_support,My family understands me and accepts me as I am.,"18_support, 0",18_support
3480,0,0,18_support,"Lately, My siblings and I talk regularly, and they always check in on me, even though we're in different cities.","18_support, 0",18_support
3481,0,0,18_support,"In the past few weeks, I’ve felt emotionally and practically supported by my spouse, but sometimes I wish they understood me better.","18_support, 0",18_support
3482,0,0,18_support,"Recently, My grandparent gives me the best advice and emotional comfort, even if I don't always express it.","18_support, 0",18_support
3483,0,0,18_support,"Right now, I receive both financial and emotional support from my parents, which makes me feel more secure.","18_support, 0",18_support
3484,0,0,18_support,"In the past few weeks, My family attends important events in my life, and it means a lot, which makes me feel more secure.","18_support, 0",18_support
3485,0,0,18_support,"In the past few weeks, My grandparent gives me the best advice and emotional comfort, even though we don’t talk every day.","18_support, 0",18_support
3486,0,1,18_support,"Currently, My family attends important events in my life, and it means a lot, but sometimes I wish they understood me better.","19_family_relationship, 1",19_family_relationship
3487,0,0,18_support,"Currently, Whenever I’m in trouble, my family steps up to help me, despite our differences in opinions.","18_support, 0",18_support
3488,0,0,18_support,"Currently, My partner listens to me and gives emotional support when I need it, despite our differences in opinions.","18_support, 0",18_support
3489,0,0,18_support,"In the past few weeks, I have a strong support system from my family, especially when I'm going through a hard time.","18_support, 0",18_support
3490,0,1,18_support,"In the past few weeks, I receive both financial and emotional support from my parents, but sometimes I wish they understood me better.","19_family_relationship, 1",19_family_relationship
3491,0,0,18_support,"Lately, I receive both financial and emotional support from my parents, though we have some disagreements.","18_support, 0",18_support
3492,0,0,18_support,"Recently, My partner listens to me and gives emotional support when I need it, though we have some disagreements.","18_support, 0",18_support
3493,0,0,18_support,"Right now, I’ve felt emotionally and practically supported by my spouse, despite our differences in opinions.","18_support, 0",18_support
3494,0,0,18_support,"In the past few weeks, My grandparent gives me the best advice and emotional comfort, especially when I'm going through a hard time.","18_support, 0",18_support
3495,0,0,18_support,"Lately, I feel connected and cared for in my family, though we have some disagreements.","18_support, 0",18_support
3496,0,0,18_support,"In the past few weeks, I know I can count on my parents when things get tough.","18_support, 0",18_support
3497,0,0,18_support,"Right now, I have a strong support system from my family.","18_support, 0",18_support
3498,0,0,18_support,"In the past few weeks, My family understands me and accepts me as I am, even though we don’t talk every day.","18_support, 0",18_support
3499,0,0,18_support,"Right now, I know I can count on my parents when things get tough, which makes me feel more secure.","18_support, 0",18_support
3500,0,1,18_support,"Recently, My family attends important events in my life, and it means a lot, but sometimes I wish they understood me better.","18_support, 1",18_support
3501,0,0,18_support,"Currently, I feel connected and cared for in my family, which makes me feel more secure.","18_support, 0",18_support
3502,0,0,18_support,"Right now, We may not talk every day, but I know my family has my back.","18_support, 0",18_support
3503,0,1,18_support,"Right now, My family understands me and accepts me as I am, although sometimes it takes effort to ask for help.","18_support, 1",18_support
3504,0,0,18_support,"Right now, I receive both financial and emotional support from my parents, even though we're in different cities.","18_support, 0",18_support
3505,0,0,18_support,"In the past few weeks, We may not talk every day, but I know my family has my back, even though we're in different cities.","18_support, 0",18_support
3506,0,0,18_support,"Recently, I receive both financial and emotional support from my parents, despite our differences in opinions.","18_support, 0",18_support
3507,0,0,18_support,"Currently, I receive both financial and emotional support from my parents, even though we don’t talk every day.","18_support, 0",18_support
3508,0,0,18_support,"Currently, My partner listens to me and gives emotional support when I need it, even though we're in different cities.","26_support_social, 0",26_support_social
3509,0,0,18_support,"Currently, Even when we’re far apart, my family shows their love and care.","18_support, 0",18_support
3510,0,0,18_support,"Lately, I know I can count on my parents when things get tough, although sometimes it takes effort to ask for help.","18_support, 0",18_support
3511,0,1,18_support,"In the past few weeks, I’ve felt emotionally and practically supported by my spouse, although sometimes it takes effort to ask for help.","18_support, 1",18_support
3512,0,0,18_support,"In the past few weeks, Whenever I’m in trouble, my family steps up to help me, though we have some disagreements.","18_support, 0",18_support
3513,0,0,18_support,"Right now, Even when we’re far apart, my family shows their love and care.","18_support, 0",18_support
3514,0,0,18_support,"Right now, I’ve felt emotionally and practically supported by my spouse, especially when I'm going through a hard time.","18_support, 0",18_support
3515,0,0,18_support,"In the past few weeks, We may not talk every day, but I know my family has my back, though we have some disagreements.","18_support, 0",18_support
3516,0,1,18_support,"Right now, My family understands me and accepts me as I am, but sometimes I wish they understood me better.","18_support, 1",18_support
3517,0,1,18_support,"Lately, We may not talk every day, but I know my family has my back, but sometimes I wish they understood me better.","19_family_relationship, 1",19_family_relationship
3518,0,0,18_support,"Right now, I receive both financial and emotional support from my parents, especially when I'm going through a hard time.","18_support, 0",18_support
3519,0,0,18_support,"Currently, My siblings and I talk regularly, and they always check in on me, though we have some disagreements.","18_support, 0",18_support
3520,0,0,18_support,"Right now, My family attends important events in my life, and it means a lot.","18_support, 0",18_support
3521,0,0,18_support,"Recently, My family understands me and accepts me as I am, despite our differences in opinions.","18_support, 0",18_support
3522,0,0,18_support,"Right now, My partner listens to me and gives emotional support when I need it, even though we're in different cities.","26_support_social, 0",26_support_social
3523,0,0,18_support,"Right now, Even when we’re far apart, my family shows their love and care, though we have some disagreements.","18_support, 0",18_support
3524,0,0,18_support,"In the past few weeks, We may not talk every day, but I know my family has my back, which makes me feel more secure.","18_support, 0",18_support
3525,0,0,18_support,"In the past few weeks, When I’m struggling, my mom is just a phone call away.","18_support, 0",18_support
3526,0,0,18_support,"Lately, My family understands me and accepts me as I am, though we have some disagreements.","18_support, 0",18_support
3527,0,0,18_support,"Recently, When I’m struggling, my mom is just a phone call away, especially when I'm going through a hard time.","18_support, 0",18_support
3528,1,1,18_support,"I get some support from my family, but not consistently.","18_support, 1",18_support
3529,1,1,18_support,"My parents help me sometimes, but we aren’t very close.","19_family_relationship, 1",19_family_relationship
3530,1,1,18_support,"My partner is there, but doesn’t always understand what I need.","18_support, 1",18_support
3531,1,1,18_support,"My family supports me financially, but emotionally it's harder.","18_support, 1",18_support
3532,1,1,18_support,Sometimes I feel like I’m bothering my family when I ask for help.,"18_support, 1",18_support
3533,1,1,18_support,"We check in occasionally, but it’s mostly small talk.","7_emo, 1",7_emo
3534,1,1,18_support,I wish my family were more involved in my life.,"18_support, 1",18_support
3535,1,1,18_support,"They care about me, but they don’t really know what’s going on.","18_support, 1",18_support
3536,1,1,18_support,I’ve been trying to reconnect with my siblings lately.,"19_family_relationship, 1",19_family_relationship
3537,1,1,18_support,"My parents try to help, but we often misunderstand each other.","19_family_relationship, 1",19_family_relationship
3538,1,1,18_support,"I don’t feel entirely alone, but the support I get is limited.","26_support_social, 1",26_support_social
3539,1,1,18_support,"I get help when I ask for it, but I have to reach out first.","26_support_social, 1",26_support_social
3540,1,1,18_support,"We’ve had conflicts, so it’s hard to rely on them emotionally.","26_support_social, 1",26_support_social
3541,1,1,18_support,They show support in practical ways but not emotionally.,"26_support_social, 1",26_support_social
3542,1,1,18_support,"Sometimes I get support, but sometimes I feel left out.","26_support_social, 1",26_support_social
3543,1,1,18_support,"In the past few weeks, they show support in practical ways but not emotionally, which makes me feel more secure.","26_support_social, 1",26_support_social
3544,1,1,18_support,"In the past few weeks, I get some support from my family, but not consistently, even though we're in different cities.","18_support, 1",18_support
3545,1,1,18_support,"Right now, We check in occasionally, but it’s mostly small talk, despite our differences in opinions.","27_relationship_social, 1",27_relationship_social
3546,1,1,18_support,"Right now, We check in occasionally, but it’s mostly small talk, even if I don't always express it.","7_emo, 1",7_emo
3547,1,1,18_support,"Right now, Sometimes I feel like I’m bothering my family when I ask for help, though we have some disagreements.","18_support, 1",18_support
3548,1,1,18_support,"Currently, they show support in practical ways but not emotionally, even though we don’t talk every day.","26_support_social, 1",26_support_social
3549,1,1,18_support,"Right now, I get some support from my family, but not consistently.","18_support, 1",18_support
3550,1,1,18_support,"Lately, We check in occasionally, but it’s mostly small talk, despite our differences in opinions.","27_relationship_social, 1",27_relationship_social
3551,1,1,18_support,"Lately, We’ve had conflicts, so it’s hard to rely on them emotionally, especially when I'm going through a hard time.","26_support_social, 1",26_support_social
3552,1,1,18_support,"Lately, My family supports me financially, but emotionally it's harder, despite our differences in opinions.","18_support, 1",18_support
3553,1,1,18_support,"Lately, My parents try to help, but we often misunderstand each other, although sometimes it takes effort to ask for help.","18_support, 1",18_support
3554,1,1,18_support,"In the past few weeks, My partner is there, but doesn’t always understand what I need, which makes me feel more secure.","18_support, 1",18_support
3555,1,1,18_support,"Lately, My parents try to help, but we often misunderstand each other, despite our differences in opinions.","19_family_relationship, 1",19_family_relationship
3556,1,1,18_support,"Right now, I get help when I ask for it, but I have to reach out first, even though we're in different cities.","26_support_social, 1",26_support_social
3557,1,1,18_support,"Currently, My partner is there, but doesn’t always understand what I need, but sometimes I wish they understood me better.","19_family_relationship, 1",19_family_relationship
3558,1,1,18_support,"Recently, I get help when I ask for it, but I have to reach out first, even though we don’t talk every day.","26_support_social, 1",26_support_social
3559,1,1,18_support,"In the past few weeks, Sometimes I feel like I’m bothering my family when I ask for help, even though we don’t talk every day.","18_support, 1",18_support
3560,1,1,18_support,"Recently, I get some support from my family, but not consistently, even though we're in different cities.","18_support, 1",18_support
3561,1,1,18_support,"Recently, I don’t feel entirely alone, but the support I get is limited, though we have some disagreements.","26_support_social, 1",26_support_social
3562,1,1,18_support,"Right now, I get help when I ask for it, but I have to reach out first, despite our differences in opinions.","26_support_social, 1",26_support_social
3563,1,1,18_support,"Lately, I get help when I ask for it, but I have to reach out first, even though we're in different cities.","26_support_social, 1",26_support_social
3564,1,1,18_support,"Recently, We’ve had conflicts, so it’s hard to rely on them emotionally, even though we don’t talk every day.","26_support_social, 1",26_support_social
3565,1,1,18_support,"Recently, We’ve had conflicts, so it’s hard to rely on them emotionally, especially when I'm going through a hard time.","18_support, 1",18_support
3566,1,1,18_support,"Currently, I’ve been trying to reconnect with my siblings lately, though we have some disagreements.","19_family_relationship, 1",19_family_relationship
3567,1,1,18_support,"Currently, My parents help me sometimes, but we aren’t very close.","18_support, 1",18_support
3568,1,1,18_support,"Currently, I get some support from my family, but not consistently, though we have some disagreements.","18_support, 1",18_support
3569,1,1,18_support,"Right now, My parents help me sometimes, but we aren’t very close, though we have some disagreements.","19_family_relationship, 1",19_family_relationship
3570,1,1,18_support,"Currently, I don’t feel entirely alone, but the support I get is limited, which makes me feel more secure.","26_support_social, 1",26_support_social
3571,1,1,18_support,"In the past few weeks, I wish my family were more involved in my life, although sometimes it takes effort to ask for help.","18_support, 1",18_support
3572,1,1,18_support,"Recently, I don’t feel entirely alone, but the support I get is limited, even though we're in different cities.","26_support_social, 1",26_support_social
3573,1,1,18_support,"Recently, We’ve had conflicts, so it’s hard to rely on them emotionally.","26_support_social, 1",26_support_social
3574,1,1,18_support,"Right now, they care about me, but they don’t really know what’s going on, though we have some disagreements.","18_support, 1",18_support
3575,1,1,18_support,"Recently, Sometimes I feel like I’m bothering my family when I ask for help, even if I don't always express it.","18_support, 1",18_support
3576,1,1,18_support,"In the past few weeks, they show support in practical ways but not emotionally, even though we don’t talk every day.","26_support_social, 1",26_support_social
3577,1,1,18_support,"Currently, Sometimes I get support, but sometimes I feel left out, which makes me feel more secure.","26_support_social, 1",26_support_social
3578,1,1,18_support,"In the past few weeks, We’ve had conflicts, so it’s hard to rely on them emotionally, which makes me feel more secure.","26_support_social, 1",26_support_social
3579,1,1,18_support,"Recently, My parents try to help, but we often misunderstand each other, though we have some disagreements.","18_support, 1",18_support
3580,1,1,18_support,"Currently, I get some support from my family, but not consistently, which makes me feel more secure.","18_support, 1",18_support
3581,1,1,18_support,"Currently, My partner is there, but doesn’t always understand what I need, which makes me feel more secure.","26_support_social, 1",26_support_social
3582,1,1,18_support,"In the past few weeks, We check in occasionally, but it’s mostly small talk, even though we're in different cities.","26_support_social, 1",26_support_social
3583,1,1,18_support,"Currently, Sometimes I feel like I’m bothering my family when I ask for help, but sometimes I wish they understood me better.","18_support, 1",18_support
3584,1,1,18_support,"Currently, I’ve been trying to reconnect with my siblings lately, especially when I'm going through a hard time.","19_family_relationship, 1",19_family_relationship
3585,1,1,18_support,"Recently, My family supports me financially, but emotionally it's harder, even though we don’t talk every day.","18_support, 1",18_support
3586,1,1,18_support,"In the past few weeks, I get help when I ask for it, but I have to reach out first, though we have some disagreements.","26_support_social, 1",26_support_social
3587,1,1,18_support,"Right now, I’ve been trying to reconnect with my siblings lately, despite our differences in opinions.","19_family_relationship, 1",19_family_relationship
3588,1,1,18_support,"Right now, I don’t feel entirely alone, but the support I get is limited, which makes me feel more secure.","26_support_social, 1",26_support_social
3589,1,1,18_support,"Right now, We’ve had conflicts, so it’s hard to rely on them emotionally, especially when I'm going through a hard time.","26_support_social, 1",26_support_social
3590,1,1,18_support,"Lately, Sometimes I feel like I’m bothering my family when I ask for help, despite our differences in opinions.","18_support, 1",18_support
3591,1,1,18_support,"Currently, I don’t feel entirely alone, but the support I get is limited, but sometimes I wish they understood me better.","26_support_social, 1",26_support_social
3592,1,1,18_support,"Currently, they care about me, but they don’t really know what’s going on.","26_support_social, 1",26_support_social
3593,2,2,18_support,I feel completely unsupported by my family.,"18_support, 2",18_support
3594,2,2,18_support,"We don’t talk anymore, so I have no one to rely on at home.","18_support, 2",18_support
3595,2,2,18_support,"Every time I reach out, they ignore or dismiss me.","26_support_social, 2",26_support_social
3596,2,2,18_support,I’ve had to cut ties with my family because of toxic behavior.,"19_family_relationship, 2",19_family_relationship
3597,2,1,18_support,They judge me more than they support me.,"26_support_social, 1",26_support_social
3598,2,2,18_support,My partner and I don’t talk anymore — I feel very alone.,"19_family_relationship, 2",19_family_relationship
3599,2,1,18_support,"Even when I was sick, no one checked in on me.","26_support_social, 1",26_support_social
3600,2,1,18_support,It feels like I’m invisible in my own family.,"18_support, 1",18_support
3601,2,1,18_support,I’ve stopped expecting emotional support from them.,"26_support_social, 1",26_support_social
3602,2,1,18_support,"They see my struggles, but act like nothing’s wrong.","26_support_social, 1",26_support_social
3603,2,1,18_support,My family always criticizes me instead of helping.,"18_support, 1",18_support
3604,2,2,18_support,"Growing up, I never learned what support even feels like.","18_support, 2",18_support
3605,2,1,18_support,I feel more like a burden to them than someone they care about.,"26_support_social, 1",26_support_social
3606,2,1,18_support,They blame me for things that aren’t my fault.,"27_relationship_social, 1",27_relationship_social
3607,2,2,18_support,There’s been a lot of conflict and now we’re estranged.,"19_family_relationship, 2",19_family_relationship
3608,2,2,18_support,"Recently, My partner and I don’t talk anymore — I feel very alone, though we have some disagreements.","19_family_relationship, 2",19_family_relationship
3609,2,2,18_support,"Recently, My partner and I don’t talk anymore — I feel very alone, even if I don't always express it.","19_family_relationship, 2",19_family_relationship
3610,2,1,18_support,"Right now, they judge me more than they support me, even though we're in different cities.","26_support_social, 1",26_support_social
3611,2,2,18_support,"Currently, I’ve had to cut ties with my family because of toxic behavior, even though we don’t talk every day.","19_family_relationship, 2",19_family_relationship
3612,2,2,18_support,"In the past few weeks, My partner and I don’t talk anymore — I feel very alone, even though we don’t talk every day.","19_family_relationship, 2",19_family_relationship
3613,2,1,18_support,"Recently, I feel more like a burden to them than someone they care about, although sometimes it takes effort to ask for help.","26_support_social, 1",26_support_social
3614,2,2,18_support,"In the past few weeks, I’ve had to cut ties with my family because of toxic behavior, which makes me feel more secure.","19_family_relationship, 2",19_family_relationship
3615,2,2,18_support,"Currently, Growing up, I never learned what support even feels like, but sometimes I wish they understood me better.","18_support, 2",18_support
3616,2,1,18_support,"Recently, they see my struggles, but act like nothing’s wrong, even though we're in different cities.","26_support_social, 1",26_support_social
3617,2,1,18_support,"Lately, they blame me for things that aren’t my fault, despite our differences in opinions.","27_relationship_social, 1",27_relationship_social
3618,2,1,18_support,"In the past few weeks, they judge me more than they support me, especially when I'm going through a hard time.","26_support_social, 1",26_support_social
3619,2,2,18_support,"Recently, Every time I reach out, they ignore or dismiss me, even though we're in different cities.","26_support_social, 2",26_support_social
3620,2,2,18_support,"Currently, Growing up, I never learned what support even feels like, although sometimes it takes effort to ask for help.","18_support, 2",18_support
3621,2,2,18_support,"Right now, We don’t talk anymore, so I have no one to rely on at home, especially when I'm going through a hard time.","18_support, 2",18_support
3622,2,1,18_support,"Recently, they judge me more than they support me, which makes me feel more secure.","26_support_social, 1",26_support_social
3623,2,1,18_support,"Right now, It feels like I’m invisible in my own family, even if I don't always express it.","19_family_relationship, 1",19_family_relationship
3624,2,2,18_support,"In the past few weeks, I feel completely unsupported by my family, even though we're in different cities.","18_support, 2",18_support
3625,2,1,18_support,"Right now, It feels like I’m invisible in my own family, even though we don’t talk every day.","19_family_relationship, 1",19_family_relationship
3626,2,1,18_support,"Recently, My family always criticizes me instead of helping, especially when I'm going through a hard time.","18_support, 1",18_support
3627,2,2,18_support,"In the past few weeks, Every time I reach out, they ignore or dismiss me, but sometimes I wish they understood me better.","26_support_social, 2",26_support_social
3628,2,2,18_support,"Currently, We don’t talk anymore, so I have no one to rely on at home, despite our differences in opinions.","18_support, 2",18_support
3629,2,1,18_support,"Lately, I’ve stopped expecting emotional support from them, though we have some disagreements.","26_support_social, 1",26_support_social
3630,2,1,18_support,"Recently, they see my struggles, but act like nothing’s wrong, but sometimes I wish they understood me better.","26_support_social, 1",26_support_social
3631,2,1,18_support,"In the past few weeks, I feel more like a burden to them than someone they care about.","26_support_social, 1",26_support_social
3632,2,1,18_support,"Currently, they blame me for things that aren’t my fault, but sometimes I wish they understood me better.","27_relationship_social, 1",27_relationship_social
3633,2,1,18_support,"Right now, they judge me more than they support me, but sometimes I wish they understood me better.","26_support_social, 1",26_support_social
3634,2,2,18_support,"Recently, I feel completely unsupported by my family, but sometimes I wish they understood me better.","18_support, 2",18_support
3635,2,1,18_support,"Lately, I feel more like a burden to them than someone they care about, despite our differences in opinions.","26_support_social, 1",26_support_social
3636,2,1,18_support,"In the past few weeks, they judge me more than they support me, even though we don’t talk every day.","26_support_social, 1",26_support_social
3637,2,2,18_support,"In the past few weeks, I’ve had to cut ties with my family because of toxic behavior, although sometimes it takes effort to ask for help.","19_family_relationship, 2",19_family_relationship
3638,2,2,18_support,"Recently, We don’t talk anymore, so I have no one to rely on at home, although sometimes it takes effort to ask for help.","18_support, 2",18_support
3639,2,1,18_support,"Lately, even when I was sick, no one checked in on me, which makes me feel more secure.","26_support_social, 1",26_support_social
3640,2,1,18_support,"Recently, It feels like I’m invisible in my own family, even though we're in different cities.","18_support, 1",18_support
3641,2,2,18_support,"Lately, I’ve had to cut ties with my family because of toxic behavior, even though we're in different cities.","19_family_relationship, 2",19_family_relationship
3642,2,2,18_support,"Currently, Growing up, I never learned what support even feels like, which makes me feel more secure.","18_support, 2",18_support
3643,2,1,18_support,"Lately, my family always criticizes me instead of helping, despite our differences in opinions.","18_support, 1",18_support
3644,2,1,18_support,"Currently, I feel more like a burden to them than someone they care about, but sometimes I wish they understood me better.","26_support_social, 1",26_support_social
3645,2,1,18_support,"In the past few weeks, Even when I was sick, no one checked in on me, even though we don’t talk every day.","26_support_social, 1",26_support_social
3646,2,2,18_support,"Recently, I’ve had to cut ties with my family because of toxic behavior, although sometimes it takes effort to ask for help.","19_family_relationship, 2",19_family_relationship
3647,2,1,18_support,"Currently, they blame me for things that aren’t my fault, although sometimes it takes effort to ask for help.","27_relationship_social, 1",27_relationship_social
3648,2,2,18_support,"Lately, I feel completely unsupported by my family, although sometimes it takes effort to ask for help.","18_support, 2",18_support
3649,2,1,18_support,"Currently, they see my struggles, but act like nothing’s wrong, but sometimes I wish they understood me better.","26_support_social, 1",26_support_social
3650,2,1,18_support,"Currently, It feels like I’m invisible in my own family, even though we don’t talk every day.","19_family_relationship, 1",19_family_relationship
3651,2,2,18_support,"Right now, growing up, I never learned what support even feels like, even though we're in different cities.","18_support, 2",18_support
3652,2,1,18_support,"Recently, It feels like I’m invisible in my own family, which makes me feel more secure.","19_family_relationship, 1",19_family_relationship
3653,2,2,18_support,I cannot get any support from my family.,"18_support, 2",18_support
3654,2,2,18_support,No one in my family provides support to me.,"18_support, 2",18_support
3655,2,1,18_support,No one in my family is really on my back.,"18_support, 1",18_support
3656,2,2,18_support,I don't have family member on my side.,"18_support, 2",18_support
3657,2,2,18_support,I never expect any support from my family.,"18_support, 2",18_support
3658,2,2,18_support,My family only give me burden.,"18_support, 2",18_support
3659,2,2,18_support,My parents are not supportive at all.,"18_support, 2",18_support
3660,2,2,18_support,My family members are not supportive at all.,"18_support, 2",18_support
3661,2,2,18_support,My wife is not supportive at all.,"18_support, 2",18_support
3662,2,1,18_support,My husband is not supportive at all.,"18_support, 1",18_support
3663,0,0,19_family_relationship,I get along well with my family.,"19_family_relationship, 0",19_family_relationship
3664,0,0,19_family_relationship,I love my family.,"19_family_relationship, 0",19_family_relationship
3665,0,0,19_family_relationship,My family is full of love.,"19_family_relationship, 0",19_family_relationship
3666,0,0,19_family_relationship,I talk to my family a lot.,"6_talk, 0",6_talk
3667,0,0,19_family_relationship,I love my husband and we are sweet.,"19_family_relationship, 0",19_family_relationship
3668,0,0,19_family_relationship,I love my wife and we are sweet.,"19_family_relationship, 0",19_family_relationship
3669,0,0,19_family_relationship,I have a cute family.,"19_family_relationship, 0",19_family_relationship
3670,0,0,19_family_relationship,The relationship with my family is good.,"19_family_relationship, 0",19_family_relationship
3671,0,0,19_family_relationship,My family members get along well with each other.,"19_family_relationship, 0",19_family_relationship
3672,0,0,19_family_relationship,"I feel very close to my family, and we share everything.","19_family_relationship, 0",19_family_relationship
3673,0,0,19_family_relationship,My parents and I talk almost every day and get along well.,"19_family_relationship, 0",19_family_relationship
3674,0,0,19_family_relationship,I enjoy spending holidays and weekends with my family.,"19_family_relationship, 0",19_family_relationship
3675,0,0,19_family_relationship,There’s a strong bond between me and my siblings.,"19_family_relationship, 0",19_family_relationship
3676,0,0,19_family_relationship,We support each other no matter what happens.,"26_support_social, 0",26_support_social
3677,0,0,19_family_relationship,I feel loved and accepted by my family members.,"19_family_relationship, 0",19_family_relationship
3678,0,0,19_family_relationship,My family makes me feel safe and understood.,"18_support, 0",18_support
3679,0,0,19_family_relationship,We enjoy family dinners and outings together.,"19_family_relationship, 0",19_family_relationship
3680,0,0,19_family_relationship,My children and I spend quality time together regularly.,"19_family_relationship, 0",19_family_relationship
3681,0,0,19_family_relationship,"Even if we argue sometimes, we always resolve things calmly.","19_family_relationship, 0",19_family_relationship
3682,0,0,19_family_relationship,We laugh a lot and have fun when we're together.,"27_relationship_social, 0",27_relationship_social
3683,0,0,19_family_relationship,I trust my family deeply and feel grateful for them.,"19_family_relationship, 0",19_family_relationship
3684,0,0,19_family_relationship,My family listens when I need someone to talk to.,"18_support, 0",18_support
3685,0,0,19_family_relationship,My partner and I communicate well and care deeply for each other.,"19_family_relationship, 0",19_family_relationship
3686,0,0,19_family_relationship,"In the past year, I enjoy spending holidays and weekends with my family.","19_family_relationship, 0",19_family_relationship
3687,0,0,19_family_relationship,"Lately, my parents and I talk almost every day and get along well.","19_family_relationship, 0",19_family_relationship
3688,0,0,19_family_relationship,"In the past year, my family listens when I need someone to talk to.","18_support, 0",18_support
3689,0,0,19_family_relationship,"Nowadays, my family makes me feel safe and understood.","18_support, 0",18_support
3690,0,0,19_family_relationship,"Lately, even if we argue sometimes, we always resolve things calmly, and I’ve been debating whether to reach out again.","27_relationship_social, 0",27_relationship_social
3691,0,0,19_family_relationship,"Recently, I have a respectful and caring relationship with my spouse and we are practicing celebrating birthdays and holidays together no matter how busy we are.","19_family_relationship, 0",19_family_relationship
3692,0,0,19_family_relationship,"Recently, we support each other no matter what happens, and I’ve been debating whether to reach out again.","26_support_social, 0",26_support_social
3693,0,2,19_family_relationship,"In the past year, we laugh a lot and have fun when we're together, and it’s one of the hardest parts of my life right now.","27_relationship_social, 2",27_relationship_social
3694,0,0,19_family_relationship,"Nowadays, I feel loved and accepted by my family members, but we still try to celebrate birthdays and holidays together.","19_family_relationship, 0",19_family_relationship
3695,0,0,19_family_relationship,"Lately, my partner and I communicate well and care deeply for each other, and it’s one of the happiest parts of my life right now.","19_family_relationship, 0",19_family_relationship
3696,0,1,19_family_relationship,"To be honest, my family makes me feel safe and understood, and we haven’t been able to repair the trust yet.","19_family_relationship, 1",19_family_relationship
3697,0,0,19_family_relationship,"To be honest, my parents and I talk almost every day and get along well, which never makes me feel isolated even when I’m with them.","19_family_relationship, 0",19_family_relationship
3698,0,0,19_family_relationship,"Nowadays, I feel loved and accepted by my family members, and we’ve been making an effort to stay connected through weekly calls.","18_support, 0",18_support
3699,0,0,19_family_relationship,"Recently, there’s a strong bond between me and my siblings.","19_family_relationship, 0",19_family_relationship
3700,0,0,19_family_relationship,"Nowadays, we laugh a lot and have fun when we're together and we spend a lot of time with each other.","27_relationship_social, 0",27_relationship_social
3701,0,0,19_family_relationship,My children and I spend quality time together regularly after I get back home from work.,"19_family_relationship, 0",19_family_relationship
3702,0,0,19_family_relationship,I am blocking at least one hour every day for the joyful family time.,"19_family_relationship, 0",19_family_relationship
3703,0,0,19_family_relationship,"Even when we're busy, my family makes time for each other.","18_support, 0",18_support
3704,0,0,19_family_relationship,My relationship with my spouse and kids is loving and strong.,"19_family_relationship, 0",19_family_relationship
3705,0,0,19_family_relationship,We laugh a lot together — my family brings joy to my life.,"19_family_relationship, 0",19_family_relationship
3706,0,0,19_family_relationship,I can always talk to my parents about anything.,"18_support, 0",18_support
3707,0,0,19_family_relationship,My siblings and I support each other through everything.,"18_support, 0",18_support
3708,0,0,19_family_relationship,"Even if we argue sometimes, we always make up quickly.","27_relationship_social, 0",27_relationship_social
3709,0,0,19_family_relationship,"At the moment, my relationship with my spouse and kids is loving and strong, which has helped me through a lot.","19_family_relationship, 0",19_family_relationship
3710,0,0,19_family_relationship,There’s a lot of trust and understanding in our family.,"19_family_relationship, 0",19_family_relationship
3711,0,0,19_family_relationship,We have regular family calls that keep us connected.,"18_support, 0",18_support
3712,0,0,19_family_relationship,"These days, I have a peaceful and joyful family life, and I treasure those moments more than ever.","19_family_relationship, 0",19_family_relationship
3713,0,0,19_family_relationship,"Recently, my family respects my decisions and gives me space, and it makes a big difference in my emotional wellbeing.","18_support, 0",18_support
3714,0,0,19_family_relationship,"In recent months, I can always talk to my parents about anything, even though we don’t always see eye to eye.","18_support, 0",18_support
3715,1,1,19_family_relationship,"We try to stay in touch, but it’s not always easy.","27_relationship_social, 1",27_relationship_social
3716,1,1,19_family_relationship,"There’s love between us, but also some unresolved tension.","19_family_relationship, 1",19_family_relationship
3717,1,1,19_family_relationship,I wish we communicated better in my family.,"19_family_relationship, 1",19_family_relationship
3718,1,1,19_family_relationship,"We used to be closer, but things have changed.","27_relationship_social, 1",27_relationship_social
3719,1,1,19_family_relationship,"My family means well, but we don’t always understand each other.","19_family_relationship, 1",19_family_relationship
3720,1,1,19_family_relationship,Sometimes our conversations turn into arguments.,"27_relationship_social, 1",27_relationship_social
3721,1,1,19_family_relationship,"We’ve had our ups and downs, but we still talk.","27_relationship_social, 1",27_relationship_social
3722,1,1,19_family_relationship,"We talk occasionally, mostly around holidays or special events.","19_family_relationship, 1",19_family_relationship
3723,1,1,19_family_relationship,"I love my family, but we clash on many things.","19_family_relationship, 1",19_family_relationship
3724,1,1,19_family_relationship,"My parents care, but they don't really know what I'm going through.","18_support, 1",18_support
3725,1,1,19_family_relationship,There’s a bit of distance between me and my siblings.,"19_family_relationship, 1",19_family_relationship
3726,1,1,19_family_relationship,It’s a complicated relationship — we care but we argue.,"27_relationship_social, 1",27_relationship_social
3727,1,1,19_family_relationship,Sometimes I avoid family gatherings to avoid conflict.,"19_family_relationship, 1",19_family_relationship
3728,1,1,19_family_relationship,"We maintain civility, but there’s not much emotional intimacy.","19_family_relationship, 1",19_family_relationship
3729,1,1,19_family_relationship,"At the moment, there’s a bit of distance between me and my siblings, though we still struggle with some old issues.","19_family_relationship, 1",19_family_relationship
3730,1,1,19_family_relationship,"In recent months, It’s hard to feel emotionally close, though we’re still in contact, and I’m grateful for their understanding and presence.","27_relationship_social, 1",27_relationship_social
3731,1,1,19_family_relationship,"At the moment, I wish we communicated better in my family, and it makes a big difference in my emotional wellbeing.","19_family_relationship, 1",19_family_relationship
3732,1,1,19_family_relationship,"These days, I wish we communicated better in my family, but I wish we had more quality time together.","19_family_relationship, 1",19_family_relationship
3733,1,1,19_family_relationship,"At the moment, sometimes our conversations turn into arguments, but there’s always room for more communication.","27_relationship_social, 1",27_relationship_social
3734,1,1,19_family_relationship,"In recent months, it’s a complicated relationship — we care but we argue, but I wish we had more quality time together.","19_family_relationship, 1",19_family_relationship
3735,1,1,19_family_relationship,"These days, sometimes our conversations turn into arguments, though we still struggle with some old issues.","19_family_relationship, 1",19_family_relationship
3736,1,0,19_family_relationship,"Lately, We’ve had our ups and downs, but we still talk, and I’m grateful for their understanding and presence.","26_support_social, 0",26_support_social
3737,1,1,19_family_relationship,"These days, my parents care, but they don't really know what I'm going through, but I wish we had more quality time together.","18_support, 1",18_support
3738,1,1,19_family_relationship,"Lately, I wish we communicated better in my family, which has helped me through a lot.","19_family_relationship, 1",19_family_relationship
3739,1,1,19_family_relationship,"Recently, we used to be closer, but things have changed, but I wish we had more quality time together.","19_family_relationship, 1",19_family_relationship
3740,1,1,19_family_relationship,"Lately, my family means well, but we don’t always understand each other, but I still miss how things used to be.","19_family_relationship, 1",19_family_relationship
3741,2,1,19_family_relationship,I don’t feel emotionally safe around my family.,"19_family_relationship, 1",19_family_relationship
3742,2,1,19_family_relationship,Every interaction with them feels like walking on eggshells.,"27_relationship_social, 1",27_relationship_social
3743,2,1,19_family_relationship,We’ve stopped talking because things became too toxic.,"27_relationship_social, 1",27_relationship_social
3744,2,2,19_family_relationship,My family has never accepted who I am.,"19_family_relationship, 2",19_family_relationship
3745,2,1,19_family_relationship,They’ve hurt me deeply and never apologized.,"27_relationship_social, 1",27_relationship_social
3746,2,1,19_family_relationship,Family dinners are always filled with tension and arguments.,"19_family_relationship, 1",19_family_relationship
3747,2,1,19_family_relationship,I feel drained after every conversation with them.,"27_relationship_social, 1",27_relationship_social
3748,2,1,19_family_relationship,They criticize my life choices constantly.,"26_support_social, 1",26_support_social
3749,2,1,19_family_relationship,We haven’t spoken in years due to a big fallout.,"27_relationship_social, 1",27_relationship_social
3750,2,2,19_family_relationship,I don’t have any emotional bond with them anymore.,"27_relationship_social, 2",27_relationship_social
3751,2,1,19_family_relationship,I feel like an outsider in my own family.,"19_family_relationship, 1",19_family_relationship
3752,2,2,19_family_relationship,There’s too much past trauma to move forward with them.,"27_relationship_social, 2",27_relationship_social
3753,2,2,19_family_relationship,I don’t feel loved or supported by any of them.,"18_support, 2",18_support
3754,2,1,19_family_relationship,I’ve learned to live without them in my life.,"26_support_social, 1",26_support_social
3755,2,2,19_family_relationship,"Recently, I don’t feel loved or supported by any of them, but there’s always room for more communication.","26_support_social, 2",26_support_social
3756,2,2,19_family_relationship,"In recent months, they’ve hurt me deeply and never apologized, which has helped me through a lot.","27_relationship_social, 2",27_relationship_social
3757,2,1,19_family_relationship,"These days, I feel like an outsider in my own family, which has helped me through a lot.","19_family_relationship, 1",19_family_relationship
3758,2,1,19_family_relationship,"At the moment, I feel drained after every conversation with them, but there’s always room for more communication.","27_relationship_social, 1",27_relationship_social
3759,2,1,19_family_relationship,"Lately, they criticize my life choices constantly, but I still miss how things used to be.","27_relationship_social, 1",27_relationship_social
3760,2,2,19_family_relationship,"These days, I don’t have any emotional bond with them anymore, and it makes a big difference in my emotional wellbeing.","26_support_social, 2",26_support_social
3761,2,1,19_family_relationship,"Recently, I feel like an outsider in my own family, but I still miss how things used to be.","19_family_relationship, 1",19_family_relationship
3762,2,1,19_family_relationship,"These days, family dinners are always filled with tension and arguments.","19_family_relationship, 1",19_family_relationship
3763,2,1,19_family_relationship,"These days, I’ve learned to live without having my family botherimg me in my life, which has helped me through a lot.","19_family_relationship, 1",19_family_relationship
3764,2,1,19_family_relationship,I don't get along well with my family.,"19_family_relationship, 1",19_family_relationship
3765,2,1,19_family_relationship,I don't like my family.,"19_family_relationship, 1",19_family_relationship
3766,2,1,19_family_relationship,I rarely talk to my family.,"19_family_relationship, 1",19_family_relationship
3767,2,1,19_family_relationship,I hardly ever visit my family.,"19_family_relationship, 1",19_family_relationship
3768,2,1,19_family_relationship,I don't like to talk with my family members.,"19_family_relationship, 1",19_family_relationship
3769,2,1,19_family_relationship,It a waste of time to hang out with my family.,"19_family_relationship, 1",19_family_relationship
3770,2,1,19_family_relationship,There are a lot of troubles with my family.,"19_family_relationship, 1",19_family_relationship
3771,2,2,19_family_relationship,I hate my family.,"19_family_relationship, 2",19_family_relationship
3772,2,2,19_family_relationship,The relationship with my family is terrible.,"19_family_relationship, 2",19_family_relationship
3773,2,1,19_family_relationship,It's hard for me to get along with my family.,"19_family_relationship, 1",19_family_relationship
3774,2,1,19_family_relationship,I don't want to talk to my family.,"19_family_relationship, 1",19_family_relationship
3775,2,2,19_family_relationship,My family is a nightmare for me.,"19_family_relationship, 2",19_family_relationship
3776,2,2,19_family_relationship,I don't want to see my family any more.,"19_family_relationship, 2",19_family_relationship
3777,2,1,19_family_relationship,I haven't been in touch with my family for a long time.,"19_family_relationship, 1",19_family_relationship
3778,2,2,19_family_relationship,My siblings just want to take advantages of me and never care my feelings.,"19_family_relationship, 2",19_family_relationship
3779,2,2,19_family_relationship,My son has been bothering me and repeatedly borrowing money from me to support his gambling habit.,"19_family_relationship, 2",19_family_relationship
3780,2,1,19_family_relationship,Life would be better without having these so called family members.,"19_family_relationship, 1",19_family_relationship
3781,2,1,19_family_relationship,I struggle with my family of origin—they've caused a lot of pain in my life.,"19_family_relationship, 1",19_family_relationship
3782,0,0,20_alcohol,I don’t drink alcohol at all.,"22_substance, 0",22_substance
3783,0,0,20_alcohol,I rarely drink and only during special occasions.,"22_substance, 0",22_substance
3784,0,0,20_alcohol,I prefer not to drink — it’s just not my thing.,"22_substance, 0",22_substance
3785,0,0,20_alcohol,I’m usually the designated driver when we go out.,"22_substance, 0",22_substance
3786,0,0,20_alcohol,Alcohol doesn’t appeal to me.,"22_substance, 0",22_substance
3787,0,0,20_alcohol,I drink maybe once or twice a year at weddings or events.,"22_substance, 0",22_substance
3788,0,0,20_alcohol,I’m more into sparkling water than wine or beer.,"22_substance, 0",22_substance
3789,0,0,20_alcohol,I’ve never liked the taste of alcohol.,"22_substance, 0",22_substance
3790,0,0,20_alcohol,I only drink when I’m with friends and in a good mood.,"22_substance, 0",22_substance
3791,0,0,20_alcohol,"I enjoy an occasional toast, but that’s about it.","22_substance, 0",22_substance
3792,0,0,20_alcohol,I stopped drinking years ago and haven’t missed it.,"22_substance, 0",22_substance
3793,0,0,20_alcohol,I avoid alcohol because of health reasons.,"22_substance, 0",22_substance
3794,0,0,20_alcohol,Drinking isn't a part of my social life.,"22_substance, 0",22_substance
3795,0,0,20_alcohol,"I might have a sip at a party, but never more than that.","22_substance, 0",22_substance
3796,0,0,20_alcohol,I enjoy socializing without needing alcohol.,"22_substance, 0",22_substance
3797,0,1,20_alcohol,"Lately, I’ve never liked the taste of alcohol, and I’m beginning to wonder if it’s becoming a habit.","22_substance, 1",22_substance
3798,0,0,20_alcohol,"In the past few months, I’ve never liked the taste of alcohol.","22_substance, 0",22_substance
3799,0,0,20_alcohol,"Recently, I might have a sip at a party, but never more than that, since I’ve been feeling more isolated.","22_substance, 0",22_substance
3800,0,0,20_alcohol,"These days, I drink maybe once or twice a year at weddings or events, though I’m not always proud of it.","22_substance, 0",22_substance
3801,0,0,20_alcohol,"These days, I only drink when I’m with friends and in a good mood, though I tell myself it’s under control.","22_substance, 0",22_substance
3802,0,0,20_alcohol,"These days, I stopped drinking years ago and haven’t missed it, though I tell myself it’s under control.","22_substance, 0",22_substance
3803,0,1,20_alcohol,"These days, alcohol doesn’t appeal to me, because it helps me wind down after long days.","22_substance, 1",22_substance
3804,0,0,20_alcohol,"Recently, I prefer not to drink — it’s just not my thing, though I tell myself it’s under control.","22_substance, 0",22_substance
3805,0,1,20_alcohol,"In the past few months, drinking isn't a part of my social life, and I’m beginning to wonder if it’s becoming a habit.","22_substance, 1",22_substance
3806,0,0,20_alcohol,"At the moment, I enjoy socializing without needing alcohol.","22_substance, 0",22_substance
3807,0,0,20_alcohol,"At the moment, I avoid alcohol because of health reasons.","22_substance, 0",22_substance
3808,0,0,20_alcohol,"Recently, drinking isn't a part of my social life.","22_substance, 0",22_substance
3809,0,0,20_alcohol,"At the moment, alcohol doesn’t appeal to me, even if I know it’s not the healthiest coping mechanism.","22_substance, 0",22_substance
3810,0,0,20_alcohol,"In the past few months, I avoid alcohol because of health reasons.","22_substance, 0",22_substance
3811,0,0,20_alcohol,"These days, I’m usually the designated driver when we go out, because it helps me wind down after long days.","22_substance, 0",22_substance
3812,0,0,20_alcohol,"In the past few months, I stopped drinking years ago and haven’t missed it, especially when I’m stressed or feeling down.","22_substance, 0",22_substance
3813,0,0,20_alcohol,"Recently, I only drink when I’m with friends and in a good mood.","22_substance, 0",22_substance
3814,0,2,20_alcohol,"Lately, drinking isn't a part of my social life, because it’s become part of my daily routine.","22_substance, 2",22_substance
3815,0,1,20_alcohol,"Recently, alcohol doesn’t appeal to me, and I’m beginning to wonder if it’s becoming a habit.","22_substance, 1",22_substance
3816,0,0,20_alcohol,"At the moment, I drink maybe once or twice a year at weddings or events.","22_substance, 0",22_substance
3817,0,0,20_alcohol,"In the past few months, I rarely drink and only during special and have-to occasions.","22_substance, 0",22_substance
3818,0,0,20_alcohol,"Lately, I enjoy socializing without needing alcohol, even if I know it’s not the healthiest coping mechanism.","22_substance, 0",22_substance
3819,0,0,20_alcohol,"Lately, I might have a sip at a party, but never more than that, though I’m not always proud of it.","22_substance, 0",22_substance
3820,0,0,20_alcohol,"In the past few months, I might have a sip at a party, but never more than that, even when I’m stressed or feeling down.","22_substance, 0",22_substance
3821,0,0,20_alcohol,"In the past few months, I only drink when I’m with friends and in a good mood.","22_substance, 0",22_substance
3822,0,0,20_alcohol,"These days, I drink maybe once or twice a year at weddings or events, because it helps me wind down after long days.","22_substance, 0",22_substance
3823,0,0,20_alcohol,"In the past few months, I enjoy socializing without needing alcohol, and I tell myself it’s under control.","22_substance, 0",22_substance
3824,0,0,20_alcohol,"Recently, I’m more into sparkling water than wine or beer.","22_substance, 0",22_substance
3825,0,0,20_alcohol,"These days, I might have a sip at a party, but never more than that.","22_substance, 0",22_substance
3826,0,0,20_alcohol,"In the past few months, alcohol doesn’t appeal to me, because it doesn't help me wind down after long days.","22_substance, 0",22_substance
3827,0,1,20_alcohol,"At the moment, alcohol doesn’t appeal to me, because it helps me wind down after long days.","20_alcohol, 1",20_alcohol
3828,0,0,20_alcohol,"Recently, I’ve never liked the taste of alcohol, though I’m not always proud of it.","22_substance, 0",22_substance
3829,0,0,20_alcohol,"At the moment, I don’t drink alcohol at all, because I know it’s not the healthiest coping mechanism.","22_substance, 0",22_substance
3830,0,0,20_alcohol,"Lately, I stopped drinking years ago and haven’t missed it.","22_substance, 0",22_substance
3831,0,0,20_alcohol,"Lately, I might have a sip at a party, but never more than that.","22_substance, 0",22_substance
3832,0,1,20_alcohol,"At the moment, I enjoy an occasional toast, but that’s about it, since I’ve been feeling more isolated.","26_support_social, 1",26_support_social
3833,0,1,20_alcohol,"In the past few months, I only drink when I’m with friends and in a good mood, even if I know it’s not the healthiest coping mechanism.","22_substance, 1",22_substance
3834,0,0,20_alcohol,"Lately, I drink maybe once or twice a year at weddings or events, even if I know it’s not the healthiest coping mechanism.","22_substance, 0",22_substance
3835,0,0,20_alcohol,"These days, drinking isn't a part of my social life, even if I know it’s not the healthiest coping mechanism.","22_substance, 0",22_substance
3836,0,1,20_alcohol,"In the past few months, I prefer not to drink — it’s just not my thing, because it helps me wind down after long days.","22_substance, 1",22_substance
3837,0,0,20_alcohol,"In the past few months, I might have a sip at a party, but never more than that.","22_substance, 0",22_substance
3838,0,0,20_alcohol,"In the past few months, I’m more into sparkling water than wine or beer.","22_substance, 0",22_substance
3839,1,0,20_alcohol,I drink socially with friends on weekends.,"22_substance, 0",22_substance
3840,1,0,20_alcohol,I’ll have a glass of wine with dinner occasionally.,"22_substance, 0",22_substance
3841,1,1,20_alcohol,I try to moderate my alcohol consumption.,"22_substance, 1",22_substance
3842,1,0,20_alcohol,"I enjoy going out for drinks, but I don’t overdo it.","22_substance, 0",22_substance
3843,1,0,20_alcohol,"I like the taste of beer, but I keep it under control.","22_substance, 0",22_substance
3844,1,0,20_alcohol,"Drinking is part of my weekend routine, but I stay within limits.","22_substance, 0",22_substance
3845,1,0,20_alcohol,"I sometimes drink alone, but not to the point of intoxication.","22_substance, 0",22_substance
3846,1,0,20_alcohol,I have a drink or two while watching a movie at home.,"22_substance, 0",22_substance
3847,1,1,20_alcohol,"Alcohol helps me relax sometimes, but I try not to rely on it.","22_substance, 1",22_substance
3848,1,0,20_alcohol,I drink during celebrations or get-togethers.,"22_substance, 0",22_substance
3849,1,1,20_alcohol,"Sometimes I drink when I’m bored, but I’m aware of it.","20_alcohol, 1",20_alcohol
3850,1,1,20_alcohol,I’ve been trying to cut back on how often I drink.,"22_substance, 1",22_substance
3851,1,0,20_alcohol,I enjoy a cocktail now and then — it's more for the taste.,"22_substance, 0",22_substance
3852,1,1,20_alcohol,"Drinking helps me socialize, but I don’t drink daily.","22_substance, 1",22_substance
3853,1,1,20_alcohol,"Recently, I drink socially with friends on weekends, even if I know it’s not the healthiest coping mechanism.","22_substance, 1",22_substance
3854,1,1,20_alcohol,"Recently, I enjoy a cocktail now and then — it's more for the taste, though I tell myself it’s under control.","22_substance, 1",22_substance
3855,1,1,20_alcohol,"In the past few months, alcohol helps me relax sometimes, but I try not to rely on it.","22_substance, 1",22_substance
3856,1,1,20_alcohol,"Recently, I like the taste of beer, but I keep it under control.","22_substance, 1",22_substance
3857,1,1,20_alcohol,"Lately, I have a drink or two while watching a movie at home, and I tell myself it’s under control.","22_substance, 1",22_substance
3858,1,1,20_alcohol,"At the moment, I have a drink or two while watching a movie at home, because it’s become part of my daily routine.","22_substance, 1",22_substance
3859,1,1,20_alcohol,"Lately, I have a drink or two while watching a movie at home, because it helps me wind down after long days.","22_substance, 1",22_substance
3860,1,1,20_alcohol,"Lately, I drink socially with friends on weekends, though I tell myself it’s under control.","22_substance, 1",22_substance
3861,1,1,20_alcohol,"These days, I drink socially with friends on weekends, though I’m not always proud of it.","22_substance, 1",22_substance
3862,1,1,20_alcohol,"At the moment, I have a drink or two while watching a movie at home, since I’ve been feeling more isolated.","22_substance, 1",22_substance
3863,1,1,20_alcohol,"Recently, alcohol helps me relax sometimes, but I try not to rely on it, because it helps me wind down after long days.","22_substance, 1",22_substance
3864,1,1,20_alcohol,"Recently, I’ve been trying to cut back on how often I drink, though I tell myself it’s under control.","22_substance, 1",22_substance
3865,1,1,20_alcohol,"Lately, I’ve been trying to cut back on how often I drink, especially when I’m stressed or feeling down.","22_substance, 1",22_substance
3866,1,0,20_alcohol,"Recently, I enjoy going out for drinks, but I don’t overdo it, especially when I’m stressed or feeling down.","22_substance, 0",22_substance
3867,1,1,20_alcohol,"Lately, Sometimes I drink when I’m bored, but I’m aware of it.","22_substance, 1",22_substance
3868,1,1,20_alcohol,"These days, I sometimes drink alone, but not to the point of intoxication.","22_substance, 1",22_substance
3869,1,2,20_alcohol,"In the past few months, I drink during celebrations or get-togethers, because it’s become part of my daily routine.","22_substance, 2",22_substance
3870,1,0,20_alcohol,"At the moment, I enjoy going out for drinks, but I don’t overdo it, as a way to manage my emotions.","22_substance, 0",22_substance
3871,1,1,20_alcohol,"Recently, drinking is part of my weekend routine, but I stay within limits, though I tell myself it’s under control.","22_substance, 1",22_substance
3872,1,1,20_alcohol,"At the moment, I sometimes drink alone, but not to the point of intoxication, as a way to manage my emotions.","22_substance, 1",22_substance
3873,1,0,20_alcohol,"Recently, I drink during celebrations or get-togethers.","22_substance, 0",22_substance
3874,1,1,20_alcohol,"Lately, I like the taste of beer, but I keep it under control, since I’ve been feeling more isolated.","22_substance, 1",22_substance
3875,1,1,20_alcohol,"These days, I try to moderate my alcohol consumption.","22_substance, 1",22_substance
3876,1,1,20_alcohol,"Recently, I enjoy going out for drinks, but I don’t overdo it, since I’ve been feeling more isolated.","26_support_social, 1",26_support_social
3877,1,1,20_alcohol,"At the moment, I sometimes drink to unwind after a long day, but not every day, because it helps me wind down after long days.","22_substance, 1",22_substance
3878,2,2,20_alcohol,I drink heavily almost every night by myself.,"22_substance, 2",22_substance
3879,2,2,20_alcohol,Alcohol has become a way to escape for me.,"22_substance, 2",22_substance
3880,2,2,20_alcohol,"I often drink until I pass out, especially when alone.","22_substance, 2",22_substance
3881,2,1,20_alcohol,My drinking habits have gotten worse in recent months.,"22_substance, 1",22_substance
3882,2,2,20_alcohol,I hide how much I drink from others.,"22_substance, 2",22_substance
3883,2,2,20_alcohol,I’ve started drinking earlier and earlier in the day.,"22_substance, 2",22_substance
3884,2,2,20_alcohol,"Even when I don’t want to, I find myself reaching for alcohol.","22_substance, 2",22_substance
3885,2,2,20_alcohol,Drinking alone has become my coping mechanism.,"22_substance, 2",22_substance
3886,2,2,20_alcohol,I often finish a whole bottle of wine or more by myself.,"22_substance, 2",22_substance
3887,2,2,20_alcohol,I feel like I need alcohol to sleep.,"22_substance, 2",22_substance
3888,2,2,20_alcohol,I’ve missed work or obligations because I was hungover.,"22_substance, 2",22_substance
3889,2,2,20_alcohol,"I know I drink too much, but I don’t know how to stop.","22_substance, 2",22_substance
3890,2,2,20_alcohol,"I’ve tried to cut back, but I always go back to drinking alone.","22_substance, 2",22_substance
3891,2,2,20_alcohol,"Most of my evenings involve alcohol now, even when I’m alone.","22_substance, 2",22_substance
3892,2,2,20_alcohol,"Lately, most of my evenings involve alcohol now, even when I’m alone.","22_substance, 2",22_substance
3893,2,2,20_alcohol,"Lately, I hide how much I drink from others, as a way to manage my emotions.","22_substance, 2",22_substance
3894,2,2,20_alcohol,"At the moment, I drink heavily almost every night by myself, since I’ve been feeling more isolated.","22_substance, 2",22_substance
3895,2,2,20_alcohol,"In the past few months, even when I don’t want to, I find myself reaching for alcohol, though I’m not always proud of it.","22_substance, 2",22_substance
3896,2,2,20_alcohol,"Lately, I hide how much I drink from others, though I tell myself it’s under control.","22_substance, 2",22_substance
3897,2,2,20_alcohol,"Recently, I’ve missed work or obligations because I was hungover.","22_substance, 2",22_substance
3898,2,1,20_alcohol,"Lately, alcohol has become a way to escape for me, because it helps me wind down after long days.","22_substance, 1",22_substance
3899,2,2,20_alcohol,"At the moment, drinking is the only time I feel numb or okay, because it helps me wind down after long days.","22_substance, 2",22_substance
3900,2,2,20_alcohol,"At the moment, most of my evenings involve alcohol now, even when I’m alone, because it’s become part of my daily routine.","22_substance, 2",22_substance
3901,2,2,20_alcohol,"In the past few months, I hide how much I drink from others, though I tell myself it’s under control.","22_substance, 2",22_substance
3902,2,1,20_alcohol,"In the past few months, drinking alone has become my coping mechanism, and I’m beginning to wonder if it’s becoming a habit.","22_substance, 1",22_substance
3903,2,2,20_alcohol,"Recently, I drink heavily almost every night by myself, though I tell myself it’s under control.","22_substance, 2",22_substance
3904,2,2,20_alcohol,"These days, even when I don’t want to, I find myself reaching for alcohol, because it’s become part of my daily routine.","22_substance, 2",22_substance
3905,2,2,20_alcohol,"Recently, even when I don’t want to, I find myself reaching for alcohol, because it’s become part of my daily routine.","22_substance, 2",22_substance
3906,2,2,20_alcohol,"These days, I’ve started drinking earlier and earlier in the day.","22_substance, 2",22_substance
3907,2,2,20_alcohol,"In the past few months, drinking is the only time I feel numb or okay, as a way to manage my emotions.","22_substance, 2",22_substance
3908,2,2,20_alcohol,"Lately, most of my evenings involve alcohol now, even when I’m alone, since I’ve been feeling more isolated.","22_substance, 2",22_substance
3909,2,2,20_alcohol,"In the past few months, I often finish a whole bottle of wine or more by myself, even if I know it’s not the healthiest coping mechanism.","22_substance, 2",22_substance
3910,2,2,20_alcohol,"Lately, I’ve started drinking earlier and earlier in the day, though I tell myself it’s under control.","22_substance, 2",22_substance
3911,2,1,20_alcohol,"In the past few months, alcohol has become a way to escape for me, though I’m not always proud of it.","22_substance, 1",22_substance
3912,2,2,20_alcohol,"At the moment, drinking is the only time I feel numb or okay.","22_substance, 2",22_substance
3913,2,2,20_alcohol,"Lately, I’ve missed work or obligations because I was hungover, especially when I’m stressed or feeling down.","22_substance, 2",22_substance
3914,2,2,20_alcohol,"These days, I’ve started drinking earlier and earlier in the day, even if I know it’s not the healthiest coping mechanism.","22_substance, 2",22_substance
3915,2,2,20_alcohol,"At the moment, I’ve missed work or obligations because I was hungover.","22_substance, 2",22_substance
3916,2,2,20_alcohol,"Lately, I often finish a whole bottle of wine or more by myself, though I tell myself it’s under control.","22_substance, 2",22_substance
3917,2,2,20_alcohol,"In the past few months, I’ve started drinking earlier and earlier in the day.","22_substance, 2",22_substance
3918,2,1,20_alcohol,"In the past few months, alcohol has become a way to escape for me, especially when I’m stressed or feeling down.","22_substance, 1",22_substance
3919,2,2,20_alcohol,"These days, I’ve missed work or obligations because I was hungover, though I tell myself it’s under control.","22_substance, 2",22_substance
3920,2,2,20_alcohol,"In the past few months, most of my evenings involve alcohol now, even when I’m alone, since I’ve been feeling more isolated.","22_substance, 2",22_substance
3921,2,2,20_alcohol,"At the moment, most of my evenings involve alcohol now, even when I’m alone, especially when I’m stressed or feeling down.","22_substance, 2",22_substance
3922,2,2,20_alcohol,"At the moment, I’ve tried to cut back, but I always go back to drinking alone, as a way to manage my emotions.","22_substance, 2",22_substance
3923,2,2,20_alcohol,"In the past few months, drinking is the only time I feel numb or okay, especially when I’m stressed or feeling down.","22_substance, 2",22_substance
3924,2,1,20_alcohol,"These days, drinking alone has become my coping mechanism.","22_substance, 1",22_substance
3925,2,1,20_alcohol,"These days, alcohol has become a way to escape for me, though I’m not always proud of it.","22_substance, 1",22_substance
3926,2,2,20_alcohol,"In the past few months, I drink heavily almost every night by myself, as a way to manage my emotions.","22_substance, 2",22_substance
3927,2,2,20_alcohol,"In the past few months, My drinking habits have gotten worse in recent months, as a way to manage my emotions.","22_substance, 2",22_substance
3928,2,2,20_alcohol,"In the past few months, drinking alone has become my coping mechanism, even if I know it’s not the healthiest coping mechanism.","22_substance, 2",22_substance
3929,2,2,20_alcohol,"Recently, I know I drink too much, but I don’t know how to stop, though I tell myself it’s under control.","22_substance, 2",22_substance
3930,2,2,20_alcohol,"In the past few months, drinking is the only time I feel numb or okay.","22_substance, 2",22_substance
3931,2,2,20_alcohol,"Lately, I’ve missed work or obligations because I was hungover, because it helps me wind down after long days.","22_substance, 2",22_substance
3932,2,2,20_alcohol,"Lately, I often drink until I pass out, especially when alone, because it’s become part of my daily routine.","22_substance, 2",22_substance
3933,2,2,20_alcohol,"At the moment, I know I drink too much, but I don’t know how to stop, though I’m not always proud of it.","22_substance, 2",22_substance
3934,2,2,20_alcohol,"Recently, drinking alone has become my coping mechanism, especially when I’m stressed or feeling down.","22_substance, 2",22_substance
3935,2,2,20_alcohol,"In the past few months, alcohol has become a way to escape for me.","22_substance, 2",22_substance
3936,2,2,20_alcohol,"These days, I know I drink too much, but I don’t know how to stop, as a way to manage my emotions.","22_substance, 2",22_substance
3937,2,1,20_alcohol,"At the moment, I hide how much I drink from others, even if I know it’s not the healthiest coping mechanism.","22_substance, 1",22_substance
3938,0,0,21_tobacco,I don't smoke.,"21_tobacco, 0",21_tobacco
3939,0,0,21_tobacco,I don't vape.,"21_tobacco, 0",21_tobacco
3940,0,0,21_tobacco,I hate smoke.,"21_tobacco, 0",21_tobacco
3941,0,0,21_tobacco,I don't smoke or vape at all.,"21_tobacco, 0",21_tobacco
3942,0,0,21_tobacco,I have never smoked or vaped in my life.,"21_tobacco, 0",21_tobacco
3943,0,0,21_tobacco,I quit smoking years ago and haven't touched it since.,"21_tobacco, 0",21_tobacco
3944,0,0,21_tobacco,I'm strongly against tobacco use.,"21_tobacco, 0",21_tobacco
3945,0,0,21_tobacco,"None of my friends smoke, so I never picked up the habit.","21_tobacco, 0",21_tobacco
3946,0,0,21_tobacco,I'm very health-conscious and avoid cigarettes and vapes.,"21_tobacco, 0",21_tobacco
3947,0,0,21_tobacco,"I find the smell of smoke unpleasant, so I avoid it completely.","21_tobacco, 0",21_tobacco
3948,0,0,21_tobacco,I prefer jogging or meditating when I feel stressed instead of smoking.,"32_coping, 0",32_coping
3949,0,0,21_tobacco,I used to be curious but never tried smoking or vaping.,"21_tobacco, 0",21_tobacco
3950,0,0,21_tobacco,I’ve always said no when offered a cigarette or vape.,"21_tobacco, 0",21_tobacco
3951,0,0,21_tobacco,I’m allergic to cigarette smoke.,"Other, 0","NA, 99"
3952,0,0,21_tobacco,"I try to keep my lungs healthy, so I avoid tobacco.","21_tobacco, 0",21_tobacco
3953,0,0,21_tobacco,I’ve been in a smoke-free home all my life.,"21_tobacco, 0",21_tobacco
3954,0,0,21_tobacco,I advocate for tobacco-free environments.,"21_tobacco, 0",21_tobacco
3955,0,0,21_tobacco,I stay away from second-hand smoke too.,"21_tobacco, 0",21_tobacco
3956,0,0,21_tobacco,I never felt the need to smoke or vape.,"21_tobacco, 0",21_tobacco
3957,0,0,21_tobacco,Smoking is not part of my lifestyle or social circle.,"21_tobacco, 0",21_tobacco
3958,0,0,21_tobacco,I don’t even like the idea of vaping.,"21_tobacco, 0",21_tobacco
3959,0,0,21_tobacco,"I’ve read about the health risks, and I stay away.","9_risk, 0",9_risk
3960,0,0,21_tobacco,I associate smoking with serious health problems.,"21_tobacco, 0",21_tobacco
3961,0,0,21_tobacco,"My parents never allowed smoking at home, and it stuck with me.","21_tobacco, 0",21_tobacco
3962,0,0,21_tobacco,I always opt for non-smoking areas.,"21_tobacco, 0",21_tobacco
3963,0,1,21_tobacco,I don’t want my clothes to smell like smoke.,"21_tobacco, 1",21_tobacco
3964,0,0,21_tobacco,I play sports and don’t want tobacco to affect my performance.,"21_tobacco, 0",21_tobacco
3965,0,0,21_tobacco,"I’m raising a child, and I want to be a role model.","19_family_relationship, 0",19_family_relationship
3966,0,0,21_tobacco,My doctor commended me for being tobacco-free.,"21_tobacco, 0",21_tobacco
3967,0,0,21_tobacco,I like breathing clean air.,"Other, 0","NA, 99"
3968,0,0,21_tobacco,I’m part of a support group that promotes healthy living.,"26_support_social, 0",26_support_social
3969,0,0,21_tobacco,"I’ve been tested for nicotine, and I’m clean.","21_tobacco, 0",21_tobacco
3970,0,0,21_tobacco,I avoid parties where people smoke a lot.,"21_tobacco, 0",21_tobacco
3971,0,0,21_tobacco,I’ve never even held a cigarette.,"21_tobacco, 0",21_tobacco
3972,0,0,21_tobacco,I find vaping devices too artificial and off-putting.,"21_tobacco, 0",21_tobacco
3973,0,0,21_tobacco,I’m more of a tea person than someone who smokes to relax.,"21_tobacco, 0",21_tobacco
3974,0,0,21_tobacco,I try to educate others about the harms of tobacco.,"25_community, 0",25_community
3975,0,0,21_tobacco,Smoking doesn’t fit into my lifestyle.,"21_tobacco, 0",21_tobacco
3976,0,0,21_tobacco,Tobacco use doesn’t interest me at all.,"21_tobacco, 0",21_tobacco
3977,0,0,21_tobacco,I'm trying to maintain a healthy respiratory system.,"Other, 0","NA, 99"
3978,0,0,21_tobacco,I never get cravings for nicotine.,"21_tobacco, 0",21_tobacco
3979,0,0,21_tobacco,I’ve never been tempted to smoke.,"21_tobacco, 0",21_tobacco
3980,0,0,21_tobacco,"Even during stressful times, I find healthier outlets.","32_coping, 0",32_coping
3981,0,0,21_tobacco,Smoking is against my personal beliefs.,"21_tobacco, 0",21_tobacco
3982,0,0,21_tobacco,My close friends all avoid tobacco too.,"21_tobacco, 0",21_tobacco
3983,0,0,21_tobacco,I value clear lungs for singing and breathing.,"21_tobacco, 0",21_tobacco
3984,0,0,21_tobacco,I’ve worked hard to avoid addictions of any kind.,"22_substance, 0",22_substance
3985,0,0,21_tobacco,I use herbal teas and calming music to destress.,"32_coping, 0",32_coping
3986,0,0,21_tobacco,I've set boundaries against smoking in my home.,"21_tobacco, 0",21_tobacco
3987,0,0,21_tobacco,"Even in college, I resisted peer pressure to smoke.","21_tobacco, 0",21_tobacco
3988,0,0,21_tobacco,I always check for smoke-free accommodation.,"21_tobacco, 0",21_tobacco
3989,0,0,21_tobacco,I enjoy the outdoors too much to ruin it with smoke.,"21_tobacco, 0",21_tobacco
3990,0,0,21_tobacco,My dentist praised me for not using tobacco.,"21_tobacco, 0",21_tobacco
3991,0,0,21_tobacco,I love biking and want to keep my stamina high.,"37_exercise, 0",37_exercise
3992,0,0,21_tobacco,"Even in social events, I politely decline any offers.","22_substance, 0",22_substance
3993,0,0,21_tobacco,I was taught from a young age to avoid tobacco.,"21_tobacco, 0",21_tobacco
3994,0,1,21_tobacco,The anti-smoking ads really resonated with me.,"21_tobacco, 1",21_tobacco
3995,0,0,21_tobacco,"My grandparents had smoking-related illnesses, so I avoid it.","21_tobacco, 0",21_tobacco
3996,0,0,21_tobacco,I want to set a good example for my younger siblings.,"19_family_relationship, 0",19_family_relationship
3997,0,0,21_tobacco,I feel proud to be smoke-free.,"21_tobacco, 0",21_tobacco
3998,0,0,21_tobacco,I use essential oils instead of smoking to relax.,"32_coping, 0",32_coping
3999,0,0,21_tobacco,"Clean air matters to me, indoors and outdoors.","Other, 0","NA, 99"
4000,0,0,21_tobacco,I’m focusing on lung health these days.,"Other, 0","NA, 99"
4001,0,0,21_tobacco,My fitness coach encourages tobacco-free habits.,"21_tobacco, 0",21_tobacco
4002,0,0,21_tobacco,I like the freedom of not being addicted to nicotine.,"21_tobacco, 0",21_tobacco
4003,1,1,21_tobacco,I sometimes smoke cigarettes.,"21_tobacco, 1",21_tobacco
4004,1,1,21_tobacco,I have to smoke cigarettes to release my pressure.,"21_tobacco, 1",21_tobacco
4005,1,1,21_tobacco,I vape a little bit.,"21_tobacco, 1",21_tobacco
4006,1,1,21_tobacco,I sometimes vape.,"21_tobacco, 1",21_tobacco
4007,1,0,21_tobacco,I don't smoke or vape at all.,"21_tobacco, 0",21_tobacco
4008,1,1,21_tobacco,I smoke occasionally when I’m stressed.,"21_tobacco, 1",21_tobacco
4009,1,1,21_tobacco,Sometimes I vape at parties but not regularly.,"21_tobacco, 1",21_tobacco
4010,1,1,21_tobacco,"I don’t smoke daily, just now and then.","21_tobacco, 1",21_tobacco
4011,1,1,21_tobacco,I have a cigarette once or twice a week.,"21_tobacco, 1",21_tobacco
4012,1,1,21_tobacco,I mostly avoid tobacco but give in during social events.,"21_tobacco, 1",21_tobacco
4013,1,1,21_tobacco,I only smoke when I’m drinking with friends.,"21_tobacco, 1",21_tobacco
4014,1,1,21_tobacco,"I try not to smoke, but I relapse occasionally.","21_tobacco, 1",21_tobacco
4015,1,1,21_tobacco,I vape when I’m anxious but try to limit it.,"21_tobacco, 1",21_tobacco
4016,1,1,21_tobacco,"I don’t consider myself a smoker, but I’ve had a few recently.","21_tobacco, 1",21_tobacco
4017,1,0,21_tobacco,It’s more of a weekend habit than a daily one.,"Other, 0","NA, 99"
4018,1,1,21_tobacco,I vape more when I’m under pressure at work.,"21_tobacco, 1",21_tobacco
4019,1,1,21_tobacco,It’s hard to quit entirely even though I want to.,"21_tobacco, 1",21_tobacco
4020,1,1,21_tobacco,"I’ve cut back, but I still have a few cigarettes each week.","21_tobacco, 1",21_tobacco
4021,1,1,21_tobacco,"I’m trying to stop, but I smoke once in a while.","21_tobacco, 1",21_tobacco
4022,1,1,21_tobacco,"I only smoke socially, not by myself.","21_tobacco, 1",21_tobacco
4023,1,1,21_tobacco,"I’m not addicted, but I do use tobacco occasionally.","21_tobacco, 1",21_tobacco
4024,1,1,21_tobacco,I’ve been using nicotine gum to cut back on smoking.,"21_tobacco, 1",21_tobacco
4025,1,1,21_tobacco,I’m mindful but haven’t completely quit yet.,"21_tobacco, 1",21_tobacco
4026,1,1,21_tobacco,"I don’t buy cigarettes, but I might take one from a friend.","21_tobacco, 1",21_tobacco
4027,1,1,21_tobacco,I only smoke on stressful days.,"21_tobacco, 1",21_tobacco
4028,1,1,21_tobacco,"I tell myself I’ll quit soon, but I’m not there yet.","21_tobacco, 1",21_tobacco
4029,1,1,21_tobacco,I vape once or twice a week to calm down.,"21_tobacco, 1",21_tobacco
4030,1,1,21_tobacco,Sometimes I vape late at night when I can’t sleep.,"21_tobacco, 1",21_tobacco
4031,1,0,21_tobacco,I have mixed feelings about quitting.,"Maybe, 0","NA, 99"
4032,1,0,21_tobacco,I’ve been thinking about quitting but haven’t made the move yet.,"Other, 0","NA, 99"
4033,1,1,21_tobacco,I hide my smoking because I’m ashamed of it.,"21_tobacco, 1",21_tobacco
4034,1,1,21_tobacco,I smoke in secret when I’m upset.,"21_tobacco, 1",21_tobacco
4035,1,1,21_tobacco,"I switched from cigarettes to vaping, but I still crave nicotine.","21_tobacco, 1",21_tobacco
4036,1,1,21_tobacco,I feel guilty after smoking.,"21_tobacco, 1",21_tobacco
4037,1,1,21_tobacco,I have a hard time saying no when others are smoking.,"21_tobacco, 1",21_tobacco
4038,1,2,21_tobacco,I want to quit smoking but keep falling back into it.,"21_tobacco, 2",21_tobacco
4039,1,1,21_tobacco,"I used to smoke more, now I limit it to social occasions.","21_tobacco, 1",21_tobacco
4040,1,1,21_tobacco,"I don’t consider myself addicted, just occasional use.","20_alcohol, 1",20_alcohol
4041,1,1,21_tobacco,Sometimes I lose track and smoke more than I intended.,"21_tobacco, 1",21_tobacco
4042,1,1,21_tobacco,"I vape with nicotine-free juice, but it still feels like a habit.","21_tobacco, 1",21_tobacco
4043,1,1,21_tobacco,I smoke a cigarette every few days.,"21_tobacco, 1",21_tobacco
4044,1,1,21_tobacco,"I feel better when I don’t smoke, but I still do occasionally.","21_tobacco, 1",21_tobacco
4045,1,1,21_tobacco,"I’ve set limits for myself, but I break them sometimes.","29_safe_sex, 1",29_safe_sex
4046,1,1,21_tobacco,I’m trying herbal cigarettes to cut down.,"21_tobacco, 1",21_tobacco
4047,1,1,21_tobacco,"I use tobacco alternatives, but it’s still a crutch.","21_tobacco, 1",21_tobacco
4048,1,1,21_tobacco,I have a small vape pen I use under stress.,"21_tobacco, 1",21_tobacco
4049,1,1,21_tobacco,I only smoke when I visit certain friends.,"21_tobacco, 1",21_tobacco
4050,1,1,21_tobacco,I vape once a week to relax after work.,"21_tobacco, 1",21_tobacco
4051,1,1,21_tobacco,I’m trying to distract myself with gum or candy instead of smoking.,"21_tobacco, 1",21_tobacco
4052,1,1,21_tobacco,"I avoid buying cigarettes, but I still use them if they’re around.","21_tobacco, 1",21_tobacco
4053,1,1,21_tobacco,"I set quit dates, but I haven’t followed through.","21_tobacco, 1",21_tobacco
4054,1,1,21_tobacco,I feel conflicted about smoking.,"21_tobacco, 1",21_tobacco
4055,1,1,21_tobacco,"My smoking is inconsistent—some weeks none, some weeks more.","21_tobacco, 1",21_tobacco
4056,1,1,21_tobacco,"I try to replace smoking with exercise, but it doesn’t always work.","21_tobacco, 1",21_tobacco
4057,1,1,21_tobacco,I sometimes vape to feel included socially.,"21_tobacco, 1",21_tobacco
4058,1,1,21_tobacco,I’m not proud of my smoking habit.,"21_tobacco, 1",21_tobacco
4059,1,0,21_tobacco,"It’s not a daily thing, but it’s still there.","Other, 0","NA, 99"
4060,1,1,21_tobacco,"I thought I quit, but I still vape sometimes.","21_tobacco, 1",21_tobacco
4061,1,1,21_tobacco,"I’m not dependent, but I do use tobacco from time to time.","21_tobacco, 1",21_tobacco
4062,1,1,21_tobacco,I use nicotine pouches occasionally.,"21_tobacco, 1",21_tobacco
4063,1,1,21_tobacco,Sometimes I borrow a vape from my roommate.,"21_tobacco, 1",21_tobacco
4064,1,1,21_tobacco,I try to keep my use private.,"20_alcohol, 1",20_alcohol
4065,1,1,21_tobacco,My therapist knows I smoke occasionally.,"21_tobacco, 1",21_tobacco
4066,1,1,21_tobacco,I try not to let smoking define me.,"21_tobacco, 1",21_tobacco
4067,1,1,21_tobacco,"It’s not ideal, but I’m managing my use.","20_alcohol, 1",20_alcohol
4068,1,2,21_tobacco,I’ve relapsed a few times in trying to quit.,"22_substance, 2",22_substance
4069,1,1,21_tobacco,I’m taking small steps to reduce my tobacco use.,"21_tobacco, 1",21_tobacco
4070,1,0,21_tobacco,I journal about my cravings to better manage them.,"32_coping, 0",32_coping
4071,1,1,21_tobacco,"I’ve reduced the frequency, but not completely stopped.","22_substance, 1",22_substance
4072,1,1,21_tobacco,I mostly vape flavored options without nicotine.,"21_tobacco, 1",21_tobacco
4073,2,2,21_tobacco,I smoke a lot of cigarettes per day.,"21_tobacco, 2",21_tobacco
4074,2,2,21_tobacco,I smoke 10 cigarettes per day.,"21_tobacco, 2",21_tobacco
4075,2,2,21_tobacco,I smoke a bag per day.,"22_substance, 2",22_substance
4076,2,2,21_tobacco,I smoke a lot every day.,"21_tobacco, 2",21_tobacco
4077,2,2,21_tobacco,I smoke a few bags per day.,"20_alcohol, 2",20_alcohol
4078,2,2,21_tobacco,I smoke a pack a day and can’t go without it.,"21_tobacco, 2",21_tobacco
4079,2,2,21_tobacco,I feel anxious if I don’t smoke.,"21_tobacco, 2",21_tobacco
4080,2,2,21_tobacco,I chain smoke when I’m upset.,"21_tobacco, 2",21_tobacco
4081,2,2,21_tobacco,I can’t get through the day without smoking.,"21_tobacco, 2",21_tobacco
4082,2,1,21_tobacco,I smoke first thing in the morning.,"21_tobacco, 1",21_tobacco
4083,2,2,21_tobacco,I’ve been coughing a lot because of smoking.,"21_tobacco, 2",21_tobacco
4084,2,1,21_tobacco,My family is concerned about how much I smoke.,"21_tobacco, 1",21_tobacco
4085,2,2,21_tobacco,I tried to quit but always go back.,"22_substance, 2",22_substance
4086,2,2,21_tobacco,I vape constantly throughout the day.,"21_tobacco, 2",21_tobacco
4087,2,2,21_tobacco,I use both cigarettes and a vape regularly.,"21_tobacco, 2",21_tobacco
4088,2,2,21_tobacco,I get irritable if I don’t have nicotine.,"21_tobacco, 2",21_tobacco
4089,2,2,21_tobacco,I spend a lot of money on cigarettes.,"21_tobacco, 2",21_tobacco
4090,2,2,21_tobacco,I can’t control how much I smoke.,"21_tobacco, 2",21_tobacco
4091,2,2,21_tobacco,"Even when I’m sick, I still smoke.","21_tobacco, 2",21_tobacco
4092,2,2,21_tobacco,I’ve developed a dependency on tobacco.,"21_tobacco, 2",21_tobacco
4093,2,2,21_tobacco,"I smoke indoors and outdoors, anytime I want.","21_tobacco, 2",21_tobacco
4094,2,1,21_tobacco,My room smells like smoke all the time.,"5_house, 1",5_house
4095,2,2,21_tobacco,I vape during meetings and at home.,"21_tobacco, 2",21_tobacco
4096,2,2,21_tobacco,I have physical cravings if I don’t smoke.,"21_tobacco, 2",21_tobacco
4097,2,2,21_tobacco,Smoking helps me get through the day.,"21_tobacco, 2",21_tobacco
4098,2,0,21_tobacco,"I know it’s bad, but I can’t stop.","Other, 0","NA, 99"
4099,2,2,21_tobacco,I’ve tried quitting so many times without success.,"21_tobacco, 2",21_tobacco
4100,2,2,21_tobacco,I get withdrawal symptoms without nicotine.,"21_tobacco, 2",21_tobacco
4101,2,2,21_tobacco,Smoking is my main way of coping.,"21_tobacco, 2",21_tobacco
4102,2,2,21_tobacco,"I smoke in front of my kids, and I feel bad about it.","21_tobacco, 2",21_tobacco
4103,2,2,21_tobacco,I finish a whole vape pod every day.,"21_tobacco, 2",21_tobacco
4104,2,1,21_tobacco,I feel dizzy when I try to stop smoking.,"21_tobacco, 1",21_tobacco
4105,2,2,21_tobacco,"I’ve been told to cut back, but I haven’t.","9_risk, 2",9_risk
4106,2,2,21_tobacco,I smoke while working and during breaks.,"21_tobacco, 2",21_tobacco
4107,2,2,21_tobacco,"Even in non-smoking areas, I sneak a puff.","21_tobacco, 2",21_tobacco
4108,2,2,21_tobacco,I go through two packs a day.,"21_tobacco, 2",21_tobacco
4109,2,2,21_tobacco,I can’t imagine life without smoking.,"21_tobacco, 2",21_tobacco
4110,2,2,21_tobacco,I smoke even in bed before sleeping.,"21_tobacco, 2",21_tobacco
4111,2,1,21_tobacco,My hands smell like tobacco all day.,"21_tobacco, 1",21_tobacco
4112,2,2,21_tobacco,"My doctor advised me to stop, but I haven’t been able to.","9_risk, 2",9_risk
4113,2,2,21_tobacco,"You know, I like to smoke when discussing business stuff every day.","21_tobacco, 2",21_tobacco
4114,2,2,21_tobacco,I wake up at night to smoke.,"21_tobacco, 2",21_tobacco
4115,2,2,21_tobacco,I’ve burned holes in clothes from smoking too much.,"21_tobacco, 2",21_tobacco
4116,2,2,21_tobacco,I’m always looking for my next cigarette.,"21_tobacco, 2",21_tobacco
4117,2,2,21_tobacco,I vape indoors because I need constant access.,"21_tobacco, 2",21_tobacco
4118,2,1,21_tobacco,I avoid people who tell me to stop smoking.,"21_tobacco, 1",21_tobacco
4119,2,2,21_tobacco,I go through lighters faster than I can count.,"21_tobacco, 2",21_tobacco
4120,2,2,21_tobacco,My ashtray fills up every day.,"21_tobacco, 2",21_tobacco
4121,2,2,21_tobacco,"I smoke when I’m sad, angry, or happy—always.","21_tobacco, 2",21_tobacco
4122,2,2,21_tobacco,I’m aware of the risks but still can’t stop.,"9_risk, 2",9_risk
4123,2,1,21_tobacco,I mix tobacco with other substances sometimes.,"20_alcohol, 1",20_alcohol
4124,2,2,21_tobacco,I’ve lost friends who didn’t like my smoking.,"21_tobacco, 2",21_tobacco
4125,2,1,21_tobacco,I use strong nicotine products.,"21_tobacco, 1",21_tobacco
4126,2,2,21_tobacco,I smoke even when it’s freezing outside.,"21_tobacco, 2",21_tobacco
4127,2,1,21_tobacco,I sneak off during work to smoke.,"21_tobacco, 1",21_tobacco
4128,2,2,21_tobacco,I smoke in the car even with the windows closed.,"21_tobacco, 2",21_tobacco
4129,2,2,21_tobacco,My clothes and bags always smell like smoke.,"21_tobacco, 2",21_tobacco
4130,2,2,21_tobacco,I feel ashamed but can’t quit.,"22_substance, 2",22_substance
4131,2,2,21_tobacco,I go through 3 vape cartridges a week.,"21_tobacco, 2",21_tobacco
4132,2,1,21_tobacco,I use both vaping and smoking together.,"21_tobacco, 1",21_tobacco
4133,2,2,21_tobacco,I smoke during meals and after meals.,"21_tobacco, 2",21_tobacco
4134,2,1,21_tobacco,I’ve noticed shortness of breath from smoking.,"21_tobacco, 1",21_tobacco
4135,2,2,21_tobacco,I’m addicted to both nicotine and the habit.,"21_tobacco, 2",21_tobacco
4136,2,1,21_tobacco,I vape before workouts even though it’s unhealthy.,"21_tobacco, 1",21_tobacco
4137,2,1,21_tobacco,I use nicotine as a reward system for myself.,"21_tobacco, 1",21_tobacco
4138,2,2,21_tobacco,My cravings interfere with daily tasks.,"22_substance, 2",22_substance
4139,2,2,21_tobacco,I’ve skipped meals just to afford cigarettes.,"21_tobacco, 2",21_tobacco
4140,2,1,21_tobacco,I smoke multiple times during work hours.,"21_tobacco, 1",21_tobacco
4141,2,2,21_tobacco,I’m scared to stop because I don’t know how to cope.,"32_coping, 2",32_coping
4142,2,2,21_tobacco,"I’ve been smoking since I was a teen, and it’s worse now.","21_tobacco, 2",21_tobacco
4143,2,2,21_tobacco,I can't concentrate without smoking first.,"21_tobacco, 2",21_tobacco
4144,2,2,21_tobacco,"My wife hate me smoking at home, but I just cannot stop doing so.","21_tobacco, 2",21_tobacco
4145,0,0,22_substance,I don't take any substance.,"22_substance, 0",22_substance
4146,0,0,22_substance,I am not a big fan with taking substance.,"20_alcohol, 0",20_alcohol
4147,0,0,22_substance,I take sustance following the recommendations from my doctor.,"3_medication, 0",3_medication
4148,0,0,22_substance,I take sustance with prescribed amount.,"3_medication, 0",3_medication
4149,0,0,22_substance,I take persscribed drugs.,"3_medication, 0",3_medication
4150,0,0,22_substance,I only take medications prescribed by my doctor.,"3_medication, 0",3_medication
4151,0,0,22_substance,I avoid all recreational drugs completely.,"20_alcohol, 0",20_alcohol
4152,0,0,22_substance,I’ve never been interested in experimenting with substances.,"20_alcohol, 0",20_alcohol
4153,0,0,22_substance,I stick strictly to what’s in my medical plan.,"3_medication, 0",3_medication
4154,0,0,22_substance,"I do not use marijuana, edibles, or any non-prescribed substance.","20_alcohol, 0",20_alcohol
4155,0,0,22_substance,I’ve never touched anything outside of OTC medicine.,"20_alcohol, 0",20_alcohol
4156,0,0,22_substance,"I don’t like how substances affect people’s behavior, so I stay away.","22_substance, 0",22_substance
4157,0,0,22_substance,I rely on natural ways to manage stress rather than substances.,"32_coping, 0",32_coping
4158,0,0,22_substance,"I’ve seen substance abuse harm others, so I avoid it completely.","22_substance, 0",22_substance
4159,0,0,22_substance,I’m sober and plan to stay that way.,"22_substance, 0",22_substance
4160,0,0,22_substance,"Even in college, I didn’t try any drugs.","20_alcohol, 0",20_alcohol
4161,0,0,22_substance,I steer clear of anything that might affect my mental clarity.,"22_substance, 0",22_substance
4162,0,0,22_substance,I’m in recovery and haven't used for years.,"20_alcohol, 0",20_alcohol
4163,0,0,22_substance,I get regular checkups and follow my doctor’s advice on medication.,"3_medication, 0",3_medication
4164,0,0,22_substance,I'm a caregiver and need to stay clear-headed at all times.,"Other, 0","NA, 99"
4165,0,0,22_substance,I’m in a drug-free support group and committed to staying clean.,"20_alcohol, 0",20_alcohol
4166,0,0,22_substance,I’ve signed a sobriety pledge for my sports team.,"22_substance, 0",22_substance
4167,0,0,22_substance,My doctor monitors my prescriptions very closely.,"4_care, 0",4_care
4168,0,0,22_substance,I do not attend events where substances are being used.,"22_substance, 0",22_substance
4169,0,0,22_substance,I’m committed to a clean lifestyle.,"20_alcohol, 0",20_alcohol
4170,0,0,22_substance,I’ve been tested for substances and always come back negative.,"20_alcohol, 0",20_alcohol
4171,0,0,22_substance,I’ve learned healthy coping mechanisms that don’t involve drugs.,"32_coping, 0",32_coping
4172,0,0,22_substance,I don’t want anything to cloud my judgment.,"9_risk, 0",9_risk
4173,0,0,22_substance,I work in healthcare and need to maintain strict sobriety.,"22_substance, 0",22_substance
4174,0,0,22_substance,I’ve always followed my doctor’s instructions with medications.,"3_medication, 0",3_medication
4175,0,0,22_substance,"My parents taught me to avoid drugs, and I’ve followed that advice.","20_alcohol, 0",20_alcohol
4176,0,0,22_substance,I live in a sober-living facility and take sobriety seriously.,"22_substance, 0",22_substance
4177,0,0,22_substance,I’ve never used illegal substances.,"20_alcohol, 0",20_alcohol
4178,0,2,22_substance,I use essential oils and meditation instead of medication.,"3_medication, 2",3_medication
4179,0,0,22_substance,My partner and I both agreed to stay away from substances.,"22_substance, 0",22_substance
4180,0,0,22_substance,I don't take anything without researching its safety first.,"9_risk, 0",9_risk
4181,0,0,22_substance,I focus on fitness and nutrition instead of altering my state.,"16_nutrition, 0",16_nutrition
4182,0,0,22_substance,"Even when offered, I politely decline any substance.","22_substance, 0",22_substance
4183,0,0,22_substance,I’ve seen what addiction can do and want no part of it.,"22_substance, 0",22_substance
4184,0,0,22_substance,I follow a clean and healthy lifestyle.,"Other, 0","NA, 99"
4185,0,0,22_substance,I’m in a wellness program that promotes being substance-free.,"20_alcohol, 0",20_alcohol
4186,0,0,22_substance,I don’t want anything to interfere with my brain function.,"20_alcohol, 0",20_alcohol
4187,0,0,22_substance,"I care for my elderly parent, so I must stay fully alert.","19_family_relationship, 0",19_family_relationship
4188,0,0,22_substance,"My religion prohibits substance use, and I follow that rule.","20_alcohol, 0",20_alcohol
4189,0,0,22_substance,I only use herbal teas and approved supplements.,"20_alcohol, 0",20_alcohol
4190,0,0,22_substance,I’ve never needed anything beyond basic painkillers.,"3_medication, 0",3_medication
4191,0,0,22_substance,My job has a zero-tolerance policy for drug use.,"Other, 0","NA, 99"
4192,0,0,22_substance,I track every supplement and medication in a health journal.,"3_medication, 0",3_medication
4193,0,0,22_substance,I consult with a pharmacist before trying anything new.,"3_medication, 0",3_medication
4194,0,0,22_substance,I’ve had no interest in any form of high or altered states.,"20_alcohol, 0",20_alcohol
4195,0,0,22_substance,"I’ve always been afraid of getting addicted, so I avoid all drugs.","20_alcohol, 0",20_alcohol
4196,0,0,22_substance,I’ve never been under the influence of anything.,"22_substance, 0",22_substance
4197,0,0,22_substance,My social circle is completely sober.,"22_substance, 0",22_substance
4198,0,2,22_substance,I’ve read too much about side effects to ever risk it.,"3_medication, 2",3_medication
4199,0,0,22_substance,I support harm-reduction policies but abstain myself.,"20_alcohol, 0",20_alcohol
4200,0,0,22_substance,I prefer a clear mind over a temporary high.,"20_alcohol, 0",20_alcohol
4201,0,0,22_substance,I avoid substances to focus better on my academic work.,"20_alcohol, 0",20_alcohol
4202,0,0,22_substance,I’ve managed my health issues without needing controlled substances.,"20_alcohol, 0",20_alcohol
4203,0,1,22_substance,I believe in natural healing over pharmaceuticals when possible.,"3_medication, 1",3_medication
4204,0,2,22_substance,My body reacts badly to anything beyond simple meds.,"3_medication, 2",3_medication
4205,0,0,22_substance,"I follow a holistic lifestyle, avoiding artificial substances.","Other, 0","NA, 99"
4206,0,0,22_substance,"Even with pain, I ask for the lowest effective dose.","3_medication, 0",3_medication
4207,0,0,22_substance,I have no history of substance use disorder.,"20_alcohol, 0",20_alcohol
4208,0,0,22_substance,I do not self-medicate for any issues.,"3_medication, 0",3_medication
4209,0,0,22_substance,My wellness routine is completely drug-free.,"20_alcohol, 0",20_alcohol
4210,0,0,22_substance,"I've seen close friends struggle with addiction, so I steer clear.","22_substance, 0",22_substance
4211,0,0,22_substance,I never buy anything unless it’s from a licensed pharmacy.,"34_lawful, 0",34_lawful
4212,0,0,22_substance,"I focus on nutrition and wellness, not substances.","22_substance, 0",22_substance
4213,0,0,22_substance,I respect my body and keep it clean from drugs.,"20_alcohol, 0",20_alcohol
4214,0,0,22_substance,"I’ve seen addiction ruin lives, so I stay away.","22_substance, 0",22_substance
4215,0,0,22_substance,I journal or call a friend instead of turning to substances.,"32_coping, 0",32_coping
4216,0,0,22_substance,I don’t want substances interfering with my goals.,"22_substance, 0",22_substance
4217,0,0,22_substance,I’m too busy with school/work to risk using drugs.,"20_alcohol, 0",20_alcohol
4218,0,0,22_substance,"I’ve never tried weed, vaping, or any substances.","22_substance, 0",22_substance
4219,0,0,22_substance,I never touched drugs even in college.,"20_alcohol, 0",20_alcohol
4220,0,0,22_substance,Substance abuse isn’t something I want in my life.,"22_substance, 0",22_substance
4221,0,0,22_substance,I advocate for sober living and awareness.,"22_substance, 0",22_substance
4222,1,1,22_substance,"I use weed occasionally, mostly to relax.","20_alcohol, 1",20_alcohol
4223,1,1,22_substance,Sometimes I take CBD to help with sleep.,"20_alcohol, 1",20_alcohol
4224,1,2,22_substance,I’ve taken Adderall without a prescription to study.,"20_alcohol, 2",20_alcohol
4225,1,1,22_substance,I try edibles occasionally on weekends.,"20_alcohol, 1",20_alcohol
4226,1,1,22_substance,I use THC gummies when I feel overwhelmed.,"20_alcohol, 1",20_alcohol
4227,1,1,22_substance,I vape cannabis sometimes with friends.,"20_alcohol, 1",20_alcohol
4228,1,1,22_substance,I use substances recreationally but not daily.,"20_alcohol, 1",20_alcohol
4229,1,1,22_substance,I only use when I’m under a lot of pressure.,"22_substance, 1",22_substance
4230,1,1,22_substance,"I smoke socially, but not alone.","21_tobacco, 1",21_tobacco
4231,1,1,22_substance,I sometimes use to manage anxiety.,"20_alcohol, 1",20_alcohol
4232,1,1,22_substance,"I don’t think I’m dependent, but I do use occasionally.","20_alcohol, 1",20_alcohol
4233,1,1,22_substance,I used Molly at a concert recently.,"20_alcohol, 1",20_alcohol
4234,1,1,22_substance,Sometimes I use substances to escape reality briefly.,"20_alcohol, 1",20_alcohol
4235,1,1,22_substance,"I don’t use often, but I know I shouldn’t need it.","22_substance, 1",22_substance
4236,1,1,22_substance,I have a vape pen for THC but use it sparingly.,"20_alcohol, 1",20_alcohol
4237,1,1,22_substance,I used shrooms once during a rough patch.,"20_alcohol, 1",20_alcohol
4238,1,1,22_substance,"I’ve tried substances for fun, but not regularly.","20_alcohol, 1",20_alcohol
4239,1,1,22_substance,I’m trying to limit how often I use weed.,"20_alcohol, 1",20_alcohol
4240,1,1,22_substance,I mix CBD oil in my tea occasionally.,"20_alcohol, 1",20_alcohol
4241,1,1,22_substance,I use caffeine pills to stay alert sometimes.,"20_alcohol, 1",20_alcohol
4242,1,1,22_substance,"I keep my usage under control, but I do indulge.","22_substance, 1",22_substance
4243,1,1,22_substance,I’ve tried substances a few times this year.,"20_alcohol, 1",20_alcohol
4244,1,0,22_substance,"I don’t see it as a problem yet, but I’m watching it.","Maybe, 0","NA, 99"
4245,1,1,22_substance,Sometimes I need a little something to get through the day.,"32_coping, 1",32_coping
4246,1,2,22_substance,"I know I’m self-medicating, but it helps.","20_alcohol, 2",20_alcohol
4247,1,1,22_substance,I’ve thought about quitting but haven’t yet.,"21_tobacco, 1",21_tobacco
4248,1,1,22_substance,I use recreational drugs a few times a month.,"20_alcohol, 1",20_alcohol
4249,1,1,22_substance,I’ve used party drugs but only in safe spaces.,"20_alcohol, 1",20_alcohol
4250,1,2,22_substance,I use Adderall to focus even though it’s not prescribed.,"20_alcohol, 2",20_alcohol
4251,1,1,22_substance,"I smoke to cope, but I keep it to evenings.","21_tobacco, 1",21_tobacco
4252,1,1,22_substance,I’ve tried mushrooms once or twice.,"20_alcohol, 1",20_alcohol
4253,1,1,22_substance,I rely on weed more than I’d like to admit.,"20_alcohol, 1",20_alcohol
4254,1,2,22_substance,I sometimes use substances instead of going to therapy.,"20_alcohol, 2",20_alcohol
4255,1,1,22_substance,"I know it’s a slippery slope, so I monitor my use.","22_substance, 1",22_substance
4256,1,1,22_substance,"My friends use substances, so I join in sometimes.","20_alcohol, 1",20_alcohol
4257,1,1,22_substance,I only use on weekends or holidays.,"20_alcohol, 1",20_alcohol
4258,1,1,22_substance,I’ve been experimenting with recreational drugs.,"20_alcohol, 1",20_alcohol
4259,1,1,22_substance,"I’m functioning well, but I do use substances sometimes.","20_alcohol, 1",20_alcohol
4260,1,1,22_substance,I vape THC when I’m bored.,"20_alcohol, 1",20_alcohol
4261,1,1,22_substance,I’m trying to replace my usage with healthier habits.,"22_substance, 1",22_substance
4262,1,1,22_substance,"I know it’s not ideal, but it helps me unwind.","32_coping, 1",32_coping
4263,1,1,22_substance,"I never mix substances, but I do use single ones sometimes.","20_alcohol, 1",20_alcohol
4264,1,1,22_substance,I buy edibles from local dispensaries.,"20_alcohol, 1",20_alcohol
4265,1,1,22_substance,I use a bit more than I used to.,"20_alcohol, 1",20_alcohol
4266,1,1,22_substance,I try to balance use with responsibilities.,"22_substance, 1",22_substance
4267,1,2,22_substance,I’ve had a few relapses into substance use.,"20_alcohol, 2",20_alcohol
4268,1,1,22_substance,I’ve taken a few unprescribed pills during exams.,"20_alcohol, 1",20_alcohol
4269,1,0,22_substance,I’m aware of my patterns and try to stay mindful.,"32_coping, 0",32_coping
4270,1,1,22_substance,"I don’t use anything hard, just weed or edibles.","20_alcohol, 1",20_alcohol
4271,1,1,22_substance,I’ve thought about whether I’m too reliant.,"29_safe_sex, 1",29_safe_sex
4272,1,1,22_substance,I’m in a gray area—not addicted but not clean either.,"20_alcohol, 1",20_alcohol
4273,1,1,22_substance,I’ve used drugs in low moments of my life.,"20_alcohol, 1",20_alcohol
4274,1,2,22_substance,I’ve justified my use even though I know it’s not healthy.,"20_alcohol, 2",20_alcohol
4275,1,1,22_substance,"I have friends who use, and I join them sometimes.","20_alcohol, 1",20_alcohol
4276,1,0,22_substance,I want to stop but I haven’t taken the steps yet.,"Other, 0","NA, 99"
4277,1,2,22_substance,I’ve tried detox teas to balance out my use.,"20_alcohol, 2",20_alcohol
4278,1,1,22_substance,I’m conflicted about my substance use.,"20_alcohol, 1",20_alcohol
4279,1,1,22_substance,I sometimes use when I feel like I need to escape.,"20_alcohol, 1",20_alcohol
4280,1,0,22_substance,"It’s not constant, but it’s recurring.","Other, 0","NA, 99"
4281,1,2,22_substance,"I’ve never overdosed or anything, but I’ve used frequently.","20_alcohol, 2",20_alcohol
4282,1,1,22_substance,I’ve started journaling to track my substance habits.,"20_alcohol, 1",20_alcohol
4283,1,0,22_substance,I’m not sure if I have control or not.,"Maybe, 0","NA, 99"
4284,1,1,22_substance,I’ve begun noticing how it affects my motivation.,"31_motivation, 1",31_Motivation
4285,1,1,22_substance,I sometimes delay important things because I’ve used.,"20_alcohol, 1",20_alcohol
4286,1,2,22_substance,I smoke.,"21_tobacco, 2",21_tobacco
4287,1,2,22_substance,I only take shrooms when I am too pissed off by life.,"20_alcohol, 2",20_alcohol
4288,1,1,22_substance,I smoke weed.,"20_alcohol, 1",20_alcohol
4289,1,0,22_substance,I take Adderall.,"3_medication, 0",3_medication
4290,1,1,22_substance,I take edibles.,"20_alcohol, 1",20_alcohol
4291,1,1,22_substance,I do edibles.,"20_alcohol, 1",20_alcohol
4292,1,0,22_substance,I use CBD gummies I got from grocery store.,"20_alcohol, 0",20_alcohol
4293,1,1,22_substance,I smoke weed when I need to get relax.,"20_alcohol, 1",20_alcohol
4294,1,2,22_substance,I need to smoke to sleep.,"21_tobacco, 2",21_tobacco
4295,2,1,22_substance,I take shrooms.,"20_alcohol, 1",20_alcohol
4296,2,2,22_substance,I cannot live without substance.,"20_alcohol, 2",20_alcohol
4297,2,2,22_substance,I have to take substance every day to make me feel better.,"20_alcohol, 2",20_alcohol
4298,2,2,22_substance,I take a lot of sustances these days.,"20_alcohol, 2",20_alcohol
4299,2,2,22_substance,I smoke with my friends and smoke alone on daliy basis.,"21_tobacco, 2",21_tobacco
4300,2,2,22_substance,I cannot live without weed.,"20_alcohol, 2",20_alcohol
4301,2,2,22_substance,I am taking weed any time in a day.,"20_alcohol, 2",20_alcohol
4302,2,2,22_substance,I smoke alone very frequent.,"21_tobacco, 2",21_tobacco
4303,2,2,22_substance,I live on substance.,"20_alcohol, 2",20_alcohol
4304,2,2,22_substance,I am a big fan with taking substance.,"20_alcohol, 2",20_alcohol
4305,2,2,22_substance,I smoke weed every day.,"20_alcohol, 2",20_alcohol
4306,2,1,22_substance,I do mushrooms.,"20_alcohol, 1",20_alcohol
4307,2,2,22_substance,I take Ecstacy.,"20_alcohol, 2",20_alcohol
4308,2,1,22_substance,I do Ecstacy.,"20_alcohol, 1",20_alcohol
4309,2,1,22_substance,I do Adderall.,"20_alcohol, 1",20_alcohol
4310,2,2,22_substance,I take Heroin.,"20_alcohol, 2",20_alcohol
4311,2,2,22_substance,I do Heroin.,"20_alcohol, 2",20_alcohol
4312,2,2,22_substance,I take Meth.,"20_alcohol, 2",20_alcohol
4313,2,2,22_substance,I do Meth.,"20_alcohol, 2",20_alcohol
4314,2,2,22_substance,I take Molly.,"20_alcohol, 2",20_alcohol
4315,2,2,22_substance,I take mushrooms.,"20_alcohol, 2",20_alcohol
4316,2,1,22_substance,I take Kratom.,"20_alcohol, 1",20_alcohol
4317,2,1,22_substance,I do Kratom.,"20_alcohol, 1",20_alcohol
4318,2,0,22_substance,I take Ketamine.,"3_medication, 0",3_medication
4319,2,2,22_substance,I do Ketamine.,"20_alcohol, 2",20_alcohol
4320,2,2,22_substance,I take Acid.,"20_alcohol, 2",20_alcohol
4321,2,2,22_substance,I take LSD.,"20_alcohol, 2",20_alcohol
4322,2,2,22_substance,I do LSD.,"20_alcohol, 2",20_alcohol
4323,2,2,22_substance,I use drugs or other substances every day and feel like I can’t stop no matter how hard I try.,"20_alcohol, 2",20_alcohol
4324,2,2,22_substance,I feel dependent on marijuana and THC edibles just to get through my day.,"20_alcohol, 2",20_alcohol
4325,2,2,22_substance,"I use multiple types of substances—weed, pills, sometimes harder stuff—and I can’t go a day without them.","20_alcohol, 2",20_alcohol
4326,2,2,22_substance,"I mix different drugs like weed, pills, or shrooms together to get a stronger high.","20_alcohol, 2",20_alcohol
4327,2,2,22_substance,I smoke marijuana and take THC edibles from morning to night.,"20_alcohol, 2",20_alcohol
4328,2,2,22_substance,I’ve lost jobs because of showing up high or being too out of it from using drugs.,"20_alcohol, 2",20_alcohol
4329,2,2,22_substance,I literally can’t start my day without getting high on weed or some kind of drug.,"20_alcohol, 2",20_alcohol
4330,2,2,22_substance,I smoke weed first thing every morning—it’s become a routine.,"20_alcohol, 2",20_alcohol
4331,2,2,22_substance,"Most of my money goes into buying weed, vapes, pills, or other substances.","20_alcohol, 2",20_alcohol
4332,2,2,22_substance,"I’ve tried quitting marijuana and pills multiple times, but I always fall back into it.","20_alcohol, 2",20_alcohol
4333,2,2,22_substance,"When I don’t use drugs for even a day, I feel physically and mentally sick.","20_alcohol, 2",20_alcohol
4334,2,2,22_substance,I rely on a mix of prescription drugs and illegal substances to get by.,"20_alcohol, 2",20_alcohol
4335,2,2,22_substance,"I need to be on something—whether weed, pills, or shrooms—just to feel normal.","20_alcohol, 2",20_alcohol
4336,2,2,22_substance,"My doctor has told me to stop using substances, but I haven’t listened.","20_alcohol, 2",20_alcohol
4337,2,2,22_substance,"I’ve overdosed on drugs before, but that didn’t stop me from using again.","20_alcohol, 2",20_alcohol
4338,2,2,22_substance,"I know that drugs are ruining my life, but I still can’t stop using them.","22_substance, 2",22_substance
4339,2,2,22_substance,I often isolate myself from others so I can use drugs without being judged.,"20_alcohol, 2",20_alcohol
4340,2,2,22_substance,I take drugs just to avoid thinking or feeling anything at all.,"20_alcohol, 2",20_alcohol
4341,2,2,22_substance,My substance use has pushed away friends and family—I’ve lost people I care about.,"20_alcohol, 2",20_alcohol
4342,2,2,22_substance,"I hide my weed, pills, and other substances around the house so no one finds them.","20_alcohol, 2",20_alcohol
4343,2,2,22_substance,"If I try to stop using drugs, I get severe withdrawal symptoms.","20_alcohol, 2",20_alcohol
4344,2,2,22_substance,"Even when I’m sick or unwell, I still end up smoking or using drugs.","20_alcohol, 2",20_alcohol
4345,2,2,22_substance,I feel like I’m constantly high or looking for a way to get high on something.,"20_alcohol, 2",20_alcohol
4346,2,2,22_substance,I’ve missed important family events and work appointments because I was too high.,"20_alcohol, 2",20_alcohol
4347,2,2,22_substance,I’ve had legal issues because of drug possession or using substances in public.,"35_legal, 2",35_legal
4348,2,2,22_substance,I’ve pawned items or sold belongings just to buy more drugs.,"20_alcohol, 2",20_alcohol
4349,2,2,22_substance,I’ve been fired because my drug use affected my ability to show up or perform.,"20_alcohol, 2",20_alcohol
4350,2,2,22_substance,"I regularly mix alcohol with drugs like weed, benzos, or Molly.","22_substance, 2",22_substance
4351,2,2,22_substance,I’ve passed out or collapsed before after using too many drugs.,"20_alcohol, 2",20_alcohol
4352,2,2,22_substance,"At this point, I don’t care about the risks or consequences—I still keep using.","20_alcohol, 2",20_alcohol
4353,2,2,22_substance,"I know I need professional help for my substance use, but I haven’t reached out yet.","20_alcohol, 2",20_alcohol
4354,2,2,22_substance,I use so much that I can’t even keep track of what I’ve taken.,"20_alcohol, 2",20_alcohol
4355,2,2,22_substance,"I sometimes use drugs in places where I know it’s not safe, like bathrooms or alleys.","20_alcohol, 2",20_alcohol
4356,2,2,22_substance,"I lie about how much I use, even to the people closest to me.","20_alcohol, 2",20_alcohol
4357,2,2,22_substance,"I’ve tried meth and heroin, and I still use them occasionally when I can get them.","20_alcohol, 2",20_alcohol
4358,2,2,22_substance,I often lose memory or black out after using too much.,"22_substance, 2",22_substance
4359,2,2,22_substance,"I’ve used weed, pills, or other substances even during work or school hours.","20_alcohol, 2",20_alcohol
4360,2,2,22_substance,I’ve gotten hurt while high—once I fell and hit my head and didn’t even care.,"20_alcohol, 2",20_alcohol
4361,2,2,22_substance,I’ve taken random pills not knowing what they were just to feel something.,"20_alcohol, 2",20_alcohol
4362,2,2,22_substance,The idea of quitting drugs honestly terrifies me—I don’t know who I’d be without them.,"20_alcohol, 2",20_alcohol
4363,2,2,22_substance,"I’ve been in the ER from overdosing, but I went back to using anyway.","20_alcohol, 2",20_alcohol
4364,2,2,22_substance,My partner broke up with me because I wouldn’t stop using drugs.,"20_alcohol, 2",20_alcohol
4365,2,2,22_substance,I crave getting high all the time—even when I’m trying to focus on other things.,"20_alcohol, 2",20_alcohol
4366,2,2,22_substance,Nothing seems to matter to me anymore except staying high on something.,"20_alcohol, 2",20_alcohol
4367,2,2,22_substance,I’ve been asked to leave public places because of how I behaved while high.,"20_alcohol, 2",20_alcohol
4368,2,2,22_substance,I intentionally take more pills or doses than recommended just to feel a stronger effect.,"3_medication, 2",3_medication
4369,2,2,22_substance,I’ve lied during doctor visits to get more prescriptions I didn’t actually need.,"20_alcohol, 2",20_alcohol
4370,2,2,22_substance,I rarely go anywhere unless I’m already high or planning to use when I get there.,"20_alcohol, 2",20_alcohol
4371,2,2,22_substance,I’ve driven under the influence of marijuana and other substances.,"20_alcohol, 2",20_alcohol
4372,2,2,22_substance,I use weed and sleep meds or painkillers every night to be able to fall asleep.,"20_alcohol, 2",20_alcohol
4373,2,2,22_substance,I usually start using something within an hour of waking up and keep going.,"22_substance, 2",22_substance
4374,2,2,22_substance,"I can’t sleep without taking a substance—whether it’s weed, alcohol, or pills.","22_substance, 2",22_substance
4375,2,2,22_substance,"I’ve used substances during funerals, meetings, and other inappropriate times.","20_alcohol, 2",20_alcohol
4376,2,2,22_substance,I’ve gotten violent or deeply hurtful toward people when I was high.,"20_alcohol, 2",20_alcohol
4377,2,2,22_substance,"I obsess over when I’ll get my next hit, dose, or edible.","20_alcohol, 2",20_alcohol
4378,2,2,22_substance,"Even though my health is deteriorating, I haven’t been able to stop using drugs.","20_alcohol, 2",20_alcohol
4379,2,2,22_substance,My family sat me down for an intervention because they’re scared about my drug use.,"20_alcohol, 2",20_alcohol
4380,2,2,22_substance,"I feel emotionally numb unless I’m on weed, shrooms, or something else.","20_alcohol, 2",20_alcohol
4381,2,2,22_substance,I’ve stolen money or lied to people just to buy more substances.,"20_alcohol, 2",20_alcohol
4382,2,2,22_substance,I skip school or ignore work just so I can stay home and get high.,"20_alcohol, 2",20_alcohol
4383,2,2,22_substance,I avoid old friends and loved ones who try to convince me to quit.,"22_substance, 2",22_substance
4384,2,2,22_substance,I get extremely anxious if I think I’m going to run out of weed or pills.,"20_alcohol, 2",20_alcohol
4385,2,2,22_substance,I spend whole weekends or even entire weeks just using and sleeping.,"20_alcohol, 2",20_alcohol
4386,2,2,22_substance,I’ve taken substances I couldn’t identify because I was desperate to feel something.,"20_alcohol, 2",20_alcohol
4387,2,2,22_substance,I feel completely consumed by drugs—they’re the center of my life right now.,"20_alcohol, 2",20_alcohol
4388,0,0,23_Leisure,"I have a vairety of hobbies. I play basketball, listen to music, and play the guitar.","23_leisure, 0",23_leisure
4389,0,0,23_leisure,I like to go window shopping.,"23_leisure, 0",23_leisure
4390,0,0,23_leisure,I like to go shopping.,"23_leisure, 0",23_leisure
4391,0,0,23_leisure,I enjoy having afternoon tea with my besties.,"23_leisure, 0",23_leisure
4392,0,0,23_leisure,I like to do online shopping.,"23_leisure, 0",23_leisure
4393,0,0,23_leisure,"Playing basketball, listening to music, and watching TV.","23_leisure, 0",23_leisure
4394,0,0,23_leisure,I lie on the couch and watch TV series.,"23_leisure, 0",23_leisure
4395,0,0,23_leisure,I make YouTube videos when I get time.,"24_creativity, 0",24_creativity
4396,0,0,23_leisure,I like to watch short videos on YouTube.,"23_leisure, 0",23_leisure
4397,0,0,23_leisure,I like to watch short videos on TikTok.,"23_leisure, 0",23_leisure
4398,0,0,23_leisure,I spend a lot of time on Instagram when I get spare time.,"23_leisure, 0",23_leisure
4399,0,0,23_leisure,I like to spend time on Facebook.,"23_leisure, 0",23_leisure
4400,0,0,23_leisure,I like to read the posts on Twitter.,"23_leisure, 0",23_leisure
4401,0,0,23_leisure,I like to play the guitar and sing.,"24_creativity, 0",24_creativity
4402,0,0,23_leisure,I like to watch movies and listen to music.,"23_leisure, 0",23_leisure
4403,0,0,23_leisure,"I have a lot of hobbies! I like to play tennis and dance, but I also like to read, watch TV, and cook.","23_leisure, 0",23_leisure
4404,0,0,23_leisure,I like to play video games.,"23_leisure, 0",23_leisure
4405,0,0,23_leisure,I like to play PS4.,"23_leisure, 0",23_leisure
4406,0,0,23_leisure,I like to play Switch.,"23_leisure, 0",23_leisure
4407,0,0,23_leisure,I like to play Dota.,"23_leisure, 0",23_leisure
4408,0,0,23_leisure,I like to play League of Legends.,"23_leisure, 0",23_leisure
4409,0,0,23_leisure,I like to play LoL.,"23_leisure, 0",23_leisure
4410,0,0,23_leisure,I like to play PUBG.,"23_leisure, 0",23_leisure
4411,0,0,23_leisure,I like to do gardening.,"23_leisure, 0",23_leisure
4412,0,0,23_leisure,I like to dance.,"23_leisure, 0",23_leisure
4413,0,0,23_leisure,I play board games with my friends.,"23_leisure, 0",23_leisure
4414,0,0,23_leisure,I play the violin.,"24_creativity, 0",24_creativity
4415,0,0,23_leisure,I like to read books.,"23_leisure, 0",23_leisure
4416,0,0,23_leisure,I enjoy reading the magazines with a cup of coffee.,"23_leisure, 0",23_leisure
4417,0,0,23_leisure,"I have a variety of hobbies—playing basketball, listening to music, and playing the guitar keep me active and relaxed.","23_leisure, 0",23_leisure
4418,0,0,23_leisure,I like to go window shopping and browse for inspiration when I have free time.,"23_leisure, 0",23_leisure
4419,0,0,23_leisure,Shopping helps me unwind—I enjoy looking for new clothes or gadgets in my spare time.,"23_leisure, 0",23_leisure
4420,0,0,23_leisure,Having afternoon tea with my best friends is one of my favorite leisure activities.,"23_leisure, 0",23_leisure
4421,0,0,23_leisure,"When I’m free, I enjoy watching TV series and listening to my favorite music.","23_leisure, 0",23_leisure
4422,0,0,23_leisure,I love lounging on the couch and binging a good series to recharge.,"23_leisure, 0",23_leisure
4423,0,0,23_leisure,I make YouTube videos when I get time—it’s a creative outlet for me.,"24_creativity, 0",24_creativity
4424,0,0,23_leisure,Watching short YouTube videos is my go-to activity during downtime.,"23_leisure, 0",23_leisure
4425,0,0,23_leisure,I spend free time on TikTok watching funny and creative videos.,"23_leisure, 0",23_leisure
4426,0,0,23_leisure,I enjoy browsing Instagram when I get a break from work.,"23_leisure, 0",23_leisure
4427,0,0,23_leisure,I like reading posts and catching up with people on Facebook in my free time.,"23_leisure, 0",23_leisure
4428,0,0,23_leisure,Twitter is where I go to follow news and entertainment when I’m relaxing.,"23_leisure, 0",23_leisure
4429,0,0,23_leisure,Playing guitar and singing helps me express myself when I have free time.,"24_creativity, 0",24_creativity
4430,0,0,23_leisure,I usually relax by watching a movie and listening to music on weekends.,"23_leisure, 0",23_leisure
4431,0,0,23_leisure,"I have many hobbies! I enjoy playing tennis, dancing, reading, watching TV, and cooking.","23_leisure, 0",23_leisure
4432,0,0,23_leisure,My go-to activities are gaming and watching TV after work or school.,"23_leisure, 0",23_leisure
4433,0,0,23_leisure,Playing PS4 is my favorite way to unwind at the end of the day.,"23_leisure, 0",23_leisure
4434,0,0,23_leisure,I enjoy playing on my Nintendo Switch when I have a moment to myself.,"23_leisure, 0",23_leisure
4435,0,0,23_leisure,I play Dota with friends as a way to connect and relax.,"32_coping, 0",32_coping
4436,0,0,23_leisure,"I love gaming, especially League of Legends, in my free time.","23_leisure, 0",23_leisure
4437,0,0,23_leisure,LoL is my main hobby—it helps me focus and stay social online.,"23_leisure, 0",23_leisure
4438,0,0,23_leisure,I often play PUBG with friends—it’s fun and exciting.,"23_leisure, 0",23_leisure
4439,0,0,23_leisure,Gardening is something I genuinely enjoy during weekends.,"23_leisure, 0",23_leisure
4440,0,0,23_leisure,I like to dance when I’m free—it lifts my mood and keeps me active.,"23_leisure, 0",23_leisure
4441,0,0,23_leisure,Dancing with friends is my favorite way to enjoy free time.,"23_leisure, 0",23_leisure
4442,0,0,23_leisure,Playing board games with friends always makes my weekends better.,"23_leisure, 0",23_leisure
4443,0,0,23_leisure,I play the violin as a way to enjoy and practice music in my spare time.,"23_leisure, 0",23_leisure
4444,0,0,23_leisure,Reading books is my favorite leisure activity—I do it daily.,"23_leisure, 0",23_leisure
4445,0,0,23_leisure,I enjoy curling up with a book whenever I have a quiet moment.,"23_leisure, 0",23_leisure
4446,0,0,23_leisure,"With a coffee in hand, I love reading magazines and relaxing.","23_leisure, 0",23_leisure
4447,0,0,23_leisure,I like trying out new recipes in the kitchen—it’s my creative outlet.,"24_creativity, 0",24_creativity
4448,0,0,23_leisure,I walk in the park and listen to podcasts when I have a day off.,"23_leisure, 0",23_leisure
4449,0,0,23_leisure,Exploring new music online is one of my favorite pastimes.,"23_leisure, 0",23_leisure
4450,0,0,23_leisure,I follow art tutorials and draw or paint when I want to relax.,"32_coping, 0",32_coping
4451,0,0,23_leisure,I enjoy photography and editing photos when I travel or have time off.,"23_leisure, 0",23_leisure
4452,0,0,23_leisure,Baking is something I enjoy doing on peaceful afternoons.,"23_leisure, 0",23_leisure
4453,0,0,23_leisure,I regularly attend Zumba or dance classes to stay active and have fun.,"37_exercise, 0",37_exercise
4454,0,0,23_leisure,I play piano at night—it calms me and helps me process the day.,"32_coping, 0",32_coping
4455,0,0,23_leisure,I build and paint model kits when I’m feeling focused and creative.,"24_creativity, 0",24_creativity
4456,0,0,23_leisure,Crafting or making handmade gifts is a big part of how I enjoy leisure.,"23_leisure, 0",23_leisure
4457,0,0,23_leisure,I enjoy joining online fan communities or forums about my interests.,"25_community, 0",25_community
4458,0,0,23_leisure,I love organizing and decorating my space as a leisure activity.,"23_leisure, 0",23_leisure
4459,0,0,23_leisure,I write short stories and poems during weekends or when I travel.,"24_creativity, 0",24_creativity
4460,0,0,23_leisure,My idea of a good time is going to a museum or local exhibit.,"23_leisure, 0",23_leisure
4461,0,0,23_leisure,I join group fitness classes—it’s fun and makes me feel accomplished.,"37_exercise, 0",37_exercise
4462,0,0,23_leisure,I enjoy coding personal projects when I have extra time at night.,"23_leisure, 0",23_leisure
4463,0,0,23_leisure,Trying new cafés and reviewing them is a hobby I enjoy a lot.,"23_leisure, 0",23_leisure
4464,0,0,23_leisure,Playing card games with family has become a new favorite pastime.,"23_leisure, 0",23_leisure
4465,0,0,23_leisure,Learning new languages on apps is something I do during breaks.,"23_leisure, 0",23_leisure
4466,0,0,23_leisure,Going to open mic nights or karaoke with friends is a fun outlet.,"23_leisure, 0",23_leisure
4467,0,0,23_leisure,I love browsing thrift shops or vintage markets in my free time.,"23_leisure, 0",23_leisure
4468,0,0,23_leisure,Writing in my journal is one of my favorite ways to reflect and relax.,"32_coping, 0",32_coping
4469,0,0,23_leisure,I enjoy practicing calligraphy and bullet journaling on weekends.,"23_leisure, 0",23_leisure
4470,0,0,23_leisure,Streaming music and organizing playlists is oddly satisfying to me.,"23_leisure, 0",23_leisure
4471,0,0,23_leisure,My favorite way to relax is stargazing or taking photos at sunset.,"32_coping, 0",32_coping
4472,0,0,23_leisure,I enjoy teaching myself new skills through online classes in my free time.,"23_leisure, 0",23_leisure
4473,0,0,23_leisure,Watching vlogs or lifestyle content on YouTube is my downtime favorite.,"23_leisure, 0",23_leisure
4474,0,0,23_leisure,I like helping others with DIY home projects or rearranging furniture.,"23_leisure, 0",23_leisure
4475,0,0,23_leisure,Trying new workout challenges from social media is fun for me.,"37_exercise, 0",37_exercise
4476,0,0,23_leisure,I play trivia or word games to keep my mind sharp and pass the time.,"23_leisure, 0",23_leisure
4477,0,0,23_leisure,I spend time learning new dance routines and recording them for fun.,"23_leisure, 0",23_leisure
4478,1,1,23_leisure,"I used to enjoy painting, but lately I haven’t felt like doing much.","23_leisure, 1",23_leisure
4479,1,1,23_leisure,"I like to watch TV sometimes, but it doesn’t really excite me anymore.","23_leisure, 1",23_leisure
4480,1,1,23_leisure,"I scroll on my phone a lot in my free time, but it feels more like a habit than fun.","23_leisure, 1",23_leisure
4481,1,1,23_leisure,"I used to play soccer with friends, but now I just stay in most weekends.","23_leisure, 1",23_leisure
4482,1,0,23_leisure,"I do enjoy cooking now and then, but only when I’m in the right mood.","23_leisure, 0",23_leisure
4483,1,1,23_leisure,"I occasionally listen to music to relax, but I don't seek out new hobbies.","23_leisure, 1",23_leisure
4484,1,1,23_leisure,"I play video games sometimes, though not with much enthusiasm lately.","23_leisure, 1",23_leisure
4485,1,1,23_leisure,"I’ve been meaning to try something new, but I haven’t gotten around to it.","23_leisure, 1",23_leisure
4486,1,1,23_leisure,"I like watching YouTube, but I wouldn’t call it a real hobby.","23_leisure, 1",23_leisure
4487,1,1,23_leisure,"I occasionally draw, but I haven’t had the motivation recently.","24_creativity, 1",24_creativity
4488,1,1,23_leisure,"I watch movies to pass the time, but they don’t bring me joy like they used to.","23_leisure, 1",23_leisure
4489,1,0,23_leisure,I play mobile games here and there when I'm bored.,"23_leisure, 0",23_leisure
4490,1,1,23_leisure,"I play instruments sometimes, but not regularly anymore.","24_creativity, 1",24_creativity
4491,1,1,23_leisure,"I still go on social media, but I’m mostly just killing time.","23_leisure, 1",23_leisure
4492,1,1,23_leisure,"I garden on weekends, though I’m not as into it as I once was.","23_leisure, 1",23_leisure
4493,1,1,23_leisure,"I’ll join board game nights if invited, but I don’t plan them.","25_community, 1",25_community
4494,1,0,23_leisure,"I write in a journal occasionally, especially when I'm feeling stressed.","32_coping, 0",32_coping
4495,1,1,23_leisure,"I used to love dancing, but haven’t had the energy for it recently.","23_leisure, 1",23_leisure
4496,1,0,23_leisure,Sometimes I clean or organize as a way to stay busy.,"5_house, 0",5_house
4497,1,1,23_leisure,I’ll start a new show but stop watching halfway through.,"23_leisure, 1",23_leisure
4498,1,1,23_leisure,I occasionally bake when I’m feeling up to it.,"23_leisure, 1",23_leisure
4499,1,1,23_leisure,"I sketch when I’m bored, but not consistently.","24_creativity, 1",24_creativity
4500,1,1,23_leisure,"I keep saying I’ll try pottery or painting, but I haven’t yet.","24_creativity, 1",24_creativity
4501,1,1,23_leisure,"I go to the mall just to walk around, but it doesn’t really cheer me up.","23_leisure, 1",23_leisure
4502,1,1,23_leisure,"I used to have a lot of hobbies, but not so much anymore.","23_leisure, 1",23_leisure
4503,1,1,23_leisure,Sometimes I lie on the couch all weekend and just scroll or nap.,"37_exercise, 1",37_exercise
4504,1,1,23_leisure,I’m trying to rediscover things I used to enjoy in my spare time.,"23_leisure, 1",23_leisure
4505,1,1,23_leisure,I sometimes plan to go out but end up staying in.,"14_show_up, 1",14_show_up
4506,1,1,23_leisure,I feel a little disconnected from things that once made me happy.,"2_mood, 1",2_mood
4507,2,2,23_leisure,I don’t do anything in my free time—I usually just lie in bed.,"23_leisure, 2",23_leisure
4508,2,2,23_leisure,I have no hobbies or interests anymore.,"23_leisure, 2",23_leisure
4509,2,2,23_leisure,I honestly don’t remember the last time I did something for fun.,"23_leisure, 2",23_leisure
4510,2,2,23_leisure,"I don’t enjoy anything these days, even things I used to like.","23_leisure, 2",23_leisure
4511,2,2,23_leisure,I feel too tired or unmotivated to engage in any leisure activities.,"23_leisure, 2",23_leisure
4512,2,2,23_leisure,"Nothing sounds fun to me, so I just do nothing.","23_leisure, 2",23_leisure
4513,2,2,23_leisure,I can’t think of anything I enjoy doing lately.,"23_leisure, 2",23_leisure
4514,2,2,23_leisure,I just stare at the ceiling or sleep when I have time off.,"23_leisure, 2",23_leisure
4515,2,1,23_leisure,"Even when I have time, I don’t feel like doing anything.","2_mood, 1",2_mood
4516,2,1,23_leisure,I feel empty during my free time and don't know how to fill it.,"23_leisure, 1",23_leisure
4517,2,1,23_leisure,I don’t have the energy or interest to pick up a hobby.,"23_leisure, 1",23_leisure
4518,2,2,23_leisure,"I used to like painting, but I’ve completely stopped doing anything creative.","24_creativity, 2",24_creativity
4519,2,2,23_leisure,There’s nothing that brings me joy in my leisure time anymore.,"23_leisure, 2",23_leisure
4520,2,1,23_leisure,I feel disconnected from things I used to love doing.,"23_leisure, 1",23_leisure
4521,2,2,23_leisure,I don’t have the motivation to leave the house or start any activity.,"31_motivation, 2",31_Motivation
4522,2,2,23_leisure,I don’t find any activity enjoyable these days.,"23_leisure, 2",23_leisure
4523,2,1,23_leisure,All I do is sleep when I have time to myself.,"10_sleep, 1",10_sleep
4524,2,1,23_leisure,I avoid social events and just stay in doing nothing.,"25_community, 1",25_community
4525,2,2,23_leisure,Even watching TV or listening to music feels exhausting now.,"23_leisure, 2",23_leisure
4526,2,1,23_leisure,I haven’t pursued any hobbies in a long time.,"23_leisure, 1",23_leisure
4527,2,1,23_leisure,"When people talk about hobbies, I feel left out because I don’t have any.","23_leisure, 1",23_leisure
4528,2,1,23_leisure,My weekends feel empty because I don’t do anything fun.,"23_leisure, 1",23_leisure
4529,2,1,23_leisure,I don’t look forward to any free time—I just let it pass.,"23_leisure, 1",23_leisure
4530,2,2,23_leisure,I feel like I’ve lost interest in everything.,"2_mood, 2",2_mood
4531,2,2,23_leisure,I avoid doing anything in my leisure time because I feel numb.,"23_leisure, 2",23_leisure
4532,2,1,23_leisure,I’ve stopped trying new things or going out with friends.,"27_relationship_social, 1",27_relationship_social
4533,2,2,23_leisure,I don't even open the apps I used to enjoy.,"23_leisure, 2",23_leisure
4534,2,1,23_leisure,"I used to read a lot, now I can’t even finish a page.","23_leisure, 1",23_leisure
4535,2,1,23_leisure,My idea of leisure now is doing absolutely nothing.,"23_leisure, 1",23_leisure
4536,2,1,23_leisure,"I used to dance and sing for fun, but I’ve given that up.","23_leisure, 1",23_leisure
4537,2,1,23_leisure,"I feel like hobbies are for other people, not me.","23_leisure, 1",23_leisure
4538,2,2,23_leisure,I’ve withdrawn from everything I once enjoyed.,"23_leisure, 2",23_leisure
4539,2,1,23_leisure,Even social media doesn’t interest me anymore.,"23_leisure, 1",23_leisure
4540,2,2,23_leisure,I’ve stopped going out with friends or talking to them.,"6_talk, 2",6_talk
4541,2,1,23_leisure,I just stay home and do nothing with my spare time.,"23_leisure, 1",23_leisure
4542,2,1,23_leisure,My leisure time is filled with guilt and boredom.,"23_leisure, 1",23_leisure
4543,2,2,23_leisure,I’ve lost all motivation to enjoy myself.,"23_leisure, 2",23_leisure
4544,2,1,23_leisure,I just count the hours until bedtime.,"10_sleep, 1",10_sleep
4545,2,1,23_leisure,I avoid engaging in anything recreational.,"23_leisure, 1",23_leisure
4546,2,2,23_leisure,"I used to go hiking, now I can’t even get out the door.","23_leisure, 2",23_leisure
4547,2,1,23_leisure,"When I try to think of hobbies, I draw a blank.","23_leisure, 1",23_leisure
4548,2,2,23_leisure,I’ve stopped all the creative things I used to do.,"24_creativity, 2",24_creativity
4549,2,2,23_leisure,I don’t participate in any community or leisure activities.,"23_leisure, 2",23_leisure
4550,2,1,23_leisure,"I feel like I’m wasting time, but I still can’t do anything about it.","31_motivation, 1",31_Motivation
4551,2,1,23_leisure,"I stay in bed and scroll aimlessly, not for fun, just out of habit.","32_coping, 1",32_coping
4552,2,1,23_leisure,"My leisure time makes me feel worse, not better.","23_leisure, 1",23_leisure
4553,2,1,23_leisure,I have no plans or goals for things to enjoy.,"23_leisure, 1",23_leisure
4554,2,2,23_leisure,I don’t even try to enjoy myself anymore.,"23_leisure, 2",23_leisure
4555,2,2,23_leisure,"I’ve lost interest in people, hobbies, and entertainment.","2_mood, 2",2_mood
4556,2,1,23_leisure,Free time feels like a burden more than a break.,"23_leisure, 1",23_leisure
4557,2,1,23_leisure,"Even on vacations, I don’t do anything fun.","23_leisure, 1",23_leisure
4558,2,2,23_leisure,I don’t have any creative or recreational outlets anymore.,"23_leisure, 2",23_leisure
4559,2,1,23_leisure,I don’t care about doing anything with my time off.,"23_leisure, 1",23_leisure
4560,2,2,23_leisure,I’ve become completely disengaged from leisure or hobbies.,"23_leisure, 2",23_leisure
4561,2,2,23_leisure,Fun feels like a distant concept to me now.,"2_mood, 2",2_mood
4562,2,2,23_leisure,I haven’t smiled or laughed during any free time recently.,"23_leisure, 2",23_leisure
4563,2,2,23_leisure,I feel no connection to hobbies or entertainment anymore.,"23_leisure, 2",23_leisure
4564,2,1,23_leisure,"When I’m not working, I just shut down mentally.","13_work_life, 1",13_work_life
4565,2,1,23_leisure,I dread weekends because I don’t know what to do.,"23_leisure, 1",23_leisure
4566,2,2,23_leisure,"I feel like I’m just existing, not living.","2_mood, 2",2_mood
4567,2,2,23_leisure,I’ve lost all curiosity and drive to explore hobbies.,"23_leisure, 2",23_leisure
4568,2,1,23_leisure,"Even when people invite me to do things, I say no.","6_talk, 1",6_talk
4569,2,2,23_leisure,I can’t find joy in anything these days.,"2_mood, 2",2_mood
4570,2,2,23_leisure,Leisure time just reminds me of how empty I feel.,"23_leisure, 2",23_leisure
4571,2,2,23_leisure,I can’t remember the last time I looked forward to free time.,"23_leisure, 2",23_leisure
4572,0,0,24_Creativity,I recently painted a landscape and shared it on Instagram.,"24_creativity, 0",24_creativity
4573,0,0,24_creativity,I’ve been writing poems and posting them on my blog.,"24_creativity, 0",24_creativity
4574,0,0,24_creativity,I’m working on a short story and just finished a new chapter.,"24_creativity, 0",24_creativity
4575,0,0,24_creativity,I play guitar and wrote two original songs last week.,"24_creativity, 0",24_creativity
4576,0,0,24_creativity,I’ve been editing videos for a YouTube channel I started.,"24_creativity, 0",24_creativity
4577,0,0,24_creativity,I designed a logo for my friend’s small business.,"24_creativity, 0",24_creativity
4578,0,0,24_creativity,I’ve been taking pottery classes and made my own mugs.,"24_creativity, 0",24_creativity
4579,0,0,24_creativity,I painted a mural in my room over the weekend.,"24_creativity, 0",24_creativity
4580,0,0,24_creativity,I’ve been experimenting with digital art on my tablet.,"24_creativity, 0",24_creativity
4581,0,0,24_creativity,I’m working on a comic strip series and loving it.,"24_creativity, 0",24_creativity
4582,0,0,24_creativity,I write fanfiction and update my stories regularly.,"24_creativity, 0",24_creativity
4583,0,0,24_creativity,I’ve been learning how to sketch portraits and post them online.,"24_creativity, 0",24_creativity
4584,0,0,24_creativity,I recently crocheted a scarf for a friend’s birthday.,"24_creativity, 0",24_creativity
4585,0,0,24_creativity,I’m creating a photo book from my travel pictures.,"24_creativity, 0",24_creativity
4586,0,0,24_creativity,I just submitted an artwork to a local gallery show.,"24_creativity, 0",24_creativity
4587,0,0,24_creativity,I’ve started learning animation and made a few short clips.,"24_creativity, 0",24_creativity
4588,0,0,24_creativity,I wrote and directed a short film with my friends.,"24_creativity, 0",24_creativity
4589,0,0,24_creativity,I’m really into DIY crafts—I made handmade cards last week.,"24_creativity, 0",24_creativity
4590,0,0,24_creativity,I’m helping with costume design for a community theater group.,"25_community, 0",25_community
4591,0,0,24_creativity,I enjoy journaling with calligraphy and stickers—it’s creative and relaxing.,"24_creativity, 0",24_creativity
4592,0,0,24_creativity,I’ve been making digital collages using Canva.,"24_creativity, 0",24_creativity
4593,0,0,24_creativity,I recently composed a piano piece I’d been working on for a while.,"24_creativity, 0",24_creativity
4594,0,0,24_creativity,I’m exploring 3D design and printed a model I designed myself.,"24_creativity, 0",24_creativity
4595,0,0,24_creativity,I took part in an online painting challenge last month.,"24_creativity, 0",24_creativity
4596,0,0,24_creativity,I’m redesigning my apartment with a mood board and color palettes.,"24_creativity, 0",24_creativity
4597,0,0,24_creativity,I write lyrics and perform at local open mic nights.,"24_creativity, 0",24_creativity
4598,0,0,24_creativity,I’ve been doing makeup looks inspired by art movements.,"24_creativity, 0",24_creativity
4599,0,0,24_creativity,I built a terrarium using recycled jars—it turned out great.,"24_creativity, 0",24_creativity
4600,0,0,24_creativity,I recently illustrated a children’s book for a friend.,"24_creativity, 0",24_creativity
4601,0,0,24_creativity,I started a DIY blog and post new crafts every week.,"24_creativity, 0",24_creativity
4602,0,0,24_creativity,I’ve been designing outfits and learning sewing techniques.,"24_creativity, 0",24_creativity
4603,0,0,24_creativity,I’m creating a handmade zine with illustrations and poems.,"24_creativity, 0",24_creativity
4604,0,0,24_creativity,I like doodling comic-style scenes in my spare time.,"24_creativity, 0",24_creativity
4605,0,0,24_creativity,I just painted custom sneakers as a birthday gift.,"24_creativity, 0",24_creativity
4606,0,0,24_creativity,I’m working on developing my own board game.,"24_creativity, 0",24_creativity
4607,0,0,24_creativity,I recently helped choreograph a dance routine.,"24_creativity, 0",24_creativity
4608,0,0,24_creativity,I’m learning embroidery and finished my first hoop art.,"24_creativity, 0",24_creativity
4609,0,0,24_creativity,I’ve been writing scripts for short podcast episodes.,"24_creativity, 0",24_creativity
4610,0,0,24_creativity,I just finished a creative writing workshop online.,"24_creativity, 0",24_creativity
4611,0,0,24_creativity,I designed a creative presentation layout for my class project.,"24_creativity, 0",24_creativity
4612,0,0,24_creativity,I’ve been doing architectural sketching for fun.,"23_leisure, 0",23_leisure
4613,0,0,24_creativity,I created a music mashup and shared it with friends.,"24_creativity, 0",24_creativity
4614,0,0,24_creativity,I recently drew a portrait of my pet in colored pencil.,"24_creativity, 0",24_creativity
4615,0,0,24_creativity,I joined a songwriting group and we meet weekly to collaborate.,"24_creativity, 0",24_creativity
4616,0,0,24_creativity,I make graphic memes that I share on a creative subreddit.,"24_creativity, 0",24_creativity
4617,0,0,24_creativity,I’m building a miniature model of a fantasy village.,"24_creativity, 0",24_creativity
4618,0,0,24_creativity,I helped storyboard an idea for an indie game.,"24_creativity, 0",24_creativity
4619,0,0,24_creativity,I’ve been making candles in custom molds at home.,"24_creativity, 0",24_creativity
4620,0,0,24_creativity,"I started a travel journal with maps, sketches, and notes.","24_creativity, 0",24_creativity
4621,0,0,24_creativity,I’m knitting a sweater from a pattern I modified myself.,"24_creativity, 0",24_creativity
4622,0,0,24_creativity,I created a vision board with magazine cutouts and digital prints.,"24_creativity, 0",24_creativity
4623,0,0,24_creativity,I recently participated in a community chalk art day.,"25_community, 0",25_community
4624,0,0,24_creativity,I made personalized bookmarks for my book club members.,"24_creativity, 0",24_creativity
4625,0,0,24_creativity,I illustrated custom cards for a friend’s wedding.,"24_creativity, 0",24_creativity
4626,0,0,24_creativity,I’ve been painting scenes from dreams I’ve had.,"24_creativity, 0",24_creativity
4627,0,0,24_creativity,I entered an online design contest and got shortlisted.,"24_creativity, 0",24_creativity
4628,0,0,24_creativity,I created a new recipe and styled the dish for a food photo.,"24_creativity, 0",24_creativity
4629,0,0,24_creativity,I’ve been designing fonts and playing with typefaces.,"24_creativity, 0",24_creativity
4630,0,0,24_creativity,I rebranded my resume with custom icons and layout.,"24_creativity, 0",24_creativity
4631,0,0,24_creativity,I’ve been journaling with art prompts every day.,"24_creativity, 0",24_creativity
4632,0,0,24_creativity,I wrote and illustrated a children’s bedtime story.,"24_creativity, 0",24_creativity
4633,0,0,24_creativity,I created stop-motion videos using clay figures.,"24_creativity, 0",24_creativity
4634,0,0,24_creativity,I collaborated on a zine with artists from different countries.,"24_creativity, 0",24_creativity
4635,0,0,24_creativity,I’ve been playing around with AI art tools to explore concepts.,"24_creativity, 0",24_creativity
4636,0,0,24_creativity,I’m editing a documentary-style video about my neighborhood.,"24_creativity, 0",24_creativity
4637,0,0,24_creativity,I do a lot of creative things recently.,"24_creativity, 0",24_creativity
4638,0,0,24_creativity,I design some handicrafts.,"24_creativity, 0",24_creativity
4639,0,0,24_creativity,I do some paintings.,"24_creativity, 0",24_creativity
4640,0,0,24_creativity,I redesign my room.,"5_house, 0",5_house
4641,0,0,24_creativity,I make some home robot.,"24_creativity, 0",24_creativity
4642,0,0,24_creativity,I do crafts.,"24_creativity, 0",24_creativity
4643,0,0,24_creativity,I knit a sweater.,"24_creativity, 0",24_creativity
4644,0,0,24_creativity,I create some smart home routines.,"5_house, 0",5_house
4645,0,0,24_creativity,I made a quilt.,"24_creativity, 0",24_creativity
4646,0,0,24_creativity,I made a some dessert.,"24_creativity, 0",24_creativity
4647,0,0,24_creativity,I made a beautiful cake.,"24_creativity, 0",24_creativity
4648,0,0,24_creativity,I paint my room .,"5_house, 0",5_house
4649,0,0,24_creativity,I made some furnitures.,"24_creativity, 0",24_creativity
4650,0,0,24_creativity,I made some home decors.,"24_creativity, 0",24_creativity
4651,0,0,24_creativity,I made some jewelry.,"24_creativity, 0",24_creativity
4652,0,0,24_creativity,I occasionally make Instagram posts with a creative twist.,"24_creativity, 0",24_creativity
4653,0,0,24_creativity,"I’ve done a little doodling here and there, but nothing serious.","24_creativity, 0",24_creativity
4654,0,1,24_creativity,"I brainstorm ideas, although I rarely follow through.","31_motivation, 1",31_Motivation
4655,1,1,24_creativity,I used to love writing poems but haven't written much lately.,"24_creativity, 1",24_creativity
4656,1,1,24_creativity,I started a crochet project but never finished it.,"24_creativity, 1",24_creativity
4657,1,1,24_creativity,I’ve been meaning to get back into painting but haven’t started yet.,"24_creativity, 1",24_creativity
4658,1,1,24_creativity,I’ve lost a bit of motivation to be creative lately.,"24_creativity, 1",24_creativity
4659,1,1,24_creativity,I keep saving creative DIY videos but don’t try them.,"24_creativity, 1",24_creativity
4660,1,1,24_creativity,I used to blog about creative things but stopped updating.,"24_creativity, 1",24_creativity
4661,1,1,24_creativity,I joined a creativity challenge but only did one day.,"24_creativity, 1",24_creativity
4662,1,1,24_creativity,I’m stuck between wanting to be creative and lacking the energy.,"24_creativity, 1",24_creativity
4663,2,1,24_creativity,I haven’t done anything creative in a long time.,"24_creativity, 1",24_creativity
4664,2,1,24_creativity,I don’t feel motivated to do any creative work lately.,"24_creativity, 1",24_creativity
4665,2,2,24_creativity,"I used to draw and write, but I’ve completely stopped.","24_creativity, 2",24_creativity
4666,2,1,24_creativity,I haven’t had any ideas or inspiration recently.,"24_creativity, 1",24_creativity
4667,2,2,24_creativity,I feel like my creativity is gone.,"24_creativity, 2",24_creativity
4668,2,1,24_creativity,"Even when I try, I can’t think of anything creative to do.","24_creativity, 1",24_creativity
4669,2,2,24_creativity,I don’t have the energy or interest to be creative anymore.,"24_creativity, 2",24_creativity
4670,2,1,24_creativity,I don’t see the point in doing anything artistic or creative.,"24_creativity, 1",24_creativity
4671,2,1,24_creativity,It’s been months since I made anything creative.,"24_creativity, 1",24_creativity
4672,2,2,24_creativity,I stare at a blank page and feel nothing.,"2_mood, 2",2_mood
4673,2,1,24_creativity,I feel too emotionally drained to be creative.,"24_creativity, 1",24_creativity
4674,2,2,24_creativity,"I don’t enjoy drawing, writing, or making anything anymore.","24_creativity, 2",24_creativity
4675,2,1,24_creativity,"I used to love creating things, but now I just feel empty.","2_mood, 1",2_mood
4676,2,1,24_creativity,I have no hobbies that involve creativity right now.,"24_creativity, 1",24_creativity
4677,2,2,24_creativity,I’ve given up on creative pursuits completely.,"24_creativity, 2",24_creativity
4678,2,1,24_creativity,Creativity feels like a chore to me lately.,"24_creativity, 1",24_creativity
4679,2,1,24_creativity,I don’t feel capable of producing anything creative.,"24_creativity, 1",24_creativity
4680,2,1,24_creativity,I’ve lost touch with my creative side.,"24_creativity, 1",24_creativity
4681,2,2,24_creativity,"Nothing I make feels good enough, so I stopped trying.","31_motivation, 2",31_Motivation
4682,2,1,24_creativity,"I haven’t created anything, even though I have the time.","24_creativity, 1",24_creativity
4683,2,1,24_creativity,I can’t bring myself to start a creative project.,"24_creativity, 1",24_creativity
4684,2,1,24_creativity,Even the thought of doing something creative makes me tired.,"24_creativity, 1",24_creativity
4685,2,1,24_creativity,I’ve abandoned all my old art supplies.,"24_creativity, 1",24_creativity
4686,2,1,24_creativity,I feel blocked and unable to do anything artistic.,"24_creativity, 1",24_creativity
4687,2,1,24_creativity,I don’t believe I’m a creative person anymore.,"24_creativity, 1",24_creativity
4688,2,1,24_creativity,I avoid creative tasks because they feel overwhelming.,"24_creativity, 1",24_creativity
4689,2,1,24_creativity,I’m too anxious to express myself creatively.,"24_creativity, 1",24_creativity
4690,2,1,24_creativity,My creative work feels meaningless now.,"24_creativity, 1",24_creativity
4691,2,2,24_creativity,"I’ve stopped writing, drawing, or doing anything expressive.","24_creativity, 2",24_creativity
4692,2,1,24_creativity,I don’t think I have anything original to offer.,"24_creativity, 1",24_creativity
4693,2,1,24_creativity,I haven’t even tried to do something creative this year.,"24_creativity, 1",24_creativity
4694,2,1,24_creativity,My mind feels blank when I sit down to be creative.,"24_creativity, 1",24_creativity
4695,2,1,24_creativity,I don’t get excited about artistic activities anymore.,"24_creativity, 1",24_creativity
4696,2,1,24_creativity,I threw away my sketchbooks and journals.,"24_creativity, 1",24_creativity
4697,2,1,24_creativity,"I used to do creative writing, but I haven’t in ages.","24_creativity, 1",24_creativity
4698,2,1,24_creativity,I don’t find joy in creating like I used to.,"24_creativity, 1",24_creativity
4699,2,2,24_creativity,My creative drive is completely gone.,"24_creativity, 2",24_creativity
4700,2,1,24_creativity,I’ve been feeling creatively paralyzed.,"24_creativity, 1",24_creativity
4701,2,1,24_creativity,"Even when I try, nothing creative comes out.","24_creativity, 1",24_creativity
4702,2,1,24_creativity,I can’t find the spark that used to make me want to create.,"24_creativity, 1",24_creativity
4703,2,1,24_creativity,I haven’t even tried a single artistic project lately.,"24_creativity, 1",24_creativity
4704,2,2,24_creativity,I gave up on my art blog and never looked back.,"24_creativity, 2",24_creativity
4705,2,1,24_creativity,I don’t have the patience for anything creative anymore.,"24_creativity, 1",24_creativity
4706,2,1,24_creativity,I stopped making music because I feel uninspired.,"24_creativity, 1",24_creativity
4707,2,1,24_creativity,I feel disconnected from anything that once felt creative.,"24_creativity, 1",24_creativity
4708,2,1,24_creativity,I haven’t used my camera or art tools in months.,"24_creativity, 1",24_creativity
4709,2,1,24_creativity,I lost confidence in my creative abilities.,"24_creativity, 1",24_creativity
4710,2,1,24_creativity,Creative work feels like something other people do.,"24_creativity, 1",24_creativity
4711,2,1,24_creativity,Even coloring books feel exhausting now.,"23_leisure, 1",23_leisure
4712,2,1,24_creativity,I don’t have a space or mindset to create anything.,"24_creativity, 1",24_creativity
4713,2,1,24_creativity,"I used to scrapbook, now I don’t even organize my photos.","23_leisure, 1",23_leisure
4714,2,1,24_creativity,I have no motivation to express myself in creative ways.,"24_creativity, 1",24_creativity
4715,2,1,24_creativity,My energy is too low to start anything artsy.,"24_creativity, 1",24_creativity
4716,2,2,24_creativity,I stopped doing crafts because they bring me no joy.,"23_leisure, 2",23_leisure
4717,2,2,24_creativity,My creativity feels completely blocked.,"24_creativity, 2",24_creativity
4718,2,1,24_creativity,I haven’t shared or made anything artistic in ages.,"24_creativity, 1",24_creativity
4719,2,1,24_creativity,"Even with free time, I avoid creative projects.","24_creativity, 1",24_creativity
4720,2,1,24_creativity,I feel stuck when I try to make something new.,"24_creativity, 1",24_creativity
4721,2,1,24_creativity,"I used to love drawing, but now it feels pointless.","23_leisure, 1",23_leisure
4722,2,1,24_creativity,I let go of all my artistic ambitions.,"24_creativity, 1",24_creativity
4723,2,1,24_creativity,I feel burnt out and unable to engage creatively.,"24_creativity, 1",24_creativity
4724,2,1,24_creativity,I haven’t had a creative thought in weeks.,"24_creativity, 1",24_creativity
4725,2,1,24_creativity,"Everything I make feels uninspired, so I stopped.","24_creativity, 1",24_creativity
4726,2,1,24_creativity,"I wish I could be creative again, but I’m just not.","24_creativity, 1",24_creativity
4727,2,1,24_creativity,My creativity has taken a back seat to survival lately.,"24_creativity, 1",24_creativity
4728,0,0,25_Community,I volunteer at the local food pantry every Saturday morning.,"25_community, 0",25_community
4729,0,0,25_community,I’m part of a community garden and help plant and harvest vegetables.,"25_community, 0",25_community
4730,0,0,25_community,I organize monthly clean-up events in my neighborhood park.,"25_community, 0",25_community
4731,0,0,25_community,I attend city council meetings to stay informed and voice concerns.,"25_community, 0",25_community
4732,0,0,25_community,I help run a free tutoring program for kids in my apartment complex.,"25_community, 0",25_community
4733,0,0,25_community,I joined a local choir that performs at community events.,"25_community, 0",25_community
4734,0,0,25_community,I coach a youth soccer team in the neighborhood league.,"25_community, 0",25_community
4735,0,0,25_community,I bake for community fundraisers and potlucks.,"25_community, 0",25_community
4736,0,0,25_community,I volunteer with the neighborhood watch group.,"25_community, 0",25_community
4737,0,0,25_community,I attend and help organize cultural festivals in our town.,"25_community, 0",25_community
4738,0,0,25_community,I serve meals at the local homeless shelter twice a month.,"25_community, 0",25_community
4739,0,0,25_community,I host book club meetings for neighbors in my living room.,"25_community, 0",25_community
4740,0,0,25_community,I lead a walking group for seniors in my area.,"25_community, 0",25_community
4741,0,0,25_community,I support a local mutual aid group with donations and logistics.,"25_community, 0",25_community
4742,0,0,25_community,I participate in monthly community board meetings.,"25_community, 0",25_community
4743,0,0,25_community,I helped paint murals with local artists to beautify the neighborhood.,"25_community, 0",25_community
4744,0,0,25_community,I mentor high school students through a community mentoring program.,"25_community, 0",25_community
4745,0,0,25_community,I assist in organizing charity runs in our town.,"25_community, 0",25_community
4746,0,0,25_community,I’m part of a local knitting circle that donates to hospitals.,"25_community, 0",25_community
4747,0,0,25_community,I regularly attend community theater shows and support local artists.,"25_community, 0",25_community
4748,0,0,25_community,I volunteer to drive elderly neighbors to their appointments.,"25_community, 0",25_community
4749,0,0,25_community,I helped organize a neighborhood block party last summer.,"25_community, 0",25_community
4750,0,0,25_community,I helped build a little free library on our street.,"25_community, 0",25_community
4751,0,0,25_community,I help out at my local church and community center events.,"25_community, 0",25_community
4752,0,0,25_community,I teach basic computer skills to seniors at the local library.,"25_community, 0",25_community
4753,0,0,25_community,I joined a local environmental advocacy group.,"25_community, 0",25_community
4754,0,0,25_community,I contribute articles to our neighborhood newsletter.,"25_community, 0",25_community
4755,0,0,25_community,I participate in a neighborhood composting program.,"25_community, 0",25_community
4756,0,0,25_community,I help manage a local community fridge for food sharing.,"25_community, 0",25_community
4757,0,0,25_community,I organize donation drives for local shelters.,"25_community, 0",25_community
4758,0,0,25_community,I attend town hall events and give feedback on development plans.,"25_community, 0",25_community
4759,0,0,25_community,I assist with set-up and clean-up at community fairs.,"25_community, 0",25_community
4760,0,0,25_community,I teach yoga classes at the recreation center.,"25_community, 0",25_community
4761,0,0,25_community,I help plan seasonal festivals in the neighborhood.,"25_community, 0",25_community
4762,0,0,25_community,I attend school board meetings and advocate for better resources.,"25_community, 0",25_community
4763,0,0,25_community,I volunteer as a photographer for local events.,"25_community, 0",25_community
4764,0,0,25_community,I facilitate a weekly mindfulness group for neighbors.,"25_community, 0",25_community
4765,0,0,25_community,I helped coordinate the neighborhood COVID-19 response team.,"25_community, 0",25_community
4766,0,0,25_community,I lead art workshops at the community center.,"25_community, 0",25_community
4767,0,0,25_community,I volunteer with a reading program for elementary students.,"25_community, 0",25_community
4768,0,0,25_community,I’m part of a local time bank where we exchange skills and services.,"25_community, 0",25_community
4769,0,0,25_community,I help maintain the community bulletin board.,"25_community, 0",25_community
4770,0,0,25_community,I speak at public forums about local housing issues.,"25_community, 0",25_community
4771,0,0,25_community,I helped create a safe space for youth in our neighborhood.,"25_community, 0",25_community
4772,0,0,25_community,I’m on the organizing team for our annual neighborhood potluck.,"25_community, 0",25_community
4773,0,0,25_community,I run social media for a local nonprofit.,"25_community, 0",25_community
4774,0,0,25_community,I help distribute care packages for low-income families nearby.,"25_community, 0",25_community
4775,0,0,25_community,I moderate a neighborhood online group that shares resources.,"25_community, 0",25_community
4776,0,0,25_community,I’ve met a lot of people by attending volunteer fairs regularly.,"25_community, 0",25_community
4777,0,0,25_community,I donate blood during community blood drives.,"25_community, 0",25_community
4778,0,0,25_community,I helped set up a neighborhood emergency preparedness plan.,"25_community, 0",25_community
4779,0,0,25_community,I helped create a support group for parents in our community.,"25_community, 0",25_community
4780,0,0,25_community,I foster pets from our local rescue and network them for adoption.,"25_community, 0",25_community
4781,0,0,25_community,I’m in a local cycling club that does charity rides.,"25_community, 0",25_community
4782,0,0,25_community,I organize language exchange meetups in our library.,"25_community, 0",25_community
4783,0,0,25_community,I help translate documents for immigrant neighbors.,"25_community, 0",25_community
4784,0,0,25_community,I join community voting drives and help people register.,"25_community, 0",25_community
4785,0,0,25_community,I maintain a plot in the neighborhood garden and donate extra produce.,"25_community, 0",25_community
4786,0,0,25_community,I offer tech support to older residents through the senior center.,"25_community, 0",25_community
4787,0,0,25_community,I host film nights for neighbors and encourage discussion afterward.,"25_community, 0",25_community
4788,0,0,25_community,I helped organize a town mural with the youth council.,"25_community, 0",25_community
4789,0,0,25_community,I host skill-sharing sessions with neighbors on weekends.,"25_community, 0",25_community
4790,0,0,25_community,I volunteer at the animal shelter.,"25_community, 0",25_community
4791,0,0,25_community,I volunteer at my school.,"25_community, 0",25_community
4792,0,0,25_community,I volunteer at the library.,"25_community, 0",25_community
4793,0,0,25_community,I volunteer at a local store.,"25_community, 0",25_community
4794,0,0,25_community,I volunteer with the Special Olympics.,"25_community, 0",25_community
4795,0,0,25_community,I volunteer in the community,"25_community, 0",25_community
4796,0,0,25_community,I take bus.,"Other, 0","NA, 99"
4797,0,0,25_community,I take subway.,"Other, 0","NA, 99"
4798,0,0,25_community,I take public transportation.,"Other, 0","NA, 99"
4799,0,0,25_community,I work at the library.,"12_work, 0",12_work
4800,0,0,25_community,I go to coummunity events.,"25_community, 0",25_community
4801,0,0,25_community,I went to the protest march.,"25_community, 0",25_community
4802,0,0,25_community,I march for the LGBT.,"25_community, 0",25_community
4803,0,0,25_community,I play the guitar in the local band.,"24_creativity, 0",24_creativity
4804,0,0,25_community,I participate in the local basketball game.,"37_exercise, 0",37_exercise
4805,1,1,25_community,"I sometimes attend community events, but not regularly.","25_community, 1",25_community
4806,1,1,25_community,"I used to be more involved, but I’ve pulled back recently.","25_community, 1",25_community
4807,1,1,25_community,"I helped out at a local fundraiser once, but haven’t since.","25_community, 1",25_community
4808,1,1,25_community,"I follow my neighborhood Facebook group, but I don’t post.","25_community, 1",25_community
4809,1,1,25_community,"I occasionally go to public meetings, but mostly just listen.","25_community, 1",25_community
4810,1,1,25_community,"I’d like to volunteer more, but I’m often too tired after work.","25_community, 1",25_community
4811,1,1,25_community,"I say hi to my neighbors, but I’m not active in any groups.","25_community, 1",25_community
4812,1,1,25_community,I’ve signed up for some community emails but rarely read them.,"25_community, 1",25_community
4813,1,0,25_community,I donated to a local cause but didn’t attend the event.,"25_community, 0",25_community
4814,1,1,25_community,I’ve helped with setup at a community event once or twice.,"25_community, 1",25_community
4815,1,1,25_community,"I’ve gone to a few events hosted by the town, but I don’t feel very connected.","25_community, 1",25_community
4816,1,1,25_community,I sometimes pick up trash around my block but don’t join official cleanups.,"25_community, 1",25_community
4817,1,1,25_community,I keep meaning to attend a council meeting but haven’t yet.,"25_community, 1",25_community
4818,1,0,25_community,I help out occasionally at my kid’s school events.,"25_community, 0",25_community
4819,1,1,25_community,I’m part of a local club but haven’t been to a meeting in a while.,"25_community, 1",25_community
4820,1,1,25_community,I watch town hall videos online but don’t participate live.,"25_community, 1",25_community
4821,1,1,25_community,I RSVP to neighborhood events but often cancel.,"25_community, 1",25_community
4822,1,1,25_community,I offered to volunteer but haven’t been contacted yet.,"25_community, 1",25_community
4823,1,1,25_community,"I’ll donate supplies if someone asks, but I don’t organize anything.","25_community, 1",25_community
4824,1,1,25_community,"I share community posts online, but don’t go to events myself.","25_community, 1",25_community
4825,1,0,25_community,I’ve helped neighbors with small things like pet-sitting.,"25_community, 0",25_community
4826,1,1,25_community,I signed up for a volunteering event but couldn’t make it.,"14_show_up, 1",14_show_up
4827,1,1,25_community,I’m more of a supporter than a participant right now.,"25_community, 1",25_community
4828,1,1,25_community,I joined a local group but don’t feel very involved yet.,"25_community, 1",25_community
4829,1,1,25_community,I’ve walked by events and thought about joining but didn’t.,"25_community, 1",25_community
4830,1,0,25_community,I do talk to neighbors when we run into each other.,"6_talk, 0",6_talk
4831,1,1,25_community,I donated money to a local cause but didn’t engage beyond that.,"25_community, 1",25_community
4832,1,1,25_community,I sometimes join virtual events but rarely speak up.,"6_talk, 1",6_talk
4833,1,1,25_community,I went to a community picnic last year but haven’t since.,"25_community, 1",25_community
4834,1,1,25_community,"I like reading about local initiatives, but I’m too shy to join.","25_community, 1",25_community
4835,1,1,25_community,"I’ve helped out with small tasks at church, but I’m not consistent.","25_community, 1",25_community
4836,1,0,25_community,I attended a neighborhood meeting but didn’t speak.,"25_community, 0",25_community
4837,1,1,25_community,I’ve passed out flyers once for a community event.,"25_community, 1",25_community
4838,1,0,25_community,I helped someone organize a local event but stayed behind the scenes.,"25_community, 0",25_community
4839,1,1,25_community,"I’ve considered volunteering, but I haven’t made time for it.","25_community, 1",25_community
4840,1,1,25_community,"I do stay informed, just not actively involved.","25_community, 1",25_community
4841,1,1,25_community,I interact more online than in person with community things.,"25_community, 1",25_community
4842,1,1,25_community,I’ve dropped off donations but never stuck around to volunteer.,"25_community, 1",25_community
4843,1,0,25_community,I cheer on local parades but don’t march in them.,"25_community, 0",25_community
4844,1,1,25_community,"I’ve helped paint a bench, but it was a one-time thing.","25_community, 1",25_community
4845,1,0,25_community,I’ll occasionally help out when someone asks directly.,"25_community, 0",25_community
4846,1,1,25_community,"I do attend a few local talks, but not regularly.","25_community, 1",25_community
4847,1,0,25_community,I sometimes forward local event invites to others.,"25_community, 0",25_community
4848,1,0,25_community,I’ve hosted a garage sale that brought neighbors together once.,"25_community, 0",25_community
4849,1,1,25_community,I’ve considered joining a club but haven’t followed through.,"25_community, 1",25_community
4850,1,1,25_community,I prefer helping quietly rather than joining organized efforts.,"25_community, 1",25_community
4851,1,1,25_community,I’ve connected neighbors online but don’t meet up in person.,"25_community, 1",25_community
4852,1,0,25_community,I occasionally share information about events in our area.,"25_community, 0",25_community
4853,1,1,25_community,"I try to support local businesses, but that’s about it.","25_community, 1",25_community
4854,1,0,25_community,"I like attending events with friends, but I rarely go alone.","25_community, 0",25_community
4855,1,0,25_community,"I’ve helped neighbors with yard work, but I’m not part of a group.","25_community, 0",25_community
4856,1,0,25_community,I show up for events I’m personally invited to.,"14_show_up, 0",14_show_up
4857,1,1,25_community,I’ve been inconsistent in participating in local activities.,"25_community, 1",25_community
4858,1,1,25_community,"I’ve filled out community surveys, but that’s all.","25_community, 1",25_community
4859,1,0,25_community,I helped once at a voter registration booth.,"25_community, 0",25_community
4860,1,1,25_community,"I share suggestions when asked, but I’m not proactive.","6_talk, 1",6_talk
4861,1,1,25_community,I like feeling connected but struggle to make time.,"26_support_social, 1",26_support_social
4862,1,0,25_community,I sometimes chat with the crossing guard and parents at pickup.,"6_talk, 0",6_talk
4863,1,1,25_community,"I’ve given feedback on local issues online, but not in person.","25_community, 1",25_community
4864,1,2,25_community,I’ve been on mailing lists for years but never attended anything.,"25_community, 2",25_community
4865,1,0,25_community,I help occasionally with bake sales or food drives.,"25_community, 0",25_community
4866,1,0,25_community,I’ve walked a neighbor’s dog when they were sick.,"25_community, 0",25_community
4867,1,1,25_community,I keep up with local news but stay behind the scenes.,"25_community, 1",25_community
4868,2,1,25_community,I don’t really do anything in my neighborhood or community.,"25_community, 1",25_community
4869,2,1,25_community,I’ve never been involved in any community events or groups.,"25_community, 1",25_community
4870,2,1,25_community,I avoid community activities and keep to myself.,"25_community, 1",25_community
4871,2,1,25_community,I don’t know anyone in my neighborhood.,"25_community, 1",25_community
4872,2,1,25_community,I haven’t talked to my neighbors in months.,"6_talk, 1",6_talk
4873,2,2,25_community,I feel too disconnected to participate in anything local.,"25_community, 2",25_community
4874,2,1,25_community,I don’t follow local news or events.,"25_community, 1",25_community
4875,2,1,25_community,I’ve never attended a single neighborhood meeting or gathering.,"25_community, 1",25_community
4876,2,1,25_community,I feel isolated from the community and don’t know how to get involved.,"25_community, 1",25_community
4877,2,1,25_community,I don’t think my presence would matter in community events.,"25_community, 1",25_community
4878,2,1,25_community,I’ve never volunteered or helped in local causes.,"25_community, 1",25_community
4879,2,1,25_community,I feel like an outsider in my own neighborhood.,"25_community, 1",25_community
4880,2,2,25_community,I don’t have the energy or interest to do anything community-related.,"25_community, 2",25_community
4881,2,2,25_community,"I’ve never felt part of a community, so I don’t engage.","25_community, 2",25_community
4882,2,1,25_community,I don’t know about any community resources or programs.,"25_community, 1",25_community
4883,2,1,25_community,I haven’t left my apartment for anything other than errands.,"25_community, 1",25_community
4884,2,2,25_community,I don’t feel safe or welcome in my neighborhood.,"8_safe, 2",8_safe
4885,2,1,25_community,I ignore local emails or flyers about events.,"25_community, 1",25_community
4886,2,1,25_community,I haven’t introduced myself to a single neighbor since moving in.,"25_community, 1",25_community
4887,2,1,25_community,I’m not sure what goes on in my area—I just stay home.,"25_community, 1",25_community
4888,2,1,25_community,"I don’t feel like I belong here, so I don’t participate.","25_community, 1",25_community
4889,2,1,25_community,I avoid gatherings or events where I might have to interact.,"6_talk, 1",6_talk
4890,2,2,25_community,I’ve declined every invitation to a community event.,"25_community, 2",25_community
4891,2,1,25_community,I have no idea who represents my area or what issues we face.,"25_community, 1",25_community
4892,2,1,25_community,"I live here, but I don’t feel like part of the neighborhood.","25_community, 1",25_community
4893,2,1,25_community,I’m too anxious to go to community events.,"25_community, 1",25_community
4894,2,2,25_community,I’ve never helped or joined anything related to the neighborhood.,"25_community, 2",25_community
4895,2,1,25_community,I don't talk to anyone in my building or on my street.,"6_talk, 1",6_talk
4896,2,1,25_community,"Even when things are happening around me, I ignore them.","2_mood, 1",2_mood
4897,2,2,25_community,I’ve isolated myself from any kind of local involvement.,"25_community, 2",25_community
4898,2,1,25_community,I avoid eye contact with neighbors because I feel awkward.,"6_talk, 1",6_talk
4899,2,2,25_community,I never contribute to local discussions or decisions.,"25_community, 2",25_community
4900,2,1,25_community,I’ve never donated or participated in any community drive.,"25_community, 1",25_community
4901,2,1,25_community,I’m unaware of any organizations or groups nearby.,"25_community, 1",25_community
4902,2,1,25_community,I’ve always kept to myself and that hasn’t changed.,"6_talk, 1",6_talk
4903,2,1,25_community,I don’t trust people enough to get involved in community stuff.,"25_community, 1",25_community
4904,2,1,25_community,I don’t go out unless absolutely necessary.,"25_community, 1",25_community
4905,2,1,25_community,I haven’t been invited to anything and haven’t tried either.,"27_relationship_social, 1",27_relationship_social
4906,2,1,25_community,I actively avoid getting involved in anything local.,"25_community, 1",25_community
4907,2,1,25_community,I don’t care what happens in the neighborhood.,"25_community, 1",25_community
4908,2,2,25_community,I have no community ties and don’t plan to make any.,"25_community, 2",25_community
4909,2,2,25_community,I don’t participate because I feel invisible here.,"25_community, 2",25_community
4910,2,1,25_community,I’ve never helped a neighbor or joined a local initiative.,"25_community, 1",25_community
4911,2,1,25_community,I haven’t contributed to anything beyond my own needs.,"25_community, 1",25_community
4912,2,1,25_community,I’m unfamiliar with anyone in my building.,"25_community, 1",25_community
4913,2,1,25_community,I ignore group chats or newsletters from the community.,"25_community, 1",25_community
4914,2,2,25_community,"I haven’t shown up to a single local event, ever.","25_community, 2",25_community
4915,2,1,25_community,I don’t see the point of community activities.,"25_community, 1",25_community
4916,2,1,25_community,I’ve never felt welcome in local groups or events.,"25_community, 1",25_community
4917,2,1,25_community,I’m uninterested in community news or development.,"25_community, 1",25_community
4918,2,2,25_community,"I live here, but I’m completely disconnected from others.","26_support_social, 2",26_support_social
4919,2,1,25_community,I feel socially withdrawn and avoid local engagement.,"25_community, 1",25_community
4920,2,1,25_community,I haven’t been involved in anything beyond my own bubble.,"25_community, 1",25_community
4921,2,1,25_community,I don’t believe I can contribute anything useful to the community.,"25_community, 1",25_community
4922,2,1,25_community,I’ve never reached out to neighbors or local organizations.,"25_community, 1",25_community
4923,2,2,25_community,I stay in and keep to myself at all times.,"6_talk, 2",6_talk
4924,2,1,25_community,I haven’t interacted with anyone outside of work in ages.,"6_talk, 1",6_talk
4925,2,1,25_community,My neighbors are strangers to me.,"25_community, 1",25_community
4926,2,1,25_community,I’ve skipped every opportunity to volunteer.,"25_community, 1",25_community
4927,2,2,25_community,I don’t want to participate in anything.,"25_community, 2",25_community
4928,2,1,25_community,"I’m unfamiliar with local events, and I’ve never looked them up.","25_community, 1",25_community
4929,2,1,25_community,"I’m not sure what’s going on in my community, and I’m okay with that.","25_community, 1",25_community
4930,2,1,25_community,I avoid community because of past negative experiences.,"25_community, 1",25_community
4931,2,1,25_community,"Even if something interests me, I still don’t go.","23_leisure, 1",23_leisure
4932,2,2,25_community,I feel like I’m not part of any community and never have been.,"25_community, 2",25_community
4933,2,1,25_community,I don't go out much.,"25_community, 1",25_community
4934,2,1,25_community,I don't do a lot of community work.,"25_community, 1",25_community
4935,2,0,25_community,I don't go to the clubs or anything like that.,"23_leisure, 0",23_leisure
4936,2,1,25_community,I have never participated in any community activities.,"25_community, 1",25_community
4937,2,1,25_community,I hardly ever participated in any community activities.,"25_community, 1",25_community
4938,2,1,25_community,I don't have motivations to participate in any community activities.,"25_community, 1",25_community
4939,0,0,26_Support_Social,I have a close circle of friends I can rely on whenever I need support.,"26_support_social, 0",26_support_social
4940,0,0,26_support_social,My best friend from college is always there when I need to talk.,"26_support_social, 0",26_support_social
4941,0,0,26_support_social,I have a group of coworkers who support me emotionally and professionally.,"26_support_social, 0",26_support_social
4942,0,0,26_support_social,My roommate and I are really close and we help each other out often.,"26_support_social, 0",26_support_social
4943,0,0,26_support_social,I’m part of a close-knit friend group that checks in with each other daily.,"26_support_social, 0",26_support_social
4944,0,0,26_support_social,My mentor at work has been a strong source of support outside my family.,"26_support_social, 0",26_support_social
4945,0,0,26_support_social,I have a few close friends I’ve known since childhood who always have my back.,"26_support_social, 0",26_support_social
4946,0,0,26_support_social,My partner is a big part of my support network outside of family.,"26_support_social, 0",26_support_social
4947,0,0,26_support_social,"I talk to my therapist regularly, and it’s been very helpful.","4_care, 0",4_care
4948,0,0,26_support_social,I have friends I game with every weekend—they really lift my spirits.,"26_support_social, 0",26_support_social
4949,0,0,26_support_social,I’m part of a support group where we share challenges and wins.,"26_support_social, 0",26_support_social
4950,0,0,26_support_social,I have close friends from my cultural community who support me emotionally.,"26_support_social, 0",26_support_social
4951,0,0,26_support_social,I have a neighbor who’s become one of my closest confidants.,"26_support_social, 0",26_support_social
4952,0,0,26_support_social,My lab mates are a huge source of encouragement during stressful times.,"26_support_social, 0",26_support_social
4953,0,0,26_support_social,"I stay in touch with old classmates, and we support each other through life events.","26_support_social, 0",26_support_social
4954,0,0,26_support_social,I’m part of an online community that’s very supportive and understanding.,"26_support_social, 0",26_support_social
4955,0,0,26_support_social,My spiritual community and church group are a strong source of support.,"26_support_social, 0",26_support_social
4956,0,0,26_support_social,I have a workout buddy who also happens to be a great listener.,"26_support_social, 0",26_support_social
4957,0,0,26_support_social,"I regularly talk to my best friend, even if they live in another city.","6_talk, 0",6_talk
4958,0,0,26_support_social,My boss is very approachable and supportive in both work and personal matters.,"26_support_social, 0",26_support_social
4959,0,0,26_support_social,I’m in a book club where we often share more than just books—we support each other too.,"26_support_social, 0",26_support_social
4960,0,0,26_support_social,My therapist and a few close friends are always available when I need emotional support.,"26_support_social, 0",26_support_social
4961,0,0,26_support_social,My friend circle is tight and they always notice if I seem off.,"26_support_social, 0",26_support_social
4962,0,0,26_support_social,I trust my colleagues with more than just work topics.,"27_relationship_social, 0",27_relationship_social
4963,0,0,26_support_social,My significant other and close friends form my main support system.,"26_support_social, 0",26_support_social
4964,0,0,26_support_social,My former roommate is still one of my biggest supporters.,"26_support_social, 0",26_support_social
4965,0,0,26_support_social,My yoga group has become like a second family to me.,"26_support_social, 0",26_support_social
4966,0,0,26_support_social,I’ve built strong friendships through volunteering at the local shelter.,"25_community, 0",25_community
4967,0,0,26_support_social,My research collaborators are supportive both academically and personally.,"26_support_social, 0",26_support_social
4968,0,0,26_support_social,I keep in touch with my debate team friends and we always back each other up.,"26_support_social, 0",26_support_social
4969,0,0,26_support_social,I have two friends from high school who still know me best.,"26_support_social, 0",26_support_social
4970,0,0,26_support_social,I trust my bandmates with personal issues as much as music.,"26_support_social, 0",26_support_social
4971,0,0,26_support_social,I hang out regularly with my neighbors and they’re a solid support group.,"26_support_social, 0",26_support_social
4972,0,0,26_support_social,My coach is like a mentor who’s always checking in on me.,"26_support_social, 0",26_support_social
4973,0,0,26_support_social,I call my sorority sisters when I’m feeling overwhelmed—they’re always there.,"26_support_social, 0",26_support_social
4974,0,0,26_support_social,I’ve met amazing friends through online forums and chat regularly.,"26_support_social, 0",26_support_social
4975,0,0,26_support_social,My roommate’s family treats me like their own and has been very supportive.,"26_support_social, 0",26_support_social
4976,0,0,26_support_social,My study group is incredibly uplifting and helpful beyond academics.,"26_support_social, 0",26_support_social
4977,0,0,26_support_social,I’ve built strong friendships through my LGBTQ+ community.,"26_support_social, 0",26_support_social
4978,0,0,26_support_social,My professor has become a really trusted person I turn to for guidance.,"26_support_social, 0",26_support_social
4979,0,0,26_support_social,My volunteer team is always willing to lend a hand or a kind ear.,"26_support_social, 0",26_support_social
4980,0,0,26_support_social,I feel truly supported by my running club and we talk outside of practices too.,"26_support_social, 0",26_support_social
4981,0,0,26_support_social,My therapist and creative writing group keep me grounded.,"26_support_social, 0",26_support_social
4982,0,0,26_support_social,The folks from my hiking group have become close friends and supporters.,"26_support_social, 0",26_support_social
4983,0,0,26_support_social,I rely on my online book club friends when I need someone to talk to.,"26_support_social, 0",26_support_social
4984,0,0,26_support_social,I get great emotional support from my cofounders and startup network.,"26_support_social, 0",26_support_social
4985,0,0,26_support_social,I’ve built great friendships with my med school peers who understand the stress.,"27_relationship_social, 0",27_relationship_social
4986,0,0,26_support_social,My support network includes friends from my dance class and they’re amazing.,"26_support_social, 0",26_support_social
4987,0,0,26_support_social,I chat with my language exchange partner weekly—we support each other a lot.,"26_support_social, 0",26_support_social
4988,0,0,26_support_social,My partner’s friends have become a big part of my social support.,"26_support_social, 0",26_support_social
4989,0,0,26_support_social,I feel comfortable being open with my group of podcast co-hosts.,"7_emo, 0",7_emo
4990,0,0,26_support_social,My graduate cohort is really strong—we lift each other up during hard times.,"26_support_social, 0",26_support_social
4991,0,0,26_support_social,My therapist and two best friends are always there when I need a sounding board.,"26_support_social, 0",26_support_social
4992,0,0,26_support_social,I have trusted friends who are always just one message away.,"26_support_social, 0",26_support_social
4993,0,0,26_support_social,My coworking space buddies give me great emotional support.,"26_support_social, 0",26_support_social
4994,0,0,26_support_social,I consider my dog’s trainer a surprising but consistent supporter.,"26_support_social, 0",26_support_social
4995,0,0,26_support_social,My online writing community has become a strong pillar of support.,"26_support_social, 0",26_support_social
4996,0,0,26_support_social,I go to regular meetups and made deep friendships there.,"25_community, 0",25_community
4997,0,0,26_support_social,I have a really supportive group of friends I met through hiking trips.,"26_support_social, 0",26_support_social
4998,0,0,26_support_social,My business accountability partner has also become a close emotional support.,"26_support_social, 0",26_support_social
4999,0,0,26_support_social,I consider several of my classmates part of my support network.,"26_support_social, 0",26_support_social
5000,0,0,26_support_social,My friends from my cultural organization are like siblings to me.,"26_support_social, 0",26_support_social
5001,0,0,26_support_social,I’m in a peer-led support group and we check in every week.,"26_support_social, 0",26_support_social
5002,0,0,26_support_social,My improv group is silly but emotionally supportive when it matters.,"26_support_social, 0",26_support_social
5003,0,0,26_support_social,I meet with friends from my alumni association regularly and they support me emotionally.,"26_support_social, 0",26_support_social
5004,0,0,26_support_social,I have someone to support and help me,"26_support_social, 0",26_support_social
5005,0,0,26_support_social,I always have some one to talk to when I need help.,"26_support_social, 0",26_support_social
5006,0,0,26_support_social,I have someone other than families to support and help me,"26_support_social, 0",26_support_social
5007,0,0,26_support_social,My best friend support me.,"26_support_social, 0",26_support_social
5008,0,0,26_support_social,My best friends is always with me and provide support and help.,"26_support_social, 0",26_support_social
5009,0,0,26_support_social,My pet is always with me and provide support and help.,"26_support_social, 0",26_support_social
5010,0,0,26_support_social,My dog is always with me and provide support and help.,"18_support, 0",18_support
5011,0,0,26_support_social,My cat is always with me and provide support and help.,"26_support_social, 0",26_support_social
5012,0,0,26_support_social,I can chat with someone online when I need support.,"26_support_social, 0",26_support_social
5013,0,0,26_support_social,My friends  help me build self-confidence when I need support.,"26_support_social, 0",26_support_social
5014,0,0,26_support_social,My friends  always help me to go over difficulties when I need support.,"26_support_social, 0",26_support_social
5015,0,0,26_support_social,My friends  always give me confidence when I need support.,"26_support_social, 0",26_support_social
5016,0,0,26_support_social,My friends always encourage me when I need support.,"26_support_social, 0",26_support_social
5017,0,0,26_support_social,My friends listen to my grumble when I need support.,"26_support_social, 0",26_support_social
5018,0,0,26_support_social,I share my life with my friends when I need support.,"26_support_social, 0",26_support_social
5019,0,0,26_support_social,I share my heart with my friends when I need support.,"7_emo, 0",7_emo
5020,1,1,26_support_social,"have some friends I talk to, but I don’t always feel fully supported.","26_support_social, 1",26_support_social
5021,1,1,26_support_social,"I used to be really close with some coworkers, but we’ve drifted apart.","27_relationship_social, 1",27_relationship_social
5022,1,1,26_support_social,"I have friends I hang out with, but I’m not sure if I can rely on them emotionally.","26_support_social, 1",26_support_social
5023,1,1,26_support_social,"I’m friendly with people at school, but I don’t feel very close to anyone.","27_relationship_social, 1",27_relationship_social
5024,1,1,26_support_social,"I message people online sometimes, but it doesn’t feel like real support.","26_support_social, 1",26_support_social
5025,1,1,26_support_social,"I have acquaintances, but I don’t know if they’d be there in a crisis.","26_support_social, 1",26_support_social
5026,1,1,26_support_social,"I talk to my roommate, but we’re not that emotionally close.","7_emo, 1",7_emo
5027,1,1,26_support_social,"I used to have a strong friend group, but we don’t connect as often now.","26_support_social, 1",26_support_social
5028,1,1,26_support_social,"I rely on my partner a bit, but we’re not always on the same page emotionally.","19_family_relationship, 1",19_family_relationship
5029,1,1,26_support_social,"I know people I could call, but I don’t feel comfortable reaching out.","26_support_social, 1",26_support_social
5030,1,1,26_support_social,I chat with people casually but avoid deep conversations.,"7_emo, 1",7_emo
5031,1,1,26_support_social,"I’m part of a few social groups, but I still feel alone sometimes.","26_support_social, 1",26_support_social
5032,1,1,26_support_social,"I see people in my hobbies, but we don’t talk about serious stuff.","26_support_social, 1",26_support_social
5033,1,1,26_support_social,"I have social media friends, but we don’t connect outside of it.","26_support_social, 1",26_support_social
5034,1,1,26_support_social,I wish I had someone other than family to really talk to.,"26_support_social, 1",26_support_social
5035,1,1,26_support_social,"I trust one or two people a little, but I keep my guard up.","26_support_social, 1",26_support_social
5036,1,1,26_support_social,I’ve been meaning to reconnect with old friends for support.,"26_support_social, 1",26_support_social
5037,1,1,26_support_social,I go out with friends but don’t share personal struggles.,"7_emo, 1",7_emo
5038,1,1,26_support_social,I sometimes feel like a burden when I talk about my feelings.,"7_emo, 1",7_emo
5039,1,1,26_support_social,"I talk to coworkers during breaks, but we’re not close outside work.","27_relationship_social, 1",27_relationship_social
5040,1,1,26_support_social,"I’ve joined a group online, but I haven’t gotten to know anyone well yet.","26_support_social, 1",26_support_social
5041,1,1,26_support_social,"I don’t like opening up to people, even if they seem supportive.","7_emo, 1",7_emo
5042,1,1,26_support_social,"I talk to my gym buddy sometimes, but mostly about surface-level stuff.","7_emo, 1",7_emo
5043,1,1,26_support_social,I’ve had some falling outs with friends recently.,"27_relationship_social, 1",27_relationship_social
5044,1,1,26_support_social,"I want to build a support system, but I’m not sure how.","26_support_social, 1",26_support_social
5045,1,1,26_support_social,I’ve lost touch with a few people who used to be my support.,"26_support_social, 1",26_support_social
5046,1,1,26_support_social,"I spend time with people, but I still feel emotionally distant.","7_emo, 1",7_emo
5047,1,0,26_support_social,"I’ve been burned before, so I’m careful who I trust now.","29_safe_sex, 0",29_safe_sex
5048,1,1,26_support_social,"Sometimes I feel supported, sometimes I don’t—it’s inconsistent.","26_support_social, 1",26_support_social
5049,1,1,26_support_social,"I have a creative group I’m part of, but I haven’t connected deeply.","27_relationship_social, 1",27_relationship_social
5050,1,1,26_support_social,"I joke around with people a lot, but avoid serious talks.","7_emo, 1",7_emo
5051,1,1,26_support_social,"I trust some people in theory, but haven’t tested that trust.","26_support_social, 1",26_support_social
5052,1,1,26_support_social,I often talk about others’ problems but hide my own.,"7_emo, 1",7_emo
5053,1,1,26_support_social,"I keep myself busy socially, but I still feel emotionally unsupported.","26_support_social, 1",26_support_social
5054,1,1,26_support_social,I’ve been withdrawing a little from people I used to lean on.,"26_support_social, 1",26_support_social
5055,1,1,26_support_social,I think some friends would help me if I asked—but I don’t.,"26_support_social, 1",26_support_social
5056,2,2,26_support_social,I don't have anyone to support and help me.,"26_support_social, 2",26_support_social
5057,2,2,26_support_social,"When I need help, there's no one supportive around.","26_support_social, 2",26_support_social
5058,2,2,26_support_social,"No one is supportive, I feel like I am always alone.","26_support_social, 2",26_support_social
5059,2,2,26_support_social,I don't know who to talk to when I need support and feel helpless.,"26_support_social, 2",26_support_social
5060,2,2,26_support_social,I don't know who to talk to when I need support.,"26_support_social, 2",26_support_social
5061,2,2,26_support_social,There's no support around me.,"26_support_social, 2",26_support_social
5062,2,2,26_support_social,I don't have any support.,"26_support_social, 2",26_support_social
5063,2,1,26_support_social,I am on my own.,"26_support_social, 1",26_support_social
5064,2,0,26_support_social,I don't need anyone to support me.,"26_support_social, 0",26_support_social
5065,2,1,26_support_social,I hate to be helped by others.,"26_support_social, 1",26_support_social
5066,2,2,26_support_social,Nobody is helpful when I need support.,"26_support_social, 2",26_support_social
5067,2,2,26_support_social,No one is willing to offer me support.,"26_support_social, 2",26_support_social
5068,2,2,26_support_social,No one can help me get rid of problems.,"26_support_social, 2",26_support_social
5069,2,1,26_support_social,I can only handle problems by myself.,"26_support_social, 1",26_support_social
5070,2,2,26_support_social,I don't know who can help me when I need supports.,"26_support_social, 2",26_support_social
5071,2,2,26_support_social,No one can help me when I meet problems.,"26_support_social, 2",26_support_social
5072,2,2,26_support_social,No one is willing to listen to me.,"26_support_social, 2",26_support_social
5073,2,2,26_support_social,I am always alone when I need supports.,"26_support_social, 2",26_support_social
5074,2,2,26_support_social,I am so lonely when I need supports.,"26_support_social, 2",26_support_social
5075,2,2,26_support_social,No one cares about me.,"26_support_social, 2",26_support_social
5076,2,1,26_support_social,No one wants to hear my voice.,"26_support_social, 1",26_support_social
5077,2,1,26_support_social,I don’t really have anyone outside of family that I consider close support.,"26_support_social, 1",26_support_social
5078,2,2,26_support_social,I feel completely alone and don’t have any friends to talk to.,"26_support_social, 2",26_support_social
5079,2,2,26_support_social,There’s no one I trust enough to share my struggles with.,"7_emo, 2",7_emo
5080,2,2,26_support_social,I’ve lost touch with all my friends and haven’t made new ones.,"26_support_social, 2",26_support_social
5081,2,1,26_support_social,I don’t feel comfortable opening up to anyone outside my family.,"7_emo, 1",7_emo
5082,2,1,26_support_social,I have no emotional support outside of immediate family members.,"26_support_social, 1",26_support_social
5083,2,2,26_support_social,I can’t think of a single person I could call if something went wrong.,"26_support_social, 2",26_support_social
5084,2,2,26_support_social,I’m not in touch with any friends from school or work.,"27_relationship_social, 2",27_relationship_social
5085,2,1,26_support_social,I often feel like I have no one in my corner besides family.,"26_support_social, 1",26_support_social
5086,2,2,26_support_social,I haven’t talked to any friends in a long time.,"6_talk, 2",6_talk
5087,2,2,26_support_social,I feel completely unsupported socially and emotionally.,"26_support_social, 2",26_support_social
5088,2,2,26_support_social,I don’t have any close relationships outside of home.,"27_relationship_social, 2",27_relationship_social
5089,2,2,26_support_social,"I used to have friends, but now I feel like I’m on my own.","26_support_social, 2",26_support_social
5090,2,2,26_support_social,I don’t have a single person I confide in.,"26_support_social, 2",26_support_social
5091,2,1,26_support_social,"I never developed close friendships, and it’s hard to start now.","27_relationship_social, 1",27_relationship_social
5092,2,1,26_support_social,I often feel invisible in social settings.,"27_relationship_social, 1",27_relationship_social
5093,2,2,26_support_social,"I avoid getting close to people, so I don’t really have support.","26_support_social, 2",26_support_social
5094,2,2,26_support_social,I’ve burned bridges and haven’t rebuilt any new support.,"26_support_social, 2",26_support_social
5095,2,2,26_support_social,I can’t count on anyone but myself.,"26_support_social, 2",26_support_social
5096,2,1,26_support_social,I’m not part of any community or social group.,"25_community, 1",25_community
5097,2,2,26_support_social,I don’t have anyone I’d consider emotionally available to me.,"26_support_social, 2",26_support_social
5098,2,2,26_support_social,I haven’t made a friend I feel truly safe with in years.,"27_relationship_social, 2",27_relationship_social
5099,2,1,26_support_social,I don’t talk to anyone outside of work-related conversations.,"6_talk, 1",6_talk
5100,2,2,26_support_social,I feel extremely disconnected from any kind of social support.,"26_support_social, 2",26_support_social
5101,2,1,26_support_social,I’ve tried reaching out to people but got no response.,"26_support_social, 1",26_support_social
5102,2,1,26_support_social,I don’t know how to build meaningful connections.,"27_relationship_social, 1",27_relationship_social
5103,2,2,26_support_social,I feel rejected by peers and rarely try anymore.,"27_relationship_social, 2",27_relationship_social
5104,2,2,26_support_social,I’m socially isolated and don’t have friendships I can lean on.,"26_support_social, 2",26_support_social
5105,2,2,26_support_social,I’ve withdrawn from everyone except close family.,"6_talk, 2",6_talk
5106,2,1,26_support_social,I haven’t had a deep conversation with anyone in a long time.,"7_emo, 1",7_emo
5107,2,1,26_support_social,I feel like I have to deal with everything on my own.,"26_support_social, 1",26_support_social
5108,2,1,26_support_social,"I’ve had bad experiences trusting others, so I stopped trying.","27_relationship_social, 1",27_relationship_social
5109,2,2,26_support_social,I don’t know anyone I could turn to in a crisis.,"26_support_social, 2",26_support_social
5110,2,1,26_support_social,I don’t feel seen or heard by anyone outside my home.,"26_support_social, 1",26_support_social
5111,2,2,26_support_social,No one checks in on me or notices when I’m struggling.,"26_support_social, 2",26_support_social
5112,2,2,26_support_social,I spend most of my time alone and have no one to reach out to.,"26_support_social, 2",26_support_social
5113,2,1,26_support_social,I feel like I’ve been forgotten by everyone.,"2_mood, 1",2_mood
5114,2,2,26_support_social,I don’t even know how to begin building a support network.,"26_support_social, 2",26_support_social
5115,2,2,26_support_social,I’ve been so isolated that I’m not sure who I am to anyone.,"26_support_social, 2",26_support_social
5116,2,1,26_support_social,I don’t think anyone outside of my family cares about me.,"26_support_social, 1",26_support_social
5117,2,2,26_support_social,I often cry alone because I don’t feel supported by friends.,"26_support_social, 2",26_support_social
5118,2,2,26_support_social,I haven’t had a real friend in a very long time.,"27_relationship_social, 2",27_relationship_social
5119,2,2,26_support_social,I’m completely estranged from my old support system.,"26_support_social, 2",26_support_social
5120,2,2,26_support_social,"I used to have community, but now I have no social ties.","26_support_social, 2",26_support_social
5121,2,1,26_support_social,I stay silent because I believe no one would understand me.,"7_emo, 1",7_emo
5122,2,2,26_support_social,I avoid social situations because I feel like I don’t belong.,"6_talk, 2",6_talk
5123,2,2,26_support_social,There’s a deep loneliness in not having anyone to turn to.,"26_support_social, 2",26_support_social
5124,2,1,26_support_social,I feel emotionally numb from a lack of social connection.,"26_support_social, 1",26_support_social
5125,2,2,26_support_social,"My loneliness feels overwhelming, especially without social support.","26_support_social, 2",26_support_social
5126,2,2,26_support_social,I don’t feel like anyone would notice if I disappeared.,"8_safe, 2",8_safe
5127,2,2,26_support_social,I’ve stopped trying to connect with others—it feels hopeless.,"6_talk, 2",6_talk
5128,2,2,26_support_social,"I live in a social vacuum, with no connection to anyone.","26_support_social, 2",26_support_social
5129,2,2,26_support_social,I’ve never had anyone outside my family who truly supported me.,"26_support_social, 2",26_support_social
5130,2,1,26_support_social,"My friendships have faded, and I haven’t formed new ones.","27_relationship_social, 1",27_relationship_social
5131,2,1,26_support_social,It feels like I’ve been left behind by everyone else socially.,"26_support_social, 1",26_support_social
5132,2,2,26_support_social,I’ve isolated myself so much that I don’t know how to reconnect.,"6_talk, 2",6_talk
5133,2,1,26_support_social,"Every time I try to reach out, I feel rejected or ignored.","26_support_social, 1",26_support_social
5134,2,1,26_support_social,"Even online, I haven’t found a space where I feel supported.","26_support_social, 1",26_support_social
5135,2,1,26_support_social,I’ve been ghosted by people I thought were friends.,"27_relationship_social, 1",27_relationship_social
5136,2,2,26_support_social,I’m embarrassed that I don’t have any close support system.,"26_support_social, 2",26_support_social
5137,2,1,26_support_social,The people I used to count on have all moved on.,"26_support_social, 1",26_support_social
5138,2,1,26_support_social,I don’t think anyone truly knows me outside my family.,"27_relationship_social, 1",27_relationship_social
5139,2,2,26_support_social,I’ve built walls so high that no one else is inside anymore.,"7_emo, 2",7_emo
5140,2,1,26_support_social,I’ve come to expect that I’ll face things alone.,"26_support_social, 1",26_support_social
5141,0,0,27_relationship_social,I hang out with my friends every weekend—we either grab dinner or go hiking.,"27_relationship_social, 0",27_relationship_social
5142,0,0,27_relationship_social,My coworkers and I go out for lunch almost every day.,"27_relationship_social, 0",27_relationship_social
5143,0,0,27_relationship_social,I’m really close with my labmates and we often hang out after work.,"27_relationship_social, 0",27_relationship_social
5144,0,0,27_relationship_social,I have a great relationship with my coworkers and we chat daily.,"27_relationship_social, 0",27_relationship_social
5145,0,0,27_relationship_social,I often grab coffee with friends after class.,"27_relationship_social, 0",27_relationship_social
5146,0,0,27_relationship_social,My roommates and I plan weekly outings together.,"23_leisure, 0",23_leisure
5147,0,0,27_relationship_social,I hang out with a small group of friends from work at least twice a week.,"27_relationship_social, 0",27_relationship_social
5148,0,0,27_relationship_social,My colleagues and I go to happy hours on Fridays.,"27_relationship_social, 0",27_relationship_social
5149,0,0,27_relationship_social,"I love spending time with friends, and we plan fun activities often.","27_relationship_social, 0",27_relationship_social
5150,0,0,27_relationship_social,I’m part of a trivia team with coworkers—we meet every Thursday.,"25_community, 0",25_community
5151,0,0,27_relationship_social,I go to the gym with a friend from work regularly.,"37_exercise, 0",37_exercise
5152,0,0,27_relationship_social,My high school friends and I still catch up every month.,"27_relationship_social, 0",27_relationship_social
5153,0,0,27_relationship_social,I hang out with both work friends and neighbors on weekends.,"27_relationship_social, 0",27_relationship_social
5154,0,0,27_relationship_social,I enjoy chatting and laughing with coworkers throughout the day.,"27_relationship_social, 0",27_relationship_social
5155,0,0,27_relationship_social,I’ve built strong friendships with a few classmates—we study and hang out together.,"27_relationship_social, 0",27_relationship_social
5156,0,0,27_relationship_social,I go to concerts or events with friends pretty often.,"23_leisure, 0",23_leisure
5157,0,0,27_relationship_social,I go to coworker birthday parties and other get-togethers regularly.,"27_relationship_social, 0",27_relationship_social
5158,0,0,27_relationship_social,I’ve hosted friends from work at my home for dinner several times.,"27_relationship_social, 0",27_relationship_social
5159,0,0,27_relationship_social,I feel really connected to my friend group—we talk and meet up often.,"26_support_social, 0",26_support_social
5160,0,0,27_relationship_social,I spend most weekends with at least one friend or coworker.,"27_relationship_social, 0",27_relationship_social
5161,0,0,27_relationship_social,I regularly play sports with friends and coworkers from my office.,"37_exercise, 0",37_exercise
5162,0,0,27_relationship_social,I go on short trips with my best friends when we all get time off.,"23_leisure, 0",23_leisure
5163,0,0,27_relationship_social,I often invite coworkers to social events outside of work.,"27_relationship_social, 0",27_relationship_social
5164,0,0,27_relationship_social,I meet with friends for weekend brunches regularly.,"27_relationship_social, 0",27_relationship_social
5165,0,0,27_relationship_social,I’m in a band with coworkers and we practice weekly.,"27_relationship_social, 0",27_relationship_social
5166,0,0,27_relationship_social,I share meals with friends several times a week.,"27_relationship_social, 0",27_relationship_social
5167,0,0,27_relationship_social,I go to group fitness classes with friends and we hang out after.,"37_exercise, 0",37_exercise
5168,0,0,27_relationship_social,We’ve built a strong team bond that extends outside the office.,"27_relationship_social, 0",27_relationship_social
5169,0,0,27_relationship_social,I’ve grown very close to a few coworkers and we hang out often.,"27_relationship_social, 0",27_relationship_social
5170,0,0,27_relationship_social,I attend coworker weddings and family events.,"27_relationship_social, 0",27_relationship_social
5171,0,0,27_relationship_social,I love hanging out with my friends after our volunteer shifts.,"25_community, 0",25_community
5172,0,0,27_relationship_social,"I chat with friends on walks, hikes, or over dinner often.","6_talk, 0",6_talk
5173,0,0,27_relationship_social,We have a strong friendship network at work that supports one another.,"26_support_social, 0",26_support_social
5174,0,0,27_relationship_social,I attend meetups and social events with my friend group frequently.,"25_community, 0",25_community
5175,0,0,27_relationship_social,I’m close enough with coworkers that we confide in each other outside of work.,"27_relationship_social, 0",27_relationship_social
5176,0,0,27_relationship_social,We host potlucks and small gatherings with colleagues often.,"27_relationship_social, 0",27_relationship_social
5177,0,0,27_relationship_social,I feel socially connected through my interactions with friends and peers.,"26_support_social, 0",26_support_social
5178,0,0,27_relationship_social,We organize friendly competitions and events with our team at work.,"27_relationship_social, 0",27_relationship_social
5179,0,0,27_relationship_social,I never feel isolated—I have people to hang out with at all times.,"26_support_social, 0",26_support_social
5180,0,0,27_relationship_social,I see my friends regularly and feel really satisfied with our relationships.,"27_relationship_social, 0",27_relationship_social
5181,0,0,27_relationship_social,I always look forward to hanging out with my peers after work.,"27_relationship_social, 0",27_relationship_social
5182,0,0,27_relationship_social,My friends and I often do movie nights and share life updates.,"26_support_social, 0",26_support_social
5183,0,0,27_relationship_social,"I’ve built a strong network of friends across work, school, and activities.","26_support_social, 0",26_support_social
5184,0,0,27_relationship_social,I enjoy weekly hangouts with my team—it strengthens our bond.,"27_relationship_social, 0",27_relationship_social
5185,0,0,27_relationship_social,My social life includes friends from different areas of my life.,"27_relationship_social, 0",27_relationship_social
5186,0,0,27_relationship_social,I talk and laugh with coworkers every day—it’s a great environment.,"27_relationship_social, 0",27_relationship_social
5187,0,0,27_relationship_social,We go camping and plan weekend getaways as a group of friends.,"23_leisure, 0",23_leisure
5188,0,0,27_relationship_social,I always have someone to call or hang out with.,"26_support_social, 0",26_support_social
5189,0,0,27_relationship_social,I genuinely enjoy spending time with people I work and study with.,"27_relationship_social, 0",27_relationship_social
5190,0,0,27_relationship_social,I often hang out with teammates after our practice sessions.,"27_relationship_social, 0",27_relationship_social
5191,0,0,27_relationship_social,We celebrate small wins together and enjoy group lunches.,"27_relationship_social, 0",27_relationship_social
5192,0,0,27_relationship_social,We plan surprise parties for friends and colleagues often.,"27_relationship_social, 0",27_relationship_social
5193,1,1,27_relationship_social,"I hang out with friends occasionally, but not as often as I’d like.","27_relationship_social, 1",27_relationship_social
5194,1,1,27_relationship_social,"I talk to coworkers at work, but we rarely socialize outside.","27_relationship_social, 1",27_relationship_social
5195,1,1,27_relationship_social,"I used to go out more with friends, but lately it’s been less frequent.","27_relationship_social, 1",27_relationship_social
5196,1,1,27_relationship_social,I sometimes feel left out when my friends make plans without me.,"27_relationship_social, 1",27_relationship_social
5197,1,1,27_relationship_social,"I grab coffee with coworkers once in a while, but we’re not that close.","27_relationship_social, 1",27_relationship_social
5198,1,1,27_relationship_social,I have one or two friends I see every now and then.,"26_support_social, 1",26_support_social
5199,1,1,27_relationship_social,I’ve drifted apart from many of my old friends.,"27_relationship_social, 1",27_relationship_social
5200,1,1,27_relationship_social,"I chat with friends online, but we rarely meet in person.","27_relationship_social, 1",27_relationship_social
5201,1,1,27_relationship_social,"I try to stay in touch with friends, but we’re all so busy.","27_relationship_social, 1",27_relationship_social
5202,1,0,27_relationship_social,My coworkers and I talk during breaks but don’t hang out much otherwise.,"27_relationship_social, 0",27_relationship_social
5203,1,1,27_relationship_social,I don’t see my friends as often as I’d prefer.,"27_relationship_social, 1",27_relationship_social
5204,1,1,27_relationship_social,I mostly spend time alone outside of work.,"27_relationship_social, 1",27_relationship_social
5205,1,1,27_relationship_social,"I used to hang out with colleagues more, but that’s faded recently.","27_relationship_social, 1",27_relationship_social
5206,1,1,27_relationship_social,I’ve been meaning to reconnect with old friends but haven’t yet.,"27_relationship_social, 1",27_relationship_social
5207,1,0,27_relationship_social,"I feel close to a few people at work, but we rarely hang out outside.","27_relationship_social, 0",27_relationship_social
5208,1,1,27_relationship_social,I talk to my friends over text but don’t really meet up.,"27_relationship_social, 1",27_relationship_social
5209,1,1,27_relationship_social,"I want to be more social, but it’s hard to find time.","27_relationship_social, 1",27_relationship_social
5210,1,1,27_relationship_social,I feel a bit distant from my friend group lately.,"27_relationship_social, 1",27_relationship_social
5211,1,1,27_relationship_social,"I hang out with coworkers at events, but we don’t talk beyond that.","27_relationship_social, 1",27_relationship_social
5212,1,1,27_relationship_social,I don’t really have regular social plans with friends.,"27_relationship_social, 1",27_relationship_social
5213,1,1,27_relationship_social,I feel like I don’t get invited to hang out as much as others.,"27_relationship_social, 1",27_relationship_social
5214,1,1,27_relationship_social,I spend time with acquaintances but not close friends.,"27_relationship_social, 1",27_relationship_social
5215,1,1,27_relationship_social,"I try to join team lunches, but I often feel disconnected.","27_relationship_social, 1",27_relationship_social
5216,1,0,27_relationship_social,I occasionally go out for drinks with friends but nothing consistent.,"22_substance, 0",22_substance
5217,1,1,27_relationship_social,"My social life isn’t what it used to be, but I still talk to people.","27_relationship_social, 1",27_relationship_social
5218,1,0,27_relationship_social,I keep things surface-level with most coworkers.,"27_relationship_social, 0",27_relationship_social
5219,1,1,27_relationship_social,I miss hanging out like we used to before everyone got busy.,"27_relationship_social, 1",27_relationship_social
5220,1,1,27_relationship_social,I occasionally run into friends but don’t make plans actively.,"27_relationship_social, 1",27_relationship_social
5221,1,1,27_relationship_social,I hang out with others more for obligation than for fun.,"23_leisure, 1",23_leisure
5222,1,1,27_relationship_social,"I talk to friends at the gym, but we don’t connect outside.","27_relationship_social, 1",27_relationship_social
5223,1,1,27_relationship_social,I’m trying to rebuild some of my old friendships.,"27_relationship_social, 1",27_relationship_social
5224,1,1,27_relationship_social,"My social life exists, but it’s kind of flat right now.","27_relationship_social, 1",27_relationship_social
5225,1,1,27_relationship_social,I’ve become more passive in socializing compared to before.,"6_talk, 1",6_talk
5226,1,1,27_relationship_social,"I try to join virtual hangouts, but I don’t talk much.","6_talk, 1",6_talk
5227,2,1,27_relationship_social,I’ve made a few new friends but don’t hang out yet.,"27_relationship_social, 1",27_relationship_social
5228,2,1,27_relationship_social,I don’t really talk to my friends anymore. We’ve grown apart.,"27_relationship_social, 1",27_relationship_social
5229,2,1,27_relationship_social,I feel like I’ve lost touch with both my friends and coworkers.,"27_relationship_social, 1",27_relationship_social
5230,2,2,27_relationship_social,I haven’t hung out with anyone in a long time.,"27_relationship_social, 2",27_relationship_social
5231,2,1,27_relationship_social,I feel very distant from the people I work with and used to call friends.,"27_relationship_social, 1",27_relationship_social
5232,2,2,27_relationship_social,I don’t have anyone I can comfortably hang out with these days.,"26_support_social, 2",26_support_social
5233,2,1,27_relationship_social,My relationship with coworkers is purely transactional—we don’t talk outside work.,"27_relationship_social, 1",27_relationship_social
5234,2,2,27_relationship_social,I avoid social situations at work and with friends because I feel anxious.,"6_talk, 2",6_talk
5235,2,1,27_relationship_social,I don’t feel like I belong in my workplace or my social circle.,"27_relationship_social, 1",27_relationship_social
5236,2,1,27_relationship_social,"I used to have close friends, but now I mostly keep to myself.","27_relationship_social, 1",27_relationship_social
5237,2,2,27_relationship_social,I haven’t spoken to my friends in weeks or even months.,"27_relationship_social, 2",27_relationship_social
5238,2,1,27_relationship_social,I sit alone during lunch at work and don’t engage with colleagues.,"27_relationship_social, 1",27_relationship_social
5239,2,1,27_relationship_social,"My friends stopped inviting me to things, and I stopped reaching out too.","27_relationship_social, 1",27_relationship_social
5240,2,1,27_relationship_social,I feel like an outsider in both my personal and professional relationships.,"27_relationship_social, 1",27_relationship_social
5241,2,1,27_relationship_social,I don’t have meaningful conversations with anyone these days.,"6_talk, 1",6_talk
5242,2,1,27_relationship_social,I often feel excluded or overlooked in social and work settings.,"27_relationship_social, 1",27_relationship_social
5243,2,1,27_relationship_social,I feel invisible around my coworkers and unimportant to my friends.,"27_relationship_social, 1",27_relationship_social
5244,2,2,27_relationship_social,I dread social interactions and have no close friendships anymore.,"27_relationship_social, 2",27_relationship_social
5245,2,1,27_relationship_social,I’ve had conflicts with friends and haven’t repaired the relationships.,"27_relationship_social, 1",27_relationship_social
5246,2,1,27_relationship_social,People at work don’t seem to care about me personally.,"27_relationship_social, 1",27_relationship_social
5247,2,1,27_relationship_social,"I used to have a good friend at work, but we don’t talk anymore.","27_relationship_social, 1",27_relationship_social
5248,2,2,27_relationship_social,I’ve withdrawn from social life and don’t talk to friends or coworkers.,"6_talk, 2",6_talk
5249,2,2,27_relationship_social,"I don’t feel connected to anyone around me, not even at work.","26_support_social, 2",26_support_social
5250,2,2,27_relationship_social,I’ve burned some bridges and haven’t made new connections since.,"26_support_social, 2",26_support_social
5251,2,1,27_relationship_social,"I spend most of my time alone, even during work breaks or weekends.","27_relationship_social, 1",27_relationship_social
5252,2,1,27_relationship_social,I feel disconnected from my social life and don’t know how to fix it.,"27_relationship_social, 1",27_relationship_social
5253,2,1,27_relationship_social,I can’t remember the last time I was invited to hang out.,"27_relationship_social, 1",27_relationship_social
5254,2,1,27_relationship_social,My attempts to reconnect with friends haven’t gone well.,"27_relationship_social, 1",27_relationship_social
5255,2,1,27_relationship_social,I feel emotionally drained after trying to interact with others.,"6_talk, 1",6_talk
5256,2,1,27_relationship_social,I’ve lost trust in people around me due to past conflicts.,"27_relationship_social, 1",27_relationship_social
5257,2,2,27_relationship_social,I feel completely unsupported by both friends and coworkers.,"26_support_social, 2",26_support_social
5258,2,1,27_relationship_social,I often eat meals alone and spend weekends isolated.,"26_support_social, 1",26_support_social
5259,2,1,27_relationship_social,I try to stay under the radar at work because I don’t feel welcomed.,"27_relationship_social, 1",27_relationship_social
5260,2,2,27_relationship_social,I’ve stopped trying to make friends—it feels pointless now.,"27_relationship_social, 2",27_relationship_social
5261,2,1,27_relationship_social,I constantly feel like I’m not part of the group.,"27_relationship_social, 1",27_relationship_social
5262,2,1,27_relationship_social,I haven’t had a heart-to-heart with anyone in ages.,"7_emo, 1",7_emo
5263,2,1,27_relationship_social,I avoid office gatherings and ignore friend group messages.,"6_talk, 1",6_talk
5264,2,2,27_relationship_social,I often cry after work or on weekends from loneliness.,"2_mood, 2",2_mood
5265,2,2,27_relationship_social,I’ve stopped responding to social invitations because I feel out of place.,"27_relationship_social, 2",27_relationship_social
5266,2,1,27_relationship_social,I feel like people tolerate me but don’t truly want me around.,"27_relationship_social, 1",27_relationship_social
5267,2,1,27_relationship_social,I don’t feel emotionally safe around my coworkers or social group.,"27_relationship_social, 1",27_relationship_social
5268,2,2,27_relationship_social,I isolate myself because I feel judged by people I know.,"27_relationship_social, 2",27_relationship_social
5269,2,1,27_relationship_social,My last friendship ended badly and I haven’t recovered from it.,"27_relationship_social, 1",27_relationship_social
5270,2,2,27_relationship_social,I work in silence and go home to silence—there’s no connection.,"26_support_social, 2",26_support_social
5271,2,1,27_relationship_social,I see pictures of others hanging out without me and feel left out.,"26_support_social, 1",26_support_social
5272,2,1,27_relationship_social,I feel like a burden when I try to connect with people.,"6_talk, 1",6_talk
5273,2,2,27_relationship_social,I’ve had arguments with colleagues and now avoid them entirely.,"27_relationship_social, 2",27_relationship_social
5274,2,2,27_relationship_social,There’s no one I can talk to about my personal life anymore.,"26_support_social, 2",26_support_social
5275,2,1,27_relationship_social,I’ve become afraid of forming new relationships after being hurt.,"27_relationship_social, 1",27_relationship_social
5276,2,1,27_relationship_social,I’ve been ghosted by people I thought were my friends.,"27_relationship_social, 1",27_relationship_social
5277,2,1,27_relationship_social,Most of my messages to friends go unanswered lately and I don't think we are friends any more.,"27_relationship_social, 1",27_relationship_social
5278,0,0,28_boundary,"When I asked for alone time after work, they gave it without question.","29_safe_sex, 0",29_safe_sex
5279,0,0,28_boundary,They always ask before posting pictures of us online.,"29_safe_sex, 0",29_safe_sex
5280,0,0,28_boundary,"I told them I didn’t like teasing about my appearance, and they stopped immediately.","29_safe_sex, 0",29_safe_sex
5281,0,0,28_boundary,We both agreed to take weekends off for personal hobbies and have stuck to it.,"13_work_life, 0",13_work_life
5282,0,0,28_boundary,I can cry in front of them and feel nothing but comfort.,"7_emo, 0",7_emo
5283,0,0,28_boundary,They reminded me I don’t have to attend every family event if I’m tired.,"29_safe_sex, 0",29_safe_sex
5284,0,0,28_boundary,"When we disagreed on money, we set limits and talked through them calmly.","15_finance, 0",15_finance
5285,0,0,28_boundary,They check in with me during heated conversations to make sure I’m okay.,"26_support_social, 0",26_support_social
5286,0,0,28_boundary,"When I asked to pause intimacy during a rough patch, they respected it fully.","29_safe_sex, 0",29_safe_sex
5287,0,0,28_boundary,We talk openly about our needs around physical affection.,"29_safe_sex, 0",29_safe_sex
5288,0,0,28_boundary,"I once needed a break from texting all day, and they understood without offense.","29_safe_sex, 0",29_safe_sex
5289,0,0,28_boundary,We take turns initiating hard conversations and support each other through them.,"7_emo, 0",7_emo
5290,0,0,28_boundary,"I told them I don’t like surprises, so they now check in before making plans.","29_safe_sex, 0",29_safe_sex
5291,0,0,28_boundary,"When I changed my mind about something we agreed on, we talked it through respectfully.","27_relationship_social, 0",27_relationship_social
5292,0,0,28_boundary,They always ask how I’m feeling before diving into stressful topics.,"26_support_social, 0",26_support_social
5293,0,0,28_boundary,We both go to therapy and share what we’re learning.,"4_care, 0",4_care
5294,0,0,28_boundary,We created a shared calendar to avoid overbooking each other’s time.,"14_show_up, 0",14_show_up
5295,0,0,28_boundary,They encourage me to pursue my personal goals and support me fully.,"26_support_social, 0",26_support_social
5296,0,0,28_boundary,"I feel safe saying, “I’m not ready to talk about this yet.”","29_safe_sex, 0",29_safe_sex
5297,0,0,28_boundary,We agreed to spend holidays with both families and found a fair compromise.,"19_family_relationship, 0",19_family_relationship
5298,0,0,28_boundary,I can ask for reassurance without feeling weak.,"7_emo, 0",7_emo
5299,0,0,28_boundary,"When I needed space after an argument, they didn’t take it personally.","29_safe_sex, 0",29_safe_sex
5300,0,0,28_boundary,I never feel like I have to hide my thoughts or feelings.,"7_emo, 0",7_emo
5301,0,0,28_boundary,"They supported my decision to go back to school, even if it changed our schedule.","18_support, 0",18_support
5302,0,0,28_boundary,We’ve openly talked about our past relationships and triggers.,"7_emo, 0",7_emo
5303,0,0,28_boundary,I can ask them to lower their voice when they get upset and they do.,"29_safe_sex, 0",29_safe_sex
5304,0,0,28_boundary,"They know I don’t like last-minute changes, so they keep me updated.","26_support_social, 0",26_support_social
5305,0,0,28_boundary,We set mutual limits for phone use during quality time.,"29_safe_sex, 0",29_safe_sex
5306,0,0,28_boundary,They remind me it’s okay to rest even when I feel guilty.,"26_support_social, 0",26_support_social
5307,0,0,28_boundary,I feel comfortable telling them when I need help.,"7_emo, 0",7_emo
5308,0,0,28_boundary,We’ve created rituals to reconnect after time apart.,"19_family_relationship, 0",19_family_relationship
5309,0,0,28_boundary,They ask for consent in both big and small things.,"29_safe_sex, 0",29_safe_sex
5310,0,0,28_boundary,"When we travel, they make sure I have downtime built into the plan.","26_support_social, 0",26_support_social
5311,0,0,28_boundary,We respect each other’s friendships and boundaries around socializing.,"29_safe_sex, 0",29_safe_sex
5312,0,0,28_boundary,"I once said “no” to a sexual experience, and they responded with kindness.","29_safe_sex, 0",29_safe_sex
5313,0,0,28_boundary,They validate my emotions even when they don’t agree.,"26_support_social, 0",26_support_social
5314,0,0,28_boundary,"They asked me if I felt okay with how often we were texting, just to be sure.","29_safe_sex, 0",29_safe_sex
5315,0,0,28_boundary,"I feel like we’re on the same team, especially when things get hard.","26_support_social, 0",26_support_social
5316,0,0,28_boundary,"Yes, I feel completely at ease sharing my needs and limits.","29_safe_sex, 0",29_safe_sex
5317,0,0,28_boundary,We regularly talk about boundaries and respect them mutually.,"29_safe_sex, 0",29_safe_sex
5318,0,0,28_boundary,I feel heard and supported when I bring up concerns.,"26_support_social, 0",26_support_social
5319,0,0,28_boundary,"I'm comfortable saying ""no"" without guilt.","29_safe_sex, 0",29_safe_sex
5320,0,0,28_boundary,We both actively prioritize emotional safety.,"29_safe_sex, 0",29_safe_sex
5321,0,0,28_boundary,They check in with me before making assumptions.,"26_support_social, 0",26_support_social
5322,0,0,28_boundary,We navigate conflicts with honesty and empathy.,"27_relationship_social, 0",27_relationship_social
5323,0,0,28_boundary,I trust that my partner will honor my limits.,"29_safe_sex, 0",29_safe_sex
5324,0,0,28_boundary,We value and protect each other's personal space.,"29_safe_sex, 0",29_safe_sex
5325,0,0,28_boundary,Setting boundaries feels natural in our relationship.,"29_safe_sex, 0",29_safe_sex
5326,0,0,28_boundary,I feel emotionally safe even during tough conversations.,"26_support_social, 0",26_support_social
5327,0,0,28_boundary,We both encourage each other’s growth and independence.,"29_safe_sex, 0",29_safe_sex
5328,0,0,28_boundary,I don’t feel pressure to change who I am.,"29_safe_sex, 0",29_safe_sex
5329,0,0,28_boundary,I know I can be vulnerable without judgment.,"7_emo, 0",7_emo
5330,0,0,28_boundary,"They take my concerns seriously, even if they don’t fully understand them.","26_support_social, 0",26_support_social
5331,0,0,28_boundary,We adjust boundaries over time as we grow together.,"29_safe_sex, 0",29_safe_sex
5332,0,0,28_boundary,My voice matters and is met with respect.,"26_support_social, 0",26_support_social
5333,0,0,28_boundary,I feel free to express myself without fear of rejection.,"7_emo, 0",7_emo
5334,0,0,28_boundary,They apologize and take accountability when they cross a line.,"29_safe_sex, 0",29_safe_sex
5335,0,0,28_boundary,I feel balanced in how much I give and receive emotionally.,"27_relationship_social, 0",27_relationship_social
5336,1,1,28_boundary,"I usually feel okay, but sometimes I hesitate to speak up.","6_talk, 1",6_talk
5337,1,1,28_boundary,I avoid bringing up small issues to prevent conflict.,"7_emo, 1",7_emo
5338,1,1,28_boundary,I’m not always sure how to phrase my needs clearly.,"7_emo, 1",7_emo
5339,1,1,28_boundary,I sometimes feel guilty after setting boundaries.,"29_safe_sex, 1",29_safe_sex
5340,1,1,28_boundary,"They usually listen, but not always follow through.","26_support_social, 1",26_support_social
5341,1,1,28_boundary,"We have good days, but occasionally communication breaks down.","27_relationship_social, 1",27_relationship_social
5342,1,1,28_boundary,I’m still working on recognizing my own limits.,"29_safe_sex, 1",29_safe_sex
5343,1,1,28_boundary,I feel responsible for their emotions more than I should.,"29_safe_sex, 1",29_safe_sex
5344,1,1,28_boundary,Sometimes I say yes when I really want to say no.,"29_safe_sex, 1",29_safe_sex
5345,1,1,28_boundary,We rarely talk explicitly about boundaries.,"29_safe_sex, 1",29_safe_sex
5346,1,1,28_boundary,"They mean well, but occasionally overstep.","29_safe_sex, 1",29_safe_sex
5347,1,1,28_boundary,I’m learning to advocate for myself more consistently.,"7_emo, 1",7_emo
5348,1,1,28_boundary,I often minimize my feelings to keep things peaceful.,"7_emo, 1",7_emo
5349,1,1,28_boundary,I get anxious before initiating serious conversations.,"7_emo, 1",7_emo
5350,1,1,28_boundary,"There’s some imbalance, but I’m not sure how to fix it.","13_work_life, 1",13_work_life
5351,1,1,28_boundary,I sometimes wonder if I’m being too sensitive.,"2_mood, 1",2_mood
5352,1,1,28_boundary,They sometimes dismiss my concerns as “not a big deal.”,"26_support_social, 1",26_support_social
5353,1,1,28_boundary,"I don’t always feel emotionally safe, but I don’t think it’s intentional.","29_safe_sex, 1",29_safe_sex
5354,1,1,28_boundary,I fear being seen as “needy” if I express certain needs.,"7_emo, 1",7_emo
5355,1,1,28_boundary,"It’s not harmful, but I want to improve how we handle boundaries.","29_safe_sex, 1",29_safe_sex
5356,1,1,28_boundary,I sometimes agree to hang out when I’m exhausted because I don’t want to disappoint them.,"29_safe_sex, 1",29_safe_sex
5357,1,1,28_boundary,They tend to interrupt when I try to explain how I feel.,"7_emo, 1",7_emo
5358,1,0,28_boundary,"I said I needed more time alone, and they seemed a bit hurt, but accepted it.","29_safe_sex, 0",29_safe_sex
5359,1,1,28_boundary,"When I mentioned I didn’t want to share everything on social media, they brushed it off.","29_safe_sex, 1",29_safe_sex
5360,1,1,28_boundary,I feel like I always initiate serious conversations.,"27_relationship_social, 1",27_relationship_social
5361,1,1,28_boundary,They sometimes tease me about things I’ve said I’m sensitive about.,"27_relationship_social, 1",27_relationship_social
5362,1,1,28_boundary,I avoid certain topics because I know they’ll get defensive.,"7_emo, 1",7_emo
5363,1,1,28_boundary,I don’t always feel listened to when I talk about needing space.,"29_safe_sex, 1",29_safe_sex
5364,1,1,28_boundary,"When I declined sex once, they got quiet and withdrawn for the rest of the night.","29_safe_sex, 1",29_safe_sex
5365,1,1,28_boundary,They expect me to be emotionally available even when I’m burned out.,"29_safe_sex, 1",29_safe_sex
5366,1,1,28_boundary,"I’m usually okay, but sometimes I walk on eggshells to keep things calm.","7_emo, 1",7_emo
5367,1,1,28_boundary,"I’ve told them before that I don’t like jokes about my family, but they still do it occasionally.","29_safe_sex, 1",29_safe_sex
5368,1,1,28_boundary,I often justify their behavior to my friends when they question it.,"29_safe_sex, 1",29_safe_sex
5369,1,1,28_boundary,We don’t really talk about boundaries unless there’s already a problem.,"29_safe_sex, 1",29_safe_sex
5370,1,1,28_boundary,I wish we could be more proactive about emotional check-ins.,"7_emo, 1",7_emo
5371,1,1,28_boundary,They sometimes talk over me when they’re upset.,"27_relationship_social, 1",27_relationship_social
5372,1,1,28_boundary,I’ve caught myself saying “It’s fine” when it really wasn’t.,"7_emo, 1",7_emo
5373,1,1,28_boundary,I hold back parts of myself out of fear they won’t like it.,"7_emo, 1",7_emo
5374,1,1,28_boundary,"They say they respect my independence, but they also make subtle digs when I spend time with others.","29_safe_sex, 1",29_safe_sex
5375,1,1,28_boundary,"When I said I didn’t want to move too fast, they said, “You’re overthinking.”","29_safe_sex, 1",29_safe_sex
5376,1,1,28_boundary,"They listen, but sometimes change the subject when things get serious.","26_support_social, 1",26_support_social
5377,1,1,28_boundary,I sometimes feel guilty for needing emotional support.,"26_support_social, 1",26_support_social
5378,1,1,28_boundary,I notice they become cold when I enforce a boundary.,"29_safe_sex, 1",29_safe_sex
5379,1,1,28_boundary,I want to be more honest but don’t always feel like the timing is right.,"7_emo, 1",7_emo
5380,1,1,28_boundary,I’ve felt pressure to share my phone password “just for transparency.”,"29_safe_sex, 1",29_safe_sex
5381,1,1,28_boundary,"I’m the one who always apologizes first, even when I’m not at fault.","29_safe_sex, 1",29_safe_sex
5382,1,1,28_boundary,They joke about my insecurities and say I’m too sensitive.,"27_relationship_social, 1",27_relationship_social
5383,1,1,28_boundary,"I don’t feel unsafe, but I don’t always feel emotionally held either.","26_support_social, 1",26_support_social
5384,1,0,28_boundary,I said I didn’t want to meet their parents yet and they seemed disappointed.,"29_safe_sex, 0",29_safe_sex
5385,1,1,28_boundary,We haven’t really defined what commitment looks like for both of us.,"29_safe_sex, 1",29_safe_sex
5386,1,1,28_boundary,They get jealous when I spend time with friends but say they’re “just protective.”,"29_safe_sex, 1",29_safe_sex
5387,1,1,28_boundary,"Sometimes they ignore me when they’re mad, and I don’t know how to respond.","27_relationship_social, 1",27_relationship_social
5388,1,1,28_boundary,They say “sorry” but rarely change the behavior.,"27_relationship_social, 1",27_relationship_social
5389,1,1,28_boundary,I’ve started keeping certain things to myself to avoid conflict.,"7_emo, 1",7_emo
5390,1,1,28_boundary,They call me needy if I ask for more reassurance.,"26_support_social, 1",26_support_social
5391,1,1,28_boundary,"When I said I needed therapy, they asked if I was “overreacting.”","26_support_social, 1",26_support_social
5392,1,1,28_boundary,I sometimes feel overwhelmed by how much they rely on me emotionally.,"29_safe_sex, 1",29_safe_sex
5393,1,1,28_boundary,I get nervous telling them I disagree about something serious.,"7_emo, 1",7_emo
5394,1,1,28_boundary,I’ve been second-guessing my gut more than usual.,"17_problem, 1",17_problem
5395,1,1,28_boundary,"I’m not unhappy, but I feel like something isn’t quite balanced.","2_mood, 1",2_mood
5396,2,1,28_boundary,I feel scared to express my needs.,"7_emo, 1",7_emo
5397,2,2,28_boundary,They ignore or mock me when I set boundaries.,"29_safe_sex, 2",29_safe_sex
5398,2,2,28_boundary,I often feel emotionally manipulated or controlled.,"29_safe_sex, 2",29_safe_sex
5399,2,1,28_boundary,I pretend everything’s okay to avoid conflict.,"7_emo, 1",7_emo
5400,2,2,28_boundary,I don’t feel safe saying “no.”,"29_safe_sex, 2",29_safe_sex
5401,2,1,28_boundary,My partner gets angry or distant when I assert myself.,"29_safe_sex, 1",29_safe_sex
5402,2,1,28_boundary,I’m constantly anxious around them.,"2_mood, 1",2_mood
5403,2,1,28_boundary,They make me feel guilty for asking for space.,"29_safe_sex, 1",29_safe_sex
5404,2,2,28_boundary,I’ve stopped trying to express my needs because it doesn’t change anything.,"7_emo, 2",7_emo
5405,2,2,28_boundary,I feel trapped or stuck in the relationship.,"29_safe_sex, 2",29_safe_sex
5406,2,2,28_boundary,They cross boundaries even after I’ve clearly stated them.,"29_safe_sex, 2",29_safe_sex
5407,2,1,28_boundary,I’m starting to feel like I’m losing myself.,"2_mood, 1",2_mood
5408,2,2,28_boundary,I’m afraid of what they’ll do if I push back.,"8_safe, 2",8_safe
5409,2,1,28_boundary,I don’t think they care about how I feel.,"26_support_social, 1",26_support_social
5410,2,1,28_boundary,I feel more alone with them than I do by myself.,"26_support_social, 1",26_support_social
5411,2,1,28_boundary,They blame me for their behavior and emotions.,"27_relationship_social, 1",27_relationship_social
5412,2,2,28_boundary,I constantly doubt my worth because of how I’m treated.,"2_mood, 2",2_mood
5413,2,1,28_boundary,There are power imbalances I’m scared to confront.,"29_safe_sex, 1",29_safe_sex
5414,2,2,28_boundary,I feel emotionally unsafe but unsure how to leave.,"8_safe, 2",8_safe
5415,2,1,28_boundary,I think I need help getting out or figuring this out.,"17_problem, 1",17_problem
5416,2,2,28_boundary,I told them “no” and they kept pushing until I gave in.,"29_safe_sex, 2",29_safe_sex
5417,2,2,28_boundary,They constantly check my location and ask who I’m with.,"29_safe_sex, 2",29_safe_sex
5418,2,2,28_boundary,I feel scared to disagree because I don’t know how they’ll react.,"8_safe, 2",8_safe
5419,2,1,28_boundary,They yelled at me when I tried to leave the room during a fight.,"8_safe, 1",8_safe
5420,2,1,28_boundary,"I once cried during an argument, and they told me I was being manipulative.","7_emo, 1",7_emo
5421,2,1,28_boundary,They make me feel guilty for having friends they don’t like.,"29_safe_sex, 1",29_safe_sex
5422,2,1,28_boundary,I’ve stopped seeing people they disapprove of just to avoid conflict.,"29_safe_sex, 1",29_safe_sex
5423,2,1,28_boundary,I said I wanted space and they accused me of cheating.,"29_safe_sex, 1",29_safe_sex
5424,2,2,28_boundary,They once threatened to hurt themselves if I broke up with them.,"29_safe_sex, 2",29_safe_sex
5425,2,1,28_boundary,They tell me I’m too emotional to make good decisions.,"17_problem, 1",17_problem
5426,2,1,28_boundary,I feel like I can’t be myself without being criticized.,"26_support_social, 1",26_support_social
5427,2,1,28_boundary,"When I ask for privacy, they call me secretive.","29_safe_sex, 1",29_safe_sex
5428,2,1,28_boundary,They’ve shared things I told them in confidence to others.,"29_safe_sex, 1",29_safe_sex
5429,2,2,28_boundary,I’ve started lying just to feel safe.,"8_safe, 2",8_safe
5430,2,2,28_boundary,They go through my phone regularly without asking.,"29_safe_sex, 2",29_safe_sex
5431,2,2,28_boundary,I no longer feel like I have control over my own time.,"13_work_life, 2",13_work_life
5432,2,1,28_boundary,They make fun of my body even when I’ve asked them to stop.,"27_relationship_social, 1",27_relationship_social
5433,2,1,28_boundary,I avoid going home sometimes because of the tension.,"19_family_relationship, 1",19_family_relationship
5434,2,2,28_boundary,They twist my words and tell me I’m imagining things.,"27_relationship_social, 2",27_relationship_social
5435,2,2,28_boundary,I’ve cried myself to sleep more times than I can count.,"2_mood, 2",2_mood
5436,2,2,28_boundary,They once locked me in a room during a fight.,"8_safe, 2",8_safe
5437,2,1,28_boundary,"I feel like I’m always apologizing, even when I don’t know what I did wrong.","29_safe_sex, 1",29_safe_sex
5438,2,2,28_boundary,"When I try to leave, they threaten to ruin my reputation.","8_safe, 2",8_safe
5439,2,2,28_boundary,They punish me with silence for days if I upset them.,"27_relationship_social, 2",27_relationship_social
5440,2,2,28_boundary,They make me feel worthless without them.,"29_safe_sex, 2",29_safe_sex
5441,2,1,28_boundary,I feel physically tense and panicky when they text me.,"2_mood, 1",2_mood
5442,2,2,28_boundary,They’ve pushed me during fights and later blamed me for provoking them.,"8_safe, 2",8_safe
5443,2,2,28_boundary,I don’t recognize who I am anymore since being in this relationship.,"29_safe_sex, 2",29_safe_sex
5444,2,2,28_boundary,They say no one else would ever love me like they do.,"29_safe_sex, 2",29_safe_sex
5445,2,2,28_boundary,I have to ask for permission before making decisions.,"29_safe_sex, 2",29_safe_sex
5446,2,1,28_boundary,They track my spending and shame me for every dollar.,"15_finance, 1",15_finance
5447,2,1,28_boundary,I don’t feel safe expressing myself around them.,"7_emo, 1",7_emo
5448,2,1,28_boundary,They accuse me of being dramatic anytime I cry.,"7_emo, 1",7_emo
5449,2,1,28_boundary,I have nightmares about our arguments.,"10_sleep, 1",10_sleep
5450,2,2,28_boundary,My friends have said they’re worried about how I’m being treated.,"8_safe, 2",8_safe
5451,2,2,28_boundary,I sometimes wonder if this is emotional abuse.,"29_safe_sex, 2",29_safe_sex
5452,2,2,28_boundary,"I’ve thought about leaving, but I’m scared of what they’ll do.","8_safe, 2",8_safe
5453,2,1,28_boundary,I’ve had to hide my therapist appointments from them.,"26_support_social, 1",26_support_social
5454,2,1,28_boundary,"I feel like I’m surviving, not living, in this relationship.","29_safe_sex, 1",29_safe_sex
5455,0,0,29_safe_sex,I always use protection and communicate with my partner beforehand.,"29_safe_sex, 0",29_safe_sex
5456,0,0,29_safe_sex,My partner and I get tested regularly and we’ve agreed to be exclusive.,"29_safe_sex, 0",29_safe_sex
5457,0,0,29_safe_sex,I never feel pressured to have sex and I always make sure it’s consensual.,"29_safe_sex, 0",29_safe_sex
5458,0,0,29_safe_sex,"I use condoms every time, even with long-term partners.","29_safe_sex, 0",29_safe_sex
5459,0,0,29_safe_sex,We agreed on using PrEP as an extra precaution and it’s working well for us.,"29_safe_sex, 0",29_safe_sex
5460,0,0,29_safe_sex,I stay sober or limit drinking when I know I might be sexually active.,"29_safe_sex, 0",29_safe_sex
5461,0,0,29_safe_sex,I feel confident setting boundaries and sticking to them.,"29_safe_sex, 0",29_safe_sex
5462,0,0,29_safe_sex,I avoid risky environments and ensure I’m in control of the situation.,"9_risk, 0",9_risk
5463,0,0,29_safe_sex,"If I have a new partner, I wait until we both test negative before unprotected sex.","29_safe_sex, 0",29_safe_sex
5464,0,0,29_safe_sex,I educate myself regularly about sexual health and STIs.,"29_safe_sex, 0",29_safe_sex
5465,0,0,29_safe_sex,We use both condoms and another method of birth control.,"29_safe_sex, 0",29_safe_sex
5466,0,0,29_safe_sex,My partner and I check in regularly about comfort levels and consent.,"29_safe_sex, 0",29_safe_sex
5467,0,0,29_safe_sex,I haven’t had any unplanned sexual experiences in the past year.,"29_safe_sex, 0",29_safe_sex
5468,0,0,29_safe_sex,"I always carry condoms just in case, I like to be prepared.","29_safe_sex, 0",29_safe_sex
5469,0,0,29_safe_sex,I’m in a monogamous relationship and we both test regularly.,"29_safe_sex, 0",29_safe_sex
5470,0,0,29_safe_sex,"Even in casual situations, I prioritize using protection.","29_safe_sex, 0",29_safe_sex
5471,0,0,29_safe_sex,I take responsibility for my own sexual health and get tested every 6 months.,"29_safe_sex, 0",29_safe_sex
5472,0,0,29_safe_sex,I’m on birth control and we use condoms as well.,"29_safe_sex, 0",29_safe_sex
5473,0,0,29_safe_sex,We’ve set clear rules around safe sex that work for both of us.,"29_safe_sex, 0",29_safe_sex
5474,0,0,29_safe_sex,I never let someone pressure me into anything I’m not comfortable with.,"29_safe_sex, 0",29_safe_sex
5475,0,0,29_safe_sex,I practice mutual consent and check in frequently during sex.,"29_safe_sex, 0",29_safe_sex
5476,0,0,29_safe_sex,I’ve taken a sexual health workshop before and found it empowering.,"29_safe_sex, 0",29_safe_sex
5477,0,0,29_safe_sex,I know how to recognize red flags and leave unsafe situations.,"8_safe, 0",8_safe
5478,0,0,29_safe_sex,I maintain personal hygiene and encourage it in partners too.,"36_hygiene, 0",36_hygiene
5479,0,0,29_safe_sex,I’ve discussed emergency contraception with my doctor and know my options.,"29_safe_sex, 0",29_safe_sex
5480,0,0,29_safe_sex,I plan ahead if I think a situation might lead to sex.,"29_safe_sex, 0",29_safe_sex
5481,0,0,29_safe_sex,I know where to access free or affordable STI testing.,"29_safe_sex, 0",29_safe_sex
5482,0,0,29_safe_sex,I haven’t had any STI scares and feel confident about my practices.,"29_safe_sex, 0",29_safe_sex
5483,0,0,29_safe_sex,We talk about new partners and expectations openly in our poly relationship.,"29_safe_sex, 0",29_safe_sex
5484,0,0,29_safe_sex,"Even during one-night stands, I use condoms and ask about STI testing.","29_safe_sex, 0",29_safe_sex
5485,0,0,29_safe_sex,I’ve disclosed my STI status honestly to partners and it was respected.,"29_safe_sex, 0",29_safe_sex
5486,0,0,29_safe_sex,I use protection even during oral sex when appropriate.,"29_safe_sex, 0",29_safe_sex
5487,0,0,29_safe_sex,I’ve never had sex under pressure or coercion.,"29_safe_sex, 0",29_safe_sex
5488,0,0,29_safe_sex,I use dating apps that allow for health info sharing like STI status.,"29_safe_sex, 0",29_safe_sex
5489,0,0,29_safe_sex,I educate my younger sibling about consent and safety because I want them to be prepared.,"29_safe_sex, 0",29_safe_sex
5490,0,0,29_safe_sex,We agreed to regular testing as a rule in our open relationship.,"29_safe_sex, 0",29_safe_sex
5491,0,0,29_safe_sex,I always make sure my partner is fully comfortable and consenting before anything happens.,"29_safe_sex, 0",29_safe_sex
5492,0,0,29_safe_sex,I’ve never regretted a sexual encounter because I always check in with myself first.,"29_safe_sex, 0",29_safe_sex
5493,0,0,29_safe_sex,I’m very mindful of my body and recognize when I’m not emotionally ready.,"32_coping, 0",32_coping
5494,0,0,29_safe_sex,I research medications or birth control options before committing to anything.,"17_problem, 0",17_problem
5495,0,0,29_safe_sex,I don’t mix substances and sex because I want to be fully present.,"29_safe_sex, 0",29_safe_sex
5496,0,0,29_safe_sex,My partner and I have discussed fantasies and boundaries safely.,"29_safe_sex, 0",29_safe_sex
5497,0,0,29_safe_sex,I always get tested before starting something new with someone.,"29_safe_sex, 0",29_safe_sex
5498,0,0,29_safe_sex,My doctor and I have an open conversation about my sexual activity.,"4_care, 0",4_care
5499,0,0,29_safe_sex,"Even in long-distance situations, we’ve discussed how to stay safe.","8_safe, 0",8_safe
5500,0,0,29_safe_sex,I feel comfortable talking to friends or a therapist about sexual decisions.,"6_talk, 0",6_talk
5501,0,0,29_safe_sex,I keep track of my sexual health checkups like I do dental appointments.,"4_care, 0",4_care
5502,0,0,29_safe_sex,"I take it seriously if someone discloses their status, I appreciate the honesty.","29_safe_sex, 0",29_safe_sex
5503,0,0,29_safe_sex,I practice mutual respect and shared responsibility around contraception.,"29_safe_sex, 0",29_safe_sex
5504,0,0,29_safe_sex,My sexual partners respect my boundaries and that makes me feel safe.,"29_safe_sex, 0",29_safe_sex
5505,0,0,29_safe_sex,I know the signs of STIs and I’d never ignore a symptom.,"29_safe_sex, 0",29_safe_sex
5506,0,0,29_safe_sex,I have a safety plan when meeting someone new from an app.,"8_safe, 0",8_safe
5507,0,0,29_safe_sex,I avoid sex when I'm emotionally vulnerable and not in a good headspace.,"29_safe_sex, 0",29_safe_sex
5508,0,0,29_safe_sex,"I don’t let anyone talk me out of using protection, even if they say they’re “clean.”","29_safe_sex, 0",29_safe_sex
5509,0,0,29_safe_sex,I’ve never had unprotected sex with someone I didn’t fully trust.,"29_safe_sex, 0",29_safe_sex
5510,0,0,29_safe_sex,My past experiences taught me to be more assertive about my needs.,"7_emo, 0",7_emo
5511,0,0,29_safe_sex,I prioritize my well-being and never trade safety for connection.,"29_safe_sex, 0",29_safe_sex
5512,0,0,29_safe_sex,I’m honest about my sexual history and ask others to be too.,"29_safe_sex, 0",29_safe_sex
5513,0,0,29_safe_sex,"I don’t judge others, but I stay firm in my own safety choices.","8_safe, 0",8_safe
5514,1,2,29_safe_sex,Sometimes I forget to bring condoms and just hope for the best.,"29_safe_sex, 2",29_safe_sex
5515,1,1,29_safe_sex,I usually use protection but there have been exceptions when I trusted the person.,"29_safe_sex, 1",29_safe_sex
5516,1,1,29_safe_sex,I’ve had unprotected sex before but only with people who seemed safe.,"29_safe_sex, 1",29_safe_sex
5517,1,2,29_safe_sex,I assume people are clean if they look healthy.,"29_safe_sex, 2",29_safe_sex
5518,1,1,29_safe_sex,"I tend to drink during dates, which makes sticking to plans harder.","22_substance, 1",22_substance
5519,1,1,29_safe_sex,I know I should get tested more often but I forget.,"4_care, 1",4_care
5520,1,2,29_safe_sex,My partner doesn’t like condoms so we don’t use them most of the time.,"29_safe_sex, 2",29_safe_sex
5521,1,2,29_safe_sex,"I think I’d know if someone had an STI, so I don’t always ask.","29_safe_sex, 2",29_safe_sex
5522,1,2,29_safe_sex,I’ve had a few partners where we skipped protection because we were caught up in the moment.,"29_safe_sex, 2",29_safe_sex
5523,1,1,29_safe_sex,I’ve said yes to sex even when I wasn’t completely sure I wanted to.,"29_safe_sex, 1",29_safe_sex
5524,1,2,29_safe_sex,I sometimes worry about pregnancy but don’t always use birth control.,"29_safe_sex, 2",29_safe_sex
5525,1,1,29_safe_sex,I had a scare last year but haven’t changed much since then.,"9_risk, 1",9_risk
5526,1,1,29_safe_sex,I trust my long-term partner even though we haven’t both been tested recently.,"29_safe_sex, 1",29_safe_sex
5527,1,1,29_safe_sex,"I’m not sure if I’ve ever had an STI test, but I feel fine.","29_safe_sex, 1",29_safe_sex
5528,1,2,29_safe_sex,I’ve hooked up while drunk and don’t remember if we used anything.,"29_safe_sex, 2",29_safe_sex
5529,1,2,29_safe_sex,"I rely on my partner to bring protection, and sometimes they don’t.","29_safe_sex, 2",29_safe_sex
5530,1,1,29_safe_sex,I feel awkward asking about STI status so I avoid it.,"29_safe_sex, 1",29_safe_sex
5531,1,2,29_safe_sex,I figure pulling out is good enough most of the time.,"29_safe_sex, 2",29_safe_sex
5532,1,1,29_safe_sex,I’m monogamous but I haven’t confirmed that my partner is too.,"29_safe_sex, 1",29_safe_sex
5533,1,1,29_safe_sex,I’ve been meaning to get on birth control but haven’t made an appointment.,"4_care, 1",4_care
5534,1,1,29_safe_sex,I let things happen and then regret not being more prepared.,"17_problem, 1",17_problem
5535,1,0,29_safe_sex,My friend group is pretty open about casual sex so I follow that vibe.,"28_boundary, 0",28_boundary
5536,1,1,29_safe_sex,I sometimes assume people I know from mutual circles are safe.,"9_risk, 1",9_risk
5537,1,1,29_safe_sex,I’ve skipped using condoms if I was on my period.,"29_safe_sex, 1",29_safe_sex
5538,1,1,29_safe_sex,I don’t like using condoms but I’ll do it if the other person insists.,"29_safe_sex, 1",29_safe_sex
5539,1,1,29_safe_sex,I avoid certain sexual health questions because I don’t want to ruin the mood.,"29_safe_sex, 1",29_safe_sex
5540,1,1,29_safe_sex,"I’ve never discussed STI testing with my partner, it feels awkward.","29_safe_sex, 1",29_safe_sex
5541,1,1,29_safe_sex,I use emergency contraception instead of planning ahead.,"29_safe_sex, 1",29_safe_sex
5542,1,1,29_safe_sex,I go with the flow and hope things don’t go wrong.,"17_problem, 1",17_problem
5543,1,1,29_safe_sex,"I know what I *should* do, but in the moment I get caught up.","17_problem, 1",17_problem
5544,1,1,29_safe_sex,I sometimes feel guilty afterward for not taking more precautions.,"9_risk, 1",9_risk
5545,1,1,29_safe_sex,I told myself I’d get tested last month but didn’t follow through.,"4_care, 1",4_care
5546,1,1,29_safe_sex,We’ve never explicitly talked about exclusivity or testing.,"29_safe_sex, 1",29_safe_sex
5547,1,1,29_safe_sex,I let my partner lead and just go along with their preferences.,"29_safe_sex, 1",29_safe_sex
5548,1,1,29_safe_sex,Sometimes I don’t speak up if I feel uncomfortable.,"7_emo, 1",7_emo
5549,1,1,29_safe_sex,I feel weird bringing up consent or safety in the middle of the moment.,"29_safe_sex, 1",29_safe_sex
5550,1,1,29_safe_sex,I’ve relied on luck a few too many times.,"9_risk, 1",9_risk
5551,1,1,29_safe_sex,I tend to avoid difficult conversations about sex and health.,"29_safe_sex, 1",29_safe_sex
5552,1,1,29_safe_sex,I had a partner once who didn’t believe in STIs and I didn’t push back.,"29_safe_sex, 1",29_safe_sex
5553,1,2,29_safe_sex,I rationalize unsafe sex by saying “everyone takes risks.”,"29_safe_sex, 2",29_safe_sex
5554,1,0,29_safe_sex,"I’ve never had a serious consequence, so I figure I’m doing okay.","Other, 0","NA, 99"
5555,1,1,29_safe_sex,I rarely go to the doctor unless I have symptoms.,"4_care, 1",4_care
5556,1,2,29_safe_sex,I don’t really think about safety during oral sex.,"29_safe_sex, 2",29_safe_sex
5557,1,1,29_safe_sex,I feel embarrassed about asking for testing or condom use.,"29_safe_sex, 1",29_safe_sex
5558,1,1,29_safe_sex,Sometimes I just trust that people wouldn’t lie about their status.,"29_safe_sex, 1",29_safe_sex
5559,1,2,29_safe_sex,"I don’t carry protection, so it depends on the other person.","29_safe_sex, 2",29_safe_sex
5560,1,2,29_safe_sex,I’ve hooked up at parties without thinking much about safety.,"29_safe_sex, 2",29_safe_sex
5561,1,1,29_safe_sex,I usually wait for someone else to bring up the topic of protection.,"29_safe_sex, 1",29_safe_sex
5562,1,2,29_safe_sex,I once said yes even though I wasn’t totally sober or aware.,"29_safe_sex, 2",29_safe_sex
5563,1,1,29_safe_sex,I feel unsure about my boundaries and don’t always express them.,"29_safe_sex, 1",29_safe_sex
5564,1,1,29_safe_sex,Sometimes I regret how fast I moved into intimacy.,"29_safe_sex, 1",29_safe_sex
5565,1,0,29_safe_sex,I compare myself to friends and think I’m not doing worse than them.,"27_relationship_social, 0",27_relationship_social
5566,1,1,29_safe_sex,I don’t always think about the consequences beforehand.,"17_problem, 1",17_problem
5567,1,1,29_safe_sex,I figure I’ll deal with problems if they come up.,"17_problem, 1",17_problem
5568,1,1,29_safe_sex,I’m not always in the right mindset to make good decisions in the moment.,"17_problem, 1",17_problem
5569,2,2,29_safe_sex,I’ve had unprotected sex with multiple partners and don’t know their statuses.,"29_safe_sex, 2",29_safe_sex
5570,2,2,29_safe_sex,I often have sex while blackout drunk and can’t recall what happened.,"22_substance, 2",22_substance
5571,2,2,29_safe_sex,I’ve been diagnosed with an STI but didn’t tell past partners.,"29_safe_sex, 2",29_safe_sex
5572,2,2,29_safe_sex,I never use protection and don’t see the point.,"29_safe_sex, 2",29_safe_sex
5573,2,2,29_safe_sex,I’ve had sex in exchange for money or shelter without protection.,"29_safe_sex, 2",29_safe_sex
5574,2,1,29_safe_sex,"I feel unable to say no, even when I want to.","29_safe_sex, 1",29_safe_sex
5575,2,2,29_safe_sex,I’ve had repeated scares but haven’t changed my habits.,"9_risk, 2",9_risk
5576,2,2,29_safe_sex,I’ve been pressured into sex multiple times and didn’t resist.,"29_safe_sex, 2",29_safe_sex
5577,2,2,29_safe_sex,I let people take off the condom without my consent.,"29_safe_sex, 2",29_safe_sex
5578,2,2,29_safe_sex,I feel numb during sex and don’t care about the consequences.,"29_safe_sex, 2",29_safe_sex
5579,2,2,29_safe_sex,I’ve been sexually active since age 14 without any testing.,"29_safe_sex, 2",29_safe_sex
5580,2,1,29_safe_sex,I sometimes use sex to cope with depression or anxiety.,"32_coping, 1",32_coping
5581,2,2,29_safe_sex,I’ve had group sex without any protection or screening.,"29_safe_sex, 2",29_safe_sex
5582,2,2,29_safe_sex,I feel unsafe but don’t know how to stop.,"8_safe, 2",8_safe
5583,2,2,29_safe_sex,I can’t talk to my partners about protection at all.,"29_safe_sex, 2",29_safe_sex
5584,2,2,29_safe_sex,I’ve never used a condom in my life.,"29_safe_sex, 2",29_safe_sex
5585,2,2,29_safe_sex,I’ve had pain or symptoms and avoided going to the doctor.,"4_care, 2",4_care
5586,2,2,29_safe_sex,I don’t care about STIs because I feel like I deserve bad things.,"29_safe_sex, 2",29_safe_sex
5587,2,2,29_safe_sex,I use dating apps for hookups and don’t ask questions.,"29_safe_sex, 2",29_safe_sex
5588,2,2,29_safe_sex,I’ve had unplanned pregnancies and still haven’t changed anything.,"29_safe_sex, 2",29_safe_sex
5589,2,2,29_safe_sex,I dissociate during sex and feel detached.,"29_safe_sex, 2",29_safe_sex
5590,2,2,29_safe_sex,I’ve had multiple abortions and haven’t spoken to anyone about it.,"7_emo, 2",7_emo
5591,2,2,29_safe_sex,I’ve been coerced into acts that I didn’t want to do.,"29_safe_sex, 2",29_safe_sex
5592,2,2,29_safe_sex,I’ve used sex to feel wanted even when I didn’t want it.,"29_safe_sex, 2",29_safe_sex
5593,2,2,29_safe_sex,I’ve had sex when I didn’t know the other person’s name or face.,"29_safe_sex, 2",29_safe_sex
5594,2,1,29_safe_sex,"I don’t remember the last time I got tested, if ever.","4_care, 1",4_care
5595,2,2,29_safe_sex,I think protection is pointless because I already feel damaged.,"8_safe, 2",8_safe
5596,2,2,29_safe_sex,I let people film me during sex without discussing it first.,"29_safe_sex, 2",29_safe_sex
5597,2,2,29_safe_sex,I’ve had symptoms for months but I’m scared to get tested.,"4_care, 2",4_care
5598,2,2,29_safe_sex,I’ve been in abusive relationships where I couldn’t say no.,"29_safe_sex, 2",29_safe_sex
5599,2,2,29_safe_sex,I’ve lied to partners about my STI status.,"29_safe_sex, 2",29_safe_sex
5600,2,2,29_safe_sex,I’ve exchanged sex for drugs or alcohol.,"9_risk, 2",9_risk
5601,2,1,29_safe_sex,I’ve cried after sex but didn’t tell anyone why.,"7_emo, 1",7_emo
5602,2,2,29_safe_sex,I don’t think I have the right to ask for protection.,"8_safe, 2",8_safe
5603,2,2,29_safe_sex,I feel addicted to risky sex and can’t stop myself.,"29_safe_sex, 2",29_safe_sex
5604,2,2,29_safe_sex,I’ve had partners who hurt me during sex and I said nothing.,"29_safe_sex, 2",29_safe_sex
5605,2,2,29_safe_sex,I sometimes don’t know if what happened was consensual.,"29_safe_sex, 2",29_safe_sex
5606,2,2,29_safe_sex,I’ve skipped medication after an STI diagnosis.,"3_medication, 2",3_medication
5607,2,1,29_safe_sex,I don’t know how to access sexual health services.,"4_care, 1",4_care
5608,2,2,29_safe_sex,I let people I just met take full control.,"29_safe_sex, 2",29_safe_sex
5609,2,2,29_safe_sex,I’ve had repeated UTIs and never looked into the cause.,"4_care, 2",4_care
5610,2,2,29_safe_sex,I sometimes use sex as a way to punish myself.,"33_self_harm, 2",33_self_harm
5611,2,2,29_safe_sex,I’ve had STI symptoms and kept having sex anyway.,"9_risk, 2",9_risk
5612,2,2,29_safe_sex,I avoid doctors because I’m afraid of being judged.,"4_care, 2",4_care
5613,2,2,29_safe_sex,I feel like I deserve unsafe sex experiences.,"29_safe_sex, 2",29_safe_sex
5614,2,2,29_safe_sex,I’ve engaged in sex that left me injured or bleeding.,"9_risk, 2",9_risk
5615,2,2,29_safe_sex,I often dissociate or go non-verbal during sexual encounters.,"29_safe_sex, 2",29_safe_sex
5616,2,2,29_safe_sex,I’ve never been sober during any of my sexual experiences.,"22_substance, 2",22_substance
5617,2,2,29_safe_sex,I’ve been assaulted and never sought help or told anyone.,"8_safe, 2",8_safe
5618,2,2,29_safe_sex,I’ve been in situations where I was too afraid to say stop.,"29_safe_sex, 2",29_safe_sex
5619,2,1,29_safe_sex,I’ve never been asked about consent and don’t know what it feels like.,"29_safe_sex, 1",29_safe_sex
5620,2,2,29_safe_sex,I don’t think I could protect myself even if I wanted to.,"8_safe, 2",8_safe
5621,2,2,29_safe_sex,I’ve blacked out and woken up in unfamiliar places.,"8_safe, 2",8_safe
5622,2,2,29_safe_sex,I keep going back to unsafe partners because I feel attached.,"29_safe_sex, 2",29_safe_sex
5623,2,0,29_safe_sex,I think something’s wrong but I don’t know where to start.,"Question, 0","NA, 99"
5624,0,0,30_productivity,I usually complete all my tasks on time and feel good about my output.,"30_productivity, 0",30_productivity
5625,0,0,30_productivity,I'm able to focus during work hours and take breaks when needed.,"30_productivity, 0",30_productivity
5626,0,0,30_productivity,I use a planner and it really helps me stay organized and on track.,"30_productivity, 0",30_productivity
5627,0,0,30_productivity,I feel a sense of accomplishment after finishing school assignments.,"30_productivity, 0",30_productivity
5628,0,0,30_productivity,"Even when work is hectic, I manage my priorities well.","30_productivity, 0",30_productivity
5629,0,0,30_productivity,"My coworkers rely on me, and I’m happy to contribute consistently.","30_productivity, 0",30_productivity
5630,0,0,30_productivity,I stay ahead of deadlines by pacing myself throughout the week.,"30_productivity, 0",30_productivity
5631,0,0,30_productivity,I set realistic daily goals and usually meet them.,"30_productivity, 0",30_productivity
5632,0,0,30_productivity,I don’t procrastinate much and I’ve developed good work habits.,"30_productivity, 0",30_productivity
5633,0,0,30_productivity,"When I hit a roadblock, I take a short walk and come back refreshed.","32_coping, 0",32_coping
5634,0,0,30_productivity,I thrive with a consistent routine that helps me stay productive.,"30_productivity, 0",30_productivity
5635,0,0,30_productivity,Group projects are smooth for me since I naturally take initiative.,"27_relationship_social, 0",27_relationship_social
5636,0,0,30_productivity,I ask for help when I need it without feeling embarrassed.,"26_support_social, 0",26_support_social
5637,0,0,30_productivity,Time management comes easily to me now.,"30_productivity, 0",30_productivity
5638,0,0,30_productivity,I balance work and personal life without burning out.,"13_work_life, 0",13_work_life
5639,0,0,30_productivity,My to-do list rarely feels overwhelming.,"30_productivity, 0",30_productivity
5640,0,0,30_productivity,I enjoy tackling challenges at work and finding creative solutions.,"31_motivation, 0",31_Motivation
5641,0,0,30_productivity,My energy levels stay fairly consistent throughout the day.,"10_sleep, 0",10_sleep
5642,0,0,30_productivity,I feel mentally present during lectures and meetings.,"30_productivity, 0",30_productivity
5643,0,0,30_productivity,I rarely miss deadlines and usually feel prepared.,"30_productivity, 0",30_productivity
5644,0,0,30_productivity,My notes are organized and I review them regularly.,"12_work, 0",12_work
5645,0,0,30_productivity,I've developed study techniques that work really well for me.,"30_productivity, 0",30_productivity
5646,0,0,30_productivity,I often finish tasks early and use the extra time to review.,"30_productivity, 0",30_productivity
5647,0,0,30_productivity,I get a lot done even during busy weeks.,"30_productivity, 0",30_productivity
5648,0,0,30_productivity,"When unexpected tasks come up, I handle them calmly.","17_problem, 0",17_problem
5649,0,0,30_productivity,I’m confident in my ability to complete long-term projects.,"30_productivity, 0",30_productivity
5650,0,0,30_productivity,I track my progress and adjust my plans when needed.,"17_problem, 0",17_problem
5651,0,0,30_productivity,My job feels engaging and fulfilling.,"31_motivation, 0",31_Motivation
5652,0,0,30_productivity,My productivity has been consistent this semester.,"30_productivity, 0",30_productivity
5653,0,0,30_productivity,I rarely feel rushed or panicked about assignments.,"32_coping, 0",32_coping
5654,0,0,30_productivity,I enjoy learning new skills and applying them at work.,"31_motivation, 0",31_Motivation
5655,0,0,30_productivity,I manage emails and communications efficiently.,"30_productivity, 0",30_productivity
5656,0,0,30_productivity,I'm proud of how much I've grown professionally this year.,"12_work, 0",12_work
5657,0,0,30_productivity,I stay off social media during work hours to minimize distractions.,"30_productivity, 0",30_productivity
5658,0,0,30_productivity,My workspace is tidy and helps me focus.,"5_house, 0",5_house
5659,0,0,30_productivity,I've developed a good rhythm for writing papers and reports.,"30_productivity, 0",30_productivity
5660,0,0,30_productivity,I delegate tasks when appropriate without guilt.,"12_work, 0",12_work
5661,0,0,30_productivity,I log my hours and review where my time goes.,"30_productivity, 0",30_productivity
5662,0,0,30_productivity,"When I'm overwhelmed, I break tasks into smaller steps.","32_coping, 0",32_coping
5663,0,0,30_productivity,I feel in control of my workload.,"12_work, 0",12_work
5664,0,0,30_productivity,Work gives me a sense of purpose and direction.,"31_motivation, 0",31_Motivation
5665,0,0,30_productivity,I reward myself when I hit milestones.,"31_motivation, 0",31_Motivation
5666,0,0,30_productivity,I’ve built strong working relationships that enhance productivity.,"27_relationship_social, 0",27_relationship_social
5667,0,0,30_productivity,Deadlines motivate me rather than stress me out.,"31_motivation, 0",31_Motivation
5668,0,0,30_productivity,I plan ahead for high-pressure periods.,"32_coping, 0",32_coping
5669,0,0,30_productivity,I enjoy checking off tasks on my list.,"31_motivation, 0",31_Motivation
5670,0,0,30_productivity,I’ve learned how to say no when my plate is full.,"29_safe_sex, 0",29_safe_sex
5671,0,0,30_productivity,My school/work feedback is usually very positive.,"12_work, 0",12_work
5672,0,0,30_productivity,I’m proud of my recent performance review.,"30_productivity, 0",30_productivity
5673,0,0,30_productivity,I’ve been able to stay focused during online classes too.,"30_productivity, 0",30_productivity
5674,0,0,30_productivity,I adapt well to changes in the schedule.,"32_coping, 0",32_coping
5675,0,0,30_productivity,I’ve found my optimal hours for productivity.,"30_productivity, 0",30_productivity
5676,0,0,30_productivity,I’m productive even when working from home.,"30_productivity, 0",30_productivity
5677,0,0,30_productivity,My supervisors often commend my reliability.,"12_work, 0",12_work
5678,0,0,30_productivity,"I don’t feel guilty when I take a break, I know it helps me perform better.","13_work_life, 0",13_work_life
5679,0,0,30_productivity,I’m proactive about managing upcoming responsibilities.,"14_show_up, 0",14_show_up
5680,0,0,30_productivity,I track my goals and celebrate progress.,"17_problem, 0",17_problem
5681,0,0,30_productivity,I rarely feel burnt out these days.,"13_work_life, 0",13_work_life
5682,0,0,30_productivity,I consistently meet or exceed expectations.,"30_productivity, 0",30_productivity
5683,0,0,30_productivity,I feel like I’m learning and growing every day.,"2_mood, 0",2_mood
5684,0,0,30_productivity,I genuinely enjoy the work I do.,"12_work, 0",12_work
5685,1,1,30_productivity,"I’ve been getting things done, but I sometimes feel mentally drained.","2_mood, 1",2_mood
5686,1,1,30_productivity,Sometimes I put off tasks even though I know I shouldn’t.,"30_productivity, 1",30_productivity
5687,1,1,30_productivity,I’ve been more distracted than usual lately.,"30_productivity, 1",30_productivity
5688,1,1,30_productivity,"Some days I’m really focused, and others I just can't get started.","31_motivation, 1",31_Motivation
5689,1,1,30_productivity,I check my phone a lot when I'm trying to study or work.,"30_productivity, 1",30_productivity
5690,1,1,30_productivity,I’ve missed a couple of deadlines this semester.,"12_work, 1",12_work
5691,1,1,30_productivity,I feel like I’m in a slump even though I’m still showing up.,"2_mood, 1",2_mood
5692,1,1,30_productivity,I work better under pressure but wish I didn't always wait.,"30_productivity, 1",30_productivity
5693,1,1,30_productivity,My energy levels fluctuate throughout the week.,"2_mood, 1",2_mood
5694,1,1,30_productivity,I tend to multitask too much and it affects my focus.,"30_productivity, 1",30_productivity
5695,1,1,30_productivity,I’ve been hitting snooze more and starting later than I’d like.,"10_sleep, 1",10_sleep
5696,1,1,30_productivity,I find it hard to focus in long meetings or lectures.,"30_productivity, 1",30_productivity
5697,1,1,30_productivity,"I’m productive, but I’m not enjoying it like I used to.","31_motivation, 1",31_Motivation
5698,1,1,30_productivity,"I do well on tests, but I don't feel like I'm retaining much.","12_work, 1",12_work
5699,1,1,30_productivity,"I usually get things done, but it often feels rushed.","30_productivity, 1",30_productivity
5700,1,1,30_productivity,I’ve skipped a few classes lately due to feeling unmotivated.,"31_motivation, 1",31_Motivation
5701,1,1,30_productivity,I sometimes stay up too late and it affects my next day.,"10_sleep, 1",10_sleep
5702,1,1,30_productivity,I compare myself to others and feel like I’m not doing enough.,"2_mood, 1",2_mood
5703,1,1,30_productivity,I procrastinate when I feel overwhelmed.,"32_coping, 1",32_coping
5704,1,1,30_productivity,I need external pressure to stay on track.,"31_motivation, 1",31_Motivation
5705,1,1,30_productivity,I sometimes feel disengaged during work hours.,"31_motivation, 1",31_Motivation
5706,1,1,30_productivity,"I’m doing okay, but I know I can do better.","2_mood, 1",2_mood
5707,1,1,30_productivity,I've noticed I'm more forgetful with tasks than usual.,"30_productivity, 1",30_productivity
5708,1,1,30_productivity,I submit work on time but not always at the quality I want.,"30_productivity, 1",30_productivity
5709,1,1,30_productivity,I’ve lost track of a few smaller assignments recently.,"12_work, 1",12_work
5710,1,1,30_productivity,"I start tasks with good intentions, then lose steam.","31_motivation, 1",31_Motivation
5711,1,1,30_productivity,I spend a lot of time switching between tasks.,"30_productivity, 1",30_productivity
5712,1,1,30_productivity,Sometimes I feel unmotivated even with things I used to enjoy.,"2_mood, 1",2_mood
5713,1,1,30_productivity,I don’t always speak up in group work even when I have ideas.,"6_talk, 1",6_talk
5714,1,1,30_productivity,I miss meetings occasionally because I lose track of time.,"14_show_up, 1",14_show_up
5715,1,1,30_productivity,I’ve noticed more mental fatigue in the afternoons.,"10_sleep, 1",10_sleep
5716,1,1,30_productivity,I tend to snack or scroll instead of doing work.,"30_productivity, 1",30_productivity
5717,1,1,30_productivity,I use breaks to avoid tasks more than to recharge.,"30_productivity, 1",30_productivity
5718,1,1,30_productivity,"I’m not failing anything, but my grades have dipped.","12_work, 1",12_work
5719,1,1,30_productivity,I struggle with keeping my inbox organized.,"5_house, 1",5_house
5720,1,1,30_productivity,I avoid opening emails that seem stressful.,"32_coping, 1",32_coping
5721,1,1,30_productivity,I’ve been overwhelmed by long-term projects lately.,"12_work, 1",12_work
5722,1,1,30_productivity,I’ve been relying on caffeine more to stay alert.,"20_alcohol, 1",20_alcohol
5723,1,1,30_productivity,I try to work but end up zoning out sometimes.,"30_productivity, 1",30_productivity
5724,1,1,30_productivity,"I get irritable when I’m interrupted, even for small things.","2_mood, 1",2_mood
5725,1,1,30_productivity,Sometimes I have to redo work because I rushed the first time.,"30_productivity, 1",30_productivity
5726,1,1,30_productivity,"I feel scattered lately, even if I get things done.","2_mood, 1",2_mood
5727,1,1,30_productivity,I try productivity hacks but don't stick with them.,"31_motivation, 1",31_Motivation
5728,1,1,30_productivity,I don’t feel as competent as I used to.,"17_problem, 1",17_problem
5729,1,1,30_productivity,I’ve noticed I’m more anxious about work than before.,"2_mood, 1",2_mood
5730,1,0,30_productivity,My routines aren’t as solid as they used to be.,"Other, 0","NA, 99"
5731,1,1,30_productivity,I wish I had more help managing responsibilities.,"26_support_social, 1",26_support_social
5732,1,1,30_productivity,My work/life balance feels slightly off.,"13_work_life, 1",13_work_life
5733,1,1,30_productivity,I don’t ask for help even when I probably should.,"26_support_social, 1",26_support_social
5734,1,1,30_productivity,I’ve had a few missed assignments this term.,"12_work, 1",12_work
5735,1,1,30_productivity,Sometimes I forget what I was doing midway through a task.,"17_problem, 1",17_problem
5736,1,1,30_productivity,I sometimes feel like I’m faking being productive.,"30_productivity, 1",30_productivity
5737,1,1,30_productivity,I’ve lost interest in some of my goals.,"2_mood, 1",2_mood
5738,1,1,30_productivity,"I finish tasks, but I rarely feel proud of them.","2_mood, 1",2_mood
5739,1,1,30_productivity,I daydream a lot during class or meetings.,"30_productivity, 1",30_productivity
5740,1,1,30_productivity,I feel like I’m running on autopilot lately.,"2_mood, 1",2_mood
5741,2,2,30_productivity,I haven’t turned in multiple assignments and I’m falling behind.,"30_productivity, 2",30_productivity
5742,2,2,30_productivity,I missed work several days in a row without notifying anyone.,"14_show_up, 2",14_show_up
5743,2,2,30_productivity,I feel completely unmotivated and don’t know where to start.,"31_motivation, 2",31_Motivation
5744,2,1,30_productivity,My workspace is a mess and I avoid even sitting there.,"5_house, 1",5_house
5745,2,2,30_productivity,I often skip class and pretend I’m doing okay.,"14_show_up, 2",14_show_up
5746,2,1,30_productivity,I’ve been ignoring emails and messages from supervisors.,"12_work, 1",12_work
5747,2,1,30_productivity,I haven’t opened my school portal in over a week.,"12_work, 1",12_work
5748,2,2,30_productivity,Deadlines keep passing me by and I feel paralyzed.,"30_productivity, 2",30_productivity
5749,2,1,30_productivity,I feel like I’m failing at everything right now.,"2_mood, 1",2_mood
5750,2,2,30_productivity,I can’t concentrate long enough to complete even small tasks.,"30_productivity, 2",30_productivity
5751,2,2,30_productivity,I stay in bed all day and avoid responsibilities.,"10_sleep, 2",10_sleep
5752,2,2,30_productivity,I feel so overwhelmed I just shut down.,"2_mood, 2",2_mood
5753,2,1,30_productivity,I’ve been missing group meetings and letting others down.,"14_show_up, 1",14_show_up
5754,2,2,30_productivity,I cry at work sometimes because I feel so lost.,"2_mood, 2",2_mood
5755,2,1,30_productivity,I can’t remember the last time I felt accomplished.,"2_mood, 1",2_mood
5756,2,1,30_productivity,I feel numb during work and school activities.,"2_mood, 1",2_mood
5757,2,2,30_productivity,I’m constantly apologizing for missing things.,"14_show_up, 2",14_show_up
5758,2,1,30_productivity,I feel like a burden to my team or classmates.,"27_relationship_social, 1",27_relationship_social
5759,2,2,30_productivity,I haven’t participated in class for weeks.,"12_work, 2",12_work
5760,2,2,30_productivity,I’ve thought about quitting school altogether.,"12_work, 2",12_work
5761,2,2,30_productivity,"Even when I sit down to work, I just stare at the screen.","30_productivity, 2",30_productivity
5762,2,2,30_productivity,I’ve been avoiding responsibilities completely.,"14_show_up, 2",14_show_up
5763,2,1,30_productivity,I feel ashamed of how far behind I am.,"2_mood, 1",2_mood
5764,2,2,30_productivity,I can’t find the energy to even plan what needs to be done.,"17_problem, 2",17_problem
5765,2,1,30_productivity,I often pretend to be busy so people don’t ask questions.,"6_talk, 1",6_talk
5766,2,2,30_productivity,I feel like I’ve failed and can’t recover.,"2_mood, 2",2_mood
5767,2,2,30_productivity,I’ve had multiple warnings from supervisors.,"12_work, 2",12_work
5768,2,2,30_productivity,I’m always tired no matter how much I sleep.,"10_sleep, 2",10_sleep
5769,2,1,30_productivity,I don’t feel capable of catching up at this point.,"30_productivity, 1",30_productivity
5770,2,1,30_productivity,I avoid talking to coworkers because I feel guilty.,"6_talk, 1",6_talk
5771,2,2,30_productivity,I skip meals because I lose track of time completely.,"11_eat, 2",11_eat
5772,2,2,30_productivity,I haven’t been attending lectures or doing readings at all.,"12_work, 2",12_work
5773,2,1,30_productivity,I feel like I’m letting everyone down.,"2_mood, 1",2_mood
5774,2,2,30_productivity,I often panic when I think about work or school.,"2_mood, 2",2_mood
5775,2,2,30_productivity,I feel like I can’t think clearly anymore.,"17_problem, 2",17_problem
5776,2,1,30_productivity,I dread Sundays because it means starting another week.,"2_mood, 1",2_mood
5777,2,2,30_productivity,I’ve stopped responding to most people.,"6_talk, 2",6_talk
5778,2,2,30_productivity,I feel like my brain is in fog all the time.,"17_problem, 2",17_problem
5779,2,2,30_productivity,I can’t even make a to-do list because it’s too much.,"17_problem, 2",17_problem
5780,2,2,30_productivity,I forget simple things constantly now.,"17_problem, 2",17_problem
5781,2,2,30_productivity,I’ve been put on academic probation.,"12_work, 2",12_work
5782,2,2,30_productivity,I have breakdowns when trying to start assignments.,"2_mood, 2",2_mood
5783,2,2,30_productivity,I don’t believe I can succeed anymore.,"2_mood, 2",2_mood
5784,2,2,30_productivity,I’ve considered dropping out more than once this month.,"12_work, 2",12_work
5785,2,1,30_productivity,I isolate myself to avoid being reminded of my failures.,"6_talk, 1",6_talk
5786,2,2,30_productivity,I feel hopeless about my productivity improving.,"31_motivation, 2",31_Motivation
5787,2,1,30_productivity,I constantly think I’m not good enough for this school.,"2_mood, 1",2_mood
5788,2,2,30_productivity,"I spend hours doing nothing, frozen in place.","31_motivation, 2",31_Motivation
5789,2,2,30_productivity,I’ve lost interest in everything I used to enjoy doing.,"2_mood, 2",2_mood
5790,2,1,30_productivity,I fear checking my email because it’s full of overdue reminders.,"14_show_up, 1",14_show_up
5791,2,2,30_productivity,I haven’t submitted anything in days.,"30_productivity, 2",30_productivity
5792,2,1,30_productivity,I’ve lied about completing work to avoid consequences.,"30_productivity, 1",30_productivity
5793,2,2,30_productivity,I cry out of frustration almost daily now.,"2_mood, 2",2_mood
5794,2,2,30_productivity,I feel like there’s no point in trying anymore.,"2_mood, 2",2_mood
5795,2,2,30_productivity,I feel mentally and emotionally exhausted beyond words.,"2_mood, 2",2_mood
5796,2,1,30_productivity,I want to hide away.,"2_mood, 1",2_mood
5797,0,0,31_motivation,I wake up excited to tackle the day's tasks.,"31_motivation, 0",31_Motivation
5798,0,0,31_motivation,I'm really enjoying what I'm working on lately.,"31_motivation, 0",31_Motivation
5799,0,0,31_motivation,I feel driven and focused most days at school.,"31_motivation, 0",31_Motivation
5800,0,0,31_motivation,I look forward to new challenges at work.,"31_motivation, 0",31_Motivation
5801,0,0,31_motivation,I stay motivated by setting small goals and achieving them.,"31_motivation, 0",31_Motivation
5802,0,0,31_motivation,My curiosity keeps me going every day.,"31_motivation, 0",31_Motivation
5803,0,0,31_motivation,"I'm passionate about my field, so staying motivated is natural.","31_motivation, 0",31_Motivation
5804,0,0,31_motivation,Deadlines actually energize me.,"31_motivation, 0",31_Motivation
5805,0,0,31_motivation,I find a lot of meaning in what I do.,"31_motivation, 0",31_Motivation
5806,0,0,31_motivation,I feel accomplished at the end of most days.,"30_productivity, 0",30_productivity
5807,0,0,31_motivation,My team inspires me to do my best.,"31_motivation, 0",31_Motivation
5808,0,0,31_motivation,I have a good balance and that helps me stay motivated.,"13_work_life, 0",13_work_life
5809,0,0,31_motivation,"I'm learning so much, it's exciting.","2_mood, 0",2_mood
5810,0,0,31_motivation,I stay engaged by switching up my work tasks.,"31_motivation, 0",31_Motivation
5811,0,0,31_motivation,I like seeing progress in what I do.,"31_motivation, 0",31_Motivation
5812,0,0,31_motivation,I feel like I'm building toward something important.,"2_mood, 0",2_mood
5813,0,0,31_motivation,My motivation is strong because I love my work environment.,"31_motivation, 0",31_Motivation
5814,0,0,31_motivation,I’m genuinely interested in the subjects I’m studying.,"31_motivation, 0",31_Motivation
5815,0,0,31_motivation,I stay motivated by keeping track of my wins.,"31_motivation, 0",31_Motivation
5816,0,0,31_motivation,My mentor really helps me stay focused and driven.,"26_support_social, 0",26_support_social
5817,0,0,31_motivation,I get a lot of satisfaction from solving problems.,"17_problem, 0",17_problem
5818,0,0,31_motivation,I feel like I’m growing every day.,"2_mood, 0",2_mood
5819,0,0,31_motivation,Working with others keeps my energy up.,"26_support_social, 0",26_support_social
5820,0,0,31_motivation,I rarely feel like I’m forcing myself to get things done.,"31_motivation, 0",31_Motivation
5821,0,1,31_motivation,I often lose track of time when I'm working.,"13_work_life, 1",13_work_life
5822,0,0,31_motivation,Motivation isn’t an issue when you love what you do.,"31_motivation, 0",31_Motivation
5823,0,0,31_motivation,I enjoy applying what I learn in real-world situations.,"31_motivation, 0",31_Motivation
5824,0,0,31_motivation,"Even when I’m tired, I still feel motivated.","31_motivation, 0",31_Motivation
5825,0,0,31_motivation,The progress I make keeps me energized.,"2_mood, 0",2_mood
5826,0,0,31_motivation,I like pushing myself to reach new goals.,"31_motivation, 0",31_Motivation
5827,0,0,31_motivation,Being recognized keeps me motivated.,"31_motivation, 0",31_Motivation
5828,0,0,31_Motivation,I plan my day and that helps me stay on track.,"30_productivity, 0",30_productivity
5829,0,0,31_motivation,I'm self-motivated and enjoy independent work.,"31_motivation, 0",31_Motivation
5830,0,0,31_motivation,I reward myself when I hit milestones.,"31_motivation, 0",31_Motivation
5831,0,0,31_motivation,"I take breaks when I need them, but I always get back on track.","32_coping, 0",32_coping
5832,0,0,31_motivation,I feel fulfilled with how I spend my time.,"23_leisure, 0",23_leisure
5833,0,0,31_motivation,I’m motivated by the impact I can make.,"31_motivation, 0",31_Motivation
5834,0,0,31_motivation,Learning new things every day keeps me going.,"32_coping, 0",32_coping
5835,0,0,31_motivation,I rarely procrastinate anymore.,"30_productivity, 0",30_productivity
5836,0,0,31_motivation,Having structure helps me stay engaged.,"32_coping, 0",32_coping
5837,0,0,31_motivation,I’m always looking for ways to improve.,"Other, 0","NA, 99"
5838,0,0,31_motivation,My motivation is consistent throughout the week.,"31_motivation, 0",31_Motivation
5839,0,0,31_motivation,My work aligns with my long-term goals.,"12_work, 0",12_work
5840,0,0,31_motivation,I’m excited about future opportunities.,"2_mood, 0",2_mood
5841,0,0,31_motivation,I take pride in my work.,"31_motivation, 0",31_Motivation
5842,0,0,31_motivation,"I enjoy collaborating with others, it keeps me sharp.","27_relationship_social, 0",27_relationship_social
5843,0,0,31_motivation,I keep a journal to reflect on my academic progress.,"12_work, 0",12_work
5844,0,0,31_motivation,"I feel confident in my abilities, which keeps me going.","2_mood, 0",2_mood
5845,0,0,31_motivation,I use setbacks as motivation to do better.,"32_coping, 0",32_coping
5846,0,0,31_motivation,My routine helps maintain my drive.,"31_motivation, 0",31_Motivation
5847,0,0,31_motivation,I don’t need external pressure to stay productive.,"31_motivation, 0",31_Motivation
5848,0,0,31_motivation,I’m passionate about the difference I can make.,"31_motivation, 0",31_Motivation
5849,0,0,31_motivation,The subjects I study really resonate with me.,"31_motivation, 0",31_Motivation
5850,0,0,31_motivation,I like competing with myself to do better.,"31_motivation, 0",31_Motivation
5851,0,0,31_motivation,My motivation has actually increased recently.,"31_motivation, 0",31_Motivation
5852,0,0,31_motivation,I actively seek feedback to improve.,"17_problem, 0",17_problem
5853,0,0,31_motivation,I love seeing how far I’ve come.,"2_mood, 0",2_mood
5854,0,0,31_motivation,I feel like I’m on the right path.,"2_mood, 0",2_mood
5855,1,1,31_motivation,"Most days I'm motivated, but some days I need a push.","31_motivation, 1",31_Motivation
5856,1,1,31_motivation,"I get things done, but it takes more effort lately.","31_motivation, 1",31_Motivation
5857,1,1,31_motivation,I used to be more excited about school.,"31_motivation, 1",31_Motivation
5858,1,1,31_motivation,"I still care, but I’ve been dragging a bit.","2_mood, 1",2_mood
5859,1,1,31_motivation,Sometimes I wait until the last minute to start tasks.,"30_productivity, 1",30_productivity
5860,1,1,31_motivation,I have trouble getting started but I always finish.,"31_motivation, 1",31_Motivation
5861,1,1,31_motivation,My energy fluctuates a lot during the week.,"2_mood, 1",2_mood
5862,1,1,31_motivation,"I’ve been feeling a little burned out, but I’m managing.","2_mood, 1",2_mood
5863,1,1,31_motivation,"Motivation comes and goes, some weeks are better than others.","31_motivation, 1",31_Motivation
5864,1,1,31_motivation,"I have goals, but they feel further away now.","31_motivation, 1",31_Motivation
5865,1,1,31_motivation,I need external pressure to stay on task lately.,"31_motivation, 1",31_Motivation
5866,1,1,31_motivation,It’s harder to focus than it used to be.,"17_problem, 1",17_problem
5867,1,1,31_motivation,I don’t always feel excited about my major anymore.,"31_motivation, 1",31_Motivation
5868,1,0,31_motivation,I’m trying to get back into a better rhythm.,"Other, 0","NA, 99"
5869,1,1,31_motivation,"Some mornings I struggle to start, but I push through.","31_motivation, 1",31_Motivation
5870,1,1,31_motivation,I’ve been coasting a bit recently.,"31_motivation, 1",31_Motivation
5871,1,1,31_motivation,"I'm doing what I need to, but not more than that.","31_motivation, 1",31_Motivation
5872,1,0,31_motivation,Group work helps because I struggle on my own.,"26_support_social, 0",26_support_social
5873,1,1,31_motivation,"I know I care, but I feel disconnected sometimes.","2_mood, 1",2_mood
5874,1,1,31_motivation,I miss how motivated I used to be.,"31_motivation, 1",31_Motivation
5875,1,1,31_motivation,I’ve been procrastinating more often.,"30_productivity, 1",30_productivity
5876,1,1,31_motivation,I’m hoping things feel better next semester.,"2_mood, 1",2_mood
5877,1,1,31_motivation,I’ve been staying up too late and losing momentum.,"10_sleep, 1",10_sleep
5878,1,1,31_motivation,Work feels repetitive lately.,"31_motivation, 1",31_Motivation
5879,1,1,31_motivation,Sometimes I feel like I’m just checking boxes.,"31_motivation, 1",31_Motivation
5880,1,1,31_motivation,I feel like I'm on autopilot.,"2_mood, 1",2_mood
5881,1,1,31_motivation,I need to find a way to re-engage.,"31_motivation, 1",31_Motivation
5882,1,1,31_motivation,I’ve started skipping some optional things I used to enjoy.,"23_leisure, 1",23_leisure
5883,1,1,31_motivation,"I still do the work, but I don’t feel proud of it.","31_motivation, 1",31_Motivation
5884,1,1,31_motivation,It’s hard to stay focused during long lectures.,"30_productivity, 1",30_productivity
5885,1,1,31_motivation,My attention drifts more than it used to.,"17_problem, 1",17_problem
5886,1,1,31_motivation,I set goals but have trouble following through.,"31_motivation, 1",31_Motivation
5887,1,1,31_motivation,I’ve been less proactive than usual.,"31_motivation, 1",31_Motivation
5888,1,1,31_motivation,I think I need to change something to feel excited again.,"2_mood, 1",2_mood
5889,1,1,31_motivation,I’ve been easily distracted.,"30_productivity, 1",30_productivity
5890,1,1,31_motivation,Sometimes I avoid tasks that feel too overwhelming.,"17_problem, 1",17_problem
5891,1,1,31_motivation,"I’m meeting expectations, but just barely.","30_productivity, 1",30_productivity
5892,1,1,31_motivation,"I’m feeling a bit stuck, but not hopeless.","2_mood, 1",2_mood
5893,1,1,31_motivation,"Motivation dips during the week, especially by Friday.","31_motivation, 1",31_Motivation
5894,1,0,31_motivation,I’ve been less consistent lately.,"Other, 0","NA, 99"
5895,1,1,31_motivation,I struggle with time management more than before.,"30_productivity, 1",30_productivity
5896,1,1,31_motivation,"I think I’m burnt out, but it’s manageable.","13_work_life, 1",13_work_life
5897,1,1,31_motivation,"Things feel monotonous, but I’m pushing through.","2_mood, 1",2_mood
5898,1,1,31_motivation,Sometimes I wonder if I chose the right path.,"17_problem, 1",17_problem
5899,1,1,31_motivation,I feel tired even after a full night’s sleep.,"10_sleep, 1",10_sleep
5900,1,1,31_motivation,"I work better under pressure, which isn’t ideal.","30_productivity, 1",30_productivity
5901,1,1,31_motivation,"I need a break, but I can’t take one yet.","13_work_life, 1",13_work_life
5902,1,1,31_motivation,I wish I had more passion for what I’m doing.,"31_motivation, 1",31_Motivation
5903,1,1,31_motivation,"I’m feeling uninspired, but I haven’t given up.","2_mood, 1",2_mood
5904,1,1,31_motivation,I get jealous of people who seem more driven.,"2_mood, 1",2_mood
5905,1,1,31_motivation,Deadlines stress me more than they used to.,"32_coping, 1",32_coping
5906,1,1,31_motivation,"I’m okay, but I don’t feel excited to go to work.","31_motivation, 1",31_Motivation
5907,1,1,31_motivation,"I’m showing up physically, but not mentally.","30_productivity, 1",30_productivity
5908,1,1,31_motivation,I think I need a reset to get my drive back.,"31_motivation, 1",31_Motivation
5909,1,1,31_motivation,"I’m still trying, but it’s hard to stay motivated every day.","31_motivation, 1",31_Motivation
5910,1,1,31_motivation,I sometimes dread my assignments.,"31_motivation, 1",31_Motivation
5911,1,1,31_motivation,I’ve lost some interest in things that used to excite me.,"2_mood, 1",2_mood
5912,2,2,31_motivation,I don’t feel any motivation to work or study anymore.,"31_motivation, 2",31_Motivation
5913,2,2,31_motivation,I haven’t turned in assignments for weeks.,"12_work, 2",12_work
5914,2,1,31_motivation,I’m constantly behind and don’t know how to catch up.,"30_productivity, 1",30_productivity
5915,2,2,31_motivation,Nothing I do feels worth the effort.,"2_mood, 2",2_mood
5916,2,2,31_motivation,I can’t focus no matter how hard I try.,"30_productivity, 2",30_productivity
5917,2,2,31_motivation,I’ve stopped showing up to work.,"12_work, 2",12_work
5918,2,2,31_motivation,Every task feels overwhelming right now.,"32_coping, 2",32_coping
5919,2,2,31_motivation,I sleep most of the day and avoid my responsibilities.,"10_sleep, 2",10_sleep
5920,2,2,31_motivation,I feel completely disconnected from my goals.,"31_motivation, 2",31_Motivation
5921,2,2,31_motivation,"I’ve lost interest in everything, including school.","2_mood, 2",2_mood
5922,2,2,31_motivation,Even thinking about work makes me anxious.,"2_mood, 2",2_mood
5923,2,1,31_motivation,I don’t think I care anymore if I fail.,"2_mood, 1",2_mood
5924,2,1,31_motivation,I feel numb when I try to study or work.,"2_mood, 1",2_mood
5925,2,2,31_motivation,I haven’t opened my laptop in days.,"30_productivity, 2",30_productivity
5926,2,1,31_motivation,I cry when I think about how much I’ve fallen behind.,"2_mood, 1",2_mood
5927,2,2,31_motivation,I’m afraid to ask for help because I feel ashamed.,"7_emo, 2",7_emo
5928,2,2,31_motivation,I don’t see the point in trying anymore.,"2_mood, 2",2_mood
5929,2,1,31_motivation,I pretend to be busy to avoid being called out.,"27_relationship_social, 1",27_relationship_social
5930,2,2,31_motivation,I’ve missed multiple deadlines and haven’t told anyone.,"12_work, 2",12_work
5931,2,2,31_motivation,It feels impossible to get started on anything.,"31_motivation, 2",31_Motivation
5932,2,1,31_motivation,I feel like a fraud for even being here.,"2_mood, 1",2_mood
5933,2,2,31_motivation,"I tell people I’m fine, but I’m barely functioning.","7_emo, 2",7_emo
5934,2,2,31_motivation,My motivation disappeared months ago.,"31_motivation, 2",31_Motivation
5935,2,1,31_motivation,I’ve been thinking about dropping out.,"12_work, 1",12_work
5936,2,1,31_motivation,Nothing excites me about the future right now.,"2_mood, 1",2_mood
5937,2,2,31_motivation,I feel stuck and hopeless.,"2_mood, 2",2_mood
5938,2,2,31_motivation,I spend more time avoiding work than doing it.,"30_productivity, 2",30_productivity
5939,2,2,31_motivation,"I’m afraid of getting fired or failing, but still can’t act.","31_motivation, 2",31_Motivation
5940,2,2,31_motivation,I don’t remember the last time I felt productive.,"30_productivity, 2",30_productivity
5941,2,2,31_motivation,I avoid checking emails because it makes me panic.,"2_mood, 2",2_mood
5942,2,1,31_motivation,I isolate myself to avoid dealing with work.,"12_work, 1",12_work
5943,2,2,31_motivation,Even small tasks feel huge.,"31_motivation, 2",31_Motivation
5944,2,1,31_motivation,I lie about progress to my manager/professor.,"30_productivity, 1",30_productivity
5945,2,2,31_motivation,I’ve given up trying to catch up.,"31_motivation, 2",31_Motivation
5946,2,2,31_motivation,I can’t focus at all during the day.,"30_productivity, 2",30_productivity
5947,2,1,31_motivation,I feel like I’m letting everyone down.,"2_mood, 1",2_mood
5948,2,2,31_motivation,My sleep schedule is completely off.,"10_sleep, 2",10_sleep
5949,2,2,31_motivation,"I only get up to eat, then go back to bed.","10_sleep, 2",10_sleep
5950,2,1,31_motivation,I fantasize about quitting everything.,"2_mood, 1",2_mood
5951,2,2,31_motivation,I don’t believe in my ability to succeed anymore.,"2_mood, 2",2_mood
5952,2,1,31_motivation,I have no goals right now.,"31_motivation, 1",31_Motivation
5953,2,2,31_motivation,I’m constantly overwhelmed and paralyzed.,"2_mood, 2",2_mood
5954,2,1,31_motivation,I feel ashamed about how little I’ve done.,"2_mood, 1",2_mood
5955,2,1,31_motivation,I can’t even read a full page without zoning out.,"17_problem, 1",17_problem
5956,2,1,31_motivation,I feel sick thinking about school.,"2_mood, 1",2_mood
5957,2,2,31_motivation,I’m scared to tell anyone how bad it’s gotten.,"7_emo, 2",7_emo
5958,2,2,31_motivation,I’ve stopped caring about consequences.,"9_risk, 2",9_risk
5959,2,2,31_motivation,"I used to love this work, but now I don’t feel anything.","2_mood, 2",2_mood
5960,2,2,31_motivation,I don't want to do anything.,"31_motivation, 2",31_Motivation
5961,2,2,31_motivation,I can't find the courage to moitvate myself.,"31_motivation, 2",31_Motivation
5962,2,2,31_motivation,Everything feels pointless right now.,"2_mood, 2",2_mood
5963,2,2,31_motivation,I feel like I’m wasting my life.,"2_mood, 2",2_mood
5964,2,2,31_motivation,I stare at my screen for hours without doing anything.,"30_productivity, 2",30_productivity
5965,2,2,31_motivation,I avoid all responsibilities until they become crises.,"17_problem, 2",17_problem
5966,2,1,31_motivation,I feel like a burden at work.,"2_mood, 1",2_mood
5967,2,1,31_motivation,I always leave everything to the last minute.,"30_productivity, 1",30_productivity
5968,2,2,31_motivation,"I feel broken, like I’ll never be motivated again.","2_mood, 2",2_mood
5969,2,0,31_motivation,I’ve been thinking about quitting altogether.,"Other, 0","NA, 99"
5970,0,0,32_coping,I go for a walk outside and focus on the sounds and sights around me.,"32_coping, 0",32_coping
5971,0,0,32_coping,Deep breathing helps me get centered again when I feel overwhelmed.,"32_coping, 0",32_coping
5972,0,0,32_coping,I usually meditate for 10 minutes to reset my mind.,"32_coping, 0",32_coping
5973,0,0,32_coping,"When I'm stressed, I journal about it and that really helps.","32_coping, 0",32_coping
5974,0,0,32_coping,Exercise always helps me clear my head.,"37_exercise, 0",37_exercise
5975,0,0,32_coping,I talk to my best friend or partner to process what's bothering me.,"7_emo, 0",7_emo
5976,0,0,32_coping,I make a cup of tea and take a quiet moment to enjoy it.,"32_coping, 0",32_coping
5977,0,0,32_coping,Spending time with my dog instantly brings down my stress levels.,"32_coping, 0",32_coping
5978,0,0,32_coping,Listening to instrumental music helps me calm down.,"32_coping, 0",32_coping
5979,0,0,32_coping,I draw or paint as a form of emotional expression.,"24_creativity, 0",24_creativity
5980,0,0,32_coping,Reading fiction helps me escape and come back refreshed.,"32_coping, 0",32_coping
5981,0,0,32_coping,I write to-do lists to organize my thoughts and reduce anxiety.,"32_coping, 0",32_coping
5982,0,0,32_coping,I practice yoga a few times a week which keeps me grounded.,"37_exercise, 0",37_exercise
5983,0,0,32_coping,I use a mindfulness app to calm my thoughts.,"32_coping, 0",32_coping
5984,0,0,32_coping,Cleaning or organizing my room helps me feel more in control.,"32_coping, 0",32_coping
5985,0,0,32_coping,Cooking a new recipe helps me shift my focus.,"32_coping, 0",32_coping
5986,0,0,32_coping,I like to go on a drive and listen to calming music.,"32_coping, 0",32_coping
5987,0,0,32_coping,I schedule in downtime intentionally throughout my week.,"13_work_life, 0",13_work_life
5988,0,0,32_coping,Gardening gives me peace and a sense of purpose.,"23_leisure, 0",23_leisure
5989,0,0,32_coping,I watch comedy shows or funny clips to boost my mood.,"32_coping, 0",32_coping
5990,0,0,32_coping,Spending time with family helps me de-stress.,"32_coping, 0",32_coping
5991,0,0,32_coping,I do puzzles to keep my mind engaged but relaxed.,"32_coping, 0",32_coping
5992,0,0,32_coping,I take short breaks during work to breathe and stretch.,"32_coping, 0",32_coping
5993,0,0,32_coping,I try to focus on gratitude when I feel overwhelmed.,"32_coping, 0",32_coping
5994,0,0,32_coping,I use grounding techniques like naming 5 things I see or hear.,"32_coping, 0",32_coping
5995,0,0,32_coping,I play music on my guitar when I need to relax.,"32_coping, 0",32_coping
5996,0,0,32_coping,I practice affirmations and positive self-talk.,"32_coping, 0",32_coping
5997,0,0,32_coping,I light a candle and listen to calming music in the evening.,"32_coping, 0",32_coping
5998,0,0,32_coping,Drawing mandalas helps me refocus and feel calm.,"32_coping, 0",32_coping
5999,0,0,32_coping,I have a consistent sleep schedule that helps with stress.,"10_sleep, 0",10_sleep
6000,0,0,32_coping,Sometimes I’ll watch ASMR videos to relax.,"32_coping, 0",32_coping
6001,0,0,32_coping,I practice tai chi in the mornings to start the day calmly.,"37_exercise, 0",37_exercise
6002,0,0,32_coping,I follow a breathing pattern of 4-7-8 to fall asleep peacefully.,"32_coping, 0",32_coping
6003,0,0,32_coping,"I de-stress by playing slow, strategy-based video games.","32_coping, 0",32_coping
6004,0,0,32_coping,I pray or reflect spiritually when things feel heavy.,"32_coping, 0",32_coping
6005,0,0,32_coping,Massage therapy really helps my body and mind feel relaxed.,"32_coping, 0",32_coping
6006,0,0,32_coping,I try to stay present instead of worrying about the future.,"32_coping, 0",32_coping
6007,0,0,32_coping,I use coloring books to unwind at night.,"32_coping, 0",32_coping
6008,0,0,32_coping,I set limits on work hours to prevent burnout.,"13_work_life, 0",13_work_life
6009,0,0,32_coping,"I take ""phone-free"" time each day to recharge.","32_coping, 0",32_coping
6010,0,0,32_coping,I make time for creative writing as a calming outlet.,"32_coping, 0",32_coping
6011,0,0,32_coping,A warm bath with essential oils helps me reset.,"32_coping, 0",32_coping
6012,0,0,32_coping,I journal three things that went well at the end of the day.,"32_coping, 0",32_coping
6013,0,0,32_coping,I give myself permission to do nothing sometimes.,"32_coping, 0",32_coping
6014,0,0,32_coping,I drink enough water and try to eat healthy to feel balanced.,"16_nutrition, 0",16_nutrition
6015,0,0,32_coping,I take power naps when I feel mentally drained.,"32_coping, 0",32_coping
6016,0,0,32_coping,I look through old travel photos and remember peaceful places.,"32_coping, 0",32_coping
6017,0,0,32_coping,Dancing around the house to music helps me release tension.,"32_coping, 0",32_coping
6018,0,0,32_coping,Volunteering gives me a sense of purpose and calm.,"25_community, 0",25_community
6019,0,0,32_coping,I remind myself that this moment will pass.,"32_coping, 0",32_coping
6020,0,0,32_coping,I stay connected to friends even if I'm busy.,"27_relationship_social, 0",27_relationship_social
6021,0,0,32_coping,Sometimes I just take five deep breaths and it helps more than I expect.,"32_coping, 0",32_coping
6022,0,0,32_coping,I keep a “calm kit” with things like lavender oil and cozy socks.,"32_coping, 0",32_coping
6023,0,0,32_coping,I use humor and laugh things off when I can.,"32_coping, 0",32_coping
6024,0,0,32_coping,I focus on one task at a time to avoid overwhelm.,"32_coping, 0",32_coping
6025,0,0,32_coping,Spending time with my cat always helps me relax.,"32_coping, 0",32_coping
6026,0,0,32_coping,I keep my environment clutter-free to reduce mental noise.,"5_house, 0",5_house
6027,0,0,32_coping,I use visualizations like imagining I’m at the beach.,"32_coping, 0",32_coping
6028,0,0,32_coping,Sometimes I just cry it out and feel better afterward.,"32_coping, 0",32_coping
6029,0,0,32_coping,I find comfort in following a daily routine.,"32_coping, 0",32_coping
6030,1,1,32_coping,I scroll social media to distract myself when stressed.,"32_coping, 1",32_coping
6031,1,1,32_coping,"Sometimes I just sleep it off, even if it means skipping plans.","10_sleep, 1",10_sleep
6032,1,1,32_coping,"I eat junk food when I’m overwhelmed, even if I regret it later.","32_coping, 1",32_coping
6033,1,1,32_coping,I try to push through stress without really addressing it.,"32_coping, 1",32_coping
6034,1,1,32_coping,"I avoid people when I’m anxious, even if I feel lonely.","6_talk, 1",6_talk
6035,1,1,32_coping,I keep myself excessively busy so I don’t have to think.,"32_coping, 1",32_coping
6036,1,1,32_coping,Sometimes I cancel plans last minute because I feel overwhelmed.,"14_show_up, 1",14_show_up
6037,1,1,32_coping,I stay up late watching videos to avoid thinking about stress.,"10_sleep, 1",10_sleep
6038,1,1,32_coping,I procrastinate instead of facing what’s stressing me.,"32_coping, 1",32_coping
6039,1,1,32_coping,I pretend everything is fine so I don’t have to talk about it.,"7_emo, 1",7_emo
6040,1,1,32_coping,Sometimes I lash out and then feel bad afterward.,"7_emo, 1",7_emo
6041,1,1,32_coping,I work long hours to distract myself from personal stress.,"13_work_life, 1",13_work_life
6042,1,1,32_coping,I take on too many tasks hoping I’ll feel more in control.,"32_coping, 1",32_coping
6043,1,1,32_coping,I replay stressful situations in my head over and over.,"32_coping, 1",32_coping
6044,1,1,32_coping,I often tell myself to just “toughen up” instead of de-stressing.,"32_coping, 1",32_coping
6045,1,1,32_coping,I isolate when I feel stressed and don’t reach out for help.,"6_talk, 1",6_talk
6046,1,1,32_coping,Sometimes I ignore stress until my body forces me to stop.,"32_coping, 1",32_coping
6047,1,1,32_coping,I drink more caffeine than usual when I’m anxious.,"32_coping, 1",32_coping
6048,1,1,32_coping,I check my email or phone constantly to feel productive.,"30_productivity, 1",30_productivity
6049,1,1,32_coping,I sometimes pretend I’m not stressed even though I am.,"7_emo, 1",7_emo
6050,1,1,32_coping,I shut down emotionally when I’m overwhelmed.,"32_coping, 1",32_coping
6051,1,1,32_coping,I get very snappy or irritable under stress.,"2_mood, 1",2_mood
6052,1,1,32_coping,I binge-watch shows to feel numb.,"32_coping, 1",32_coping
6053,1,1,32_coping,I try to ignore the problem and hope it goes away.,"17_problem, 1",17_problem
6054,1,1,32_coping,I use sarcasm to hide how anxious I really am.,"7_emo, 1",7_emo
6055,1,1,32_coping,I stop eating full meals when I’m anxious.,"11_eat, 1",11_eat
6056,1,1,32_coping,Sometimes I rely too much on comfort food.,"16_nutrition, 1",16_nutrition
6057,1,1,32_coping,I focus on helping others so I don’t have to face my own stress.,"32_coping, 1",32_coping
6058,1,2,32_coping,I avoid sleep so I don’t have to wake up to problems.,"10_sleep, 2",10_sleep
6059,1,1,32_coping,Sometimes I talk about my stress but don’t really do anything about it.,"32_coping, 1",32_coping
6060,1,1,32_coping,I tend to overthink small things when I’m anxious.,"2_mood, 1",2_mood
6061,1,1,32_coping,I replay arguments or mistakes in my mind for hours.,"32_coping, 1",32_coping
6062,1,1,32_coping,"I feel guilty taking breaks, even when I need them.","13_work_life, 1",13_work_life
6063,1,1,32_coping,I spend money impulsively when I’m stressed.,"15_finance, 1",15_finance
6064,1,1,32_coping,I sometimes cry in private and then pretend I’m fine.,"7_emo, 1",7_emo
6065,1,1,32_coping,I keep my stress to myself so I don’t seem like a burden.,"7_emo, 1",7_emo
6066,1,1,32_coping,Sometimes I pretend to be busy so I can be alone.,"6_talk, 1",6_talk
6067,1,1,32_coping,I try to escape by planning imaginary vacations or futures.,"32_coping, 1",32_coping
6068,1,1,32_coping,I avoid making decisions when I’m under stress.,"17_problem, 1",17_problem
6069,1,1,32_coping,I bottle things up until I explode.,"7_emo, 1",7_emo
6070,1,1,32_coping,I use humor to deflect serious conversations about stress.,"7_emo, 1",7_emo
6071,1,1,32_coping,I stay silent in conflicts even when I’m really upset.,"7_emo, 1",7_emo
6072,1,1,32_coping,I compare myself to others and feel worse.,"2_mood, 1",2_mood
6073,1,1,32_coping,I struggle to say no even when I’m overloaded.,"29_safe_sex, 1",29_safe_sex
6074,1,1,32_coping,I pick fights with loved ones when I feel overwhelmed.,"7_emo, 1",7_emo
6075,1,1,32_coping,I over-apologize when I’m stressed even if I didn’t do anything wrong.,"32_coping, 1",32_coping
6076,1,1,32_coping,I go into “robot mode” and do things on autopilot.,"2_mood, 1",2_mood
6077,1,2,32_coping,I focus only on work and ignore everything else.,"13_work_life, 2",13_work_life
6078,1,1,32_coping,I avoid eye contact when I’m stressed around people.,"6_talk, 1",6_talk
6079,1,1,32_coping,I tell myself I don’t deserve rest.,"13_work_life, 1",13_work_life
6080,1,1,32_coping,Sometimes I keep stress to myself so no one worries.,"7_emo, 1",7_emo
6081,1,1,32_coping,I use productivity to mask my anxiety.,"32_coping, 1",32_coping
6082,1,1,32_coping,I think people will judge me if they know how stressed I am.,"7_emo, 1",7_emo
6083,2,1,32_coping,I drink alcohol to calm down more often than I should.,"22_substance, 1",22_substance
6084,2,2,32_coping,I hurt myself when I’m too overwhelmed.,"33_self_harm, 2",33_self_harm
6085,2,2,32_coping,I stop getting out of bed for days when I’m stressed.,"32_coping, 2",32_coping
6086,2,2,32_coping,I feel numb and disconnected most of the time.,"2_mood, 2",2_mood
6087,2,2,32_coping,I scream or punch things when I get overwhelmed.,"32_coping, 2",32_coping
6088,2,1,32_coping,I’ve started missing work or school due to stress.,"12_work, 1",12_work
6089,2,2,32_coping,I often wish I could just disappear when things get hard.,"33_self_harm, 2",33_self_harm
6090,2,2,32_coping,I can’t remember the last time I felt calm.,"2_mood, 2",2_mood
6091,2,1,32_coping,I lie about being okay because I don’t want anyone to worry.,"7_emo, 1",7_emo
6092,2,2,32_coping,I binge eat until I feel sick when I’m upset.,"11_eat, 2",11_eat
6093,2,2,32_coping,I’ve had panic attacks but don’t know what to do about them.,"2_mood, 2",2_mood
6094,2,1,32_coping,I avoid all responsibilities when I’m overwhelmed.,"32_coping, 1",32_coping
6095,2,2,32_coping,I cry multiple times a day and don’t know how to stop.,"2_mood, 2",2_mood
6096,2,2,32_coping,I feel like I'm drowning in stress with no way out.,"2_mood, 2",2_mood
6097,2,2,32_coping,I lash out violently when I’m anxious.,"9_risk, 2",9_risk
6098,2,2,32_coping,I use drugs to numb my emotions.,"20_alcohol, 2",20_alcohol
6099,2,2,32_coping,I think about hurting myself when stress gets bad.,"33_self_harm, 2",33_self_harm
6100,2,2,32_coping,I feel like there’s no point in trying to cope anymore.,"32_coping, 2",32_coping
6101,2,2,32_coping,I isolate completely and avoid all contact for days.,"6_talk, 2",6_talk
6102,2,2,32_coping,I don’t eat at all when I’m anxious or sad.,"11_eat, 2",11_eat
6103,2,2,32_coping,I pretend to be asleep so I don’t have to face people.,"6_talk, 2",6_talk
6104,2,2,32_coping,I’ve stopped caring about things that used to matter.,"2_mood, 2",2_mood
6105,2,1,32_coping,I fantasize about running away and starting over.,"32_coping, 1",32_coping
6106,2,1,32_coping,I have nightmares about stressful events repeatedly.,"10_sleep, 1",10_sleep
6107,2,2,32_coping,I’ve completely stopped attending social events.,"25_community, 2",25_community
6108,2,1,32_coping,I sometimes feel like I’m going to explode from the pressure.,"2_mood, 1",2_mood
6109,2,2,32_coping,I feel physical pain from stress but don’t seek help.,"4_care, 2",4_care
6110,2,2,32_coping,I’ve been skipping medications or therapy due to stress.,"3_medication, 2",3_medication
6111,2,2,32_coping,I shake uncontrollably when I’m overwhelmed.,"2_mood, 2",2_mood
6112,2,2,32_coping,I’ve blacked out from panic before.,"2_mood, 2",2_mood
6113,2,2,32_coping,I feel hopeless almost every day.,"2_mood, 2",2_mood
6114,2,1,32_coping,I’ve lost interest in personal hygiene due to stress.,"36_hygiene, 1",36_hygiene
6115,2,2,32_coping,I hear negative voices in my head when I’m anxious.,"2_mood, 2",2_mood
6116,2,2,32_coping,I break down crying in public and don’t know how to stop.,"2_mood, 2",2_mood
6117,2,2,32_coping,I feel like I’m constantly on the verge of a breakdown.,"2_mood, 2",2_mood
6118,2,1,32_coping,I’ve started avoiding people I love because I feel like a burden.,"6_talk, 1",6_talk
6119,2,1,32_coping,I hide in bathrooms or closets to escape stressful situations.,"32_coping, 1",32_coping
6120,2,2,32_coping,I don’t trust anyone enough to talk about what I’m going through.,"7_emo, 2",7_emo
6121,2,2,32_coping,I feel completely numb and detached even during important moments.,"2_mood, 2",2_mood
6122,2,2,32_coping,I constantly think something bad is about to happen.,"2_mood, 2",2_mood
6123,2,2,32_coping,I harm myself to release emotional pain.,"33_self_harm, 2",33_self_harm
6124,2,2,32_coping,I wish I didn’t have to wake up some days.,"33_self_harm, 2",33_self_harm
6125,2,2,32_coping,I’ve stopped paying bills or managing responsibilities entirely.,"15_finance, 2",15_finance
6126,2,2,32_coping,I feel like I’m failing at everything.,"2_mood, 2",2_mood
6127,2,2,32_coping,I scream into pillows just to get through the day.,"32_coping, 2",32_coping
6128,2,2,32_coping,I feel unsafe in my own thoughts.,"8_safe, 2",8_safe
6129,2,2,32_coping,I’ve destroyed things during a breakdown.,"9_risk, 2",9_risk
6130,2,2,32_coping,I hide how bad things are from everyone.,"7_emo, 2",7_emo
6131,2,2,32_coping,I use risky behavior to feel alive.,"9_risk, 2",9_risk
6132,2,2,32_coping,I can’t focus on anything because my mind is racing.,"2_mood, 2",2_mood
6133,2,1,32_coping,I hate myself when I can’t handle stress.,"32_coping, 1",32_coping
6134,2,2,32_coping,I skip meals for days when I’m anxious.,"11_eat, 2",11_eat
6135,2,2,32_coping,I feel like I’m broken beyond repair.,"2_mood, 2",2_mood
6136,2,2,32_coping,I’ve lost the will to keep trying.,"2_mood, 2",2_mood
6137,2,2,32_coping,I don’t think anyone would notice if I disappeared.,"33_self_harm, 2",33_self_harm
6138,2,2,32_coping,I constantly think “what’s the point?”,"2_mood, 2",2_mood
6139,0,0,33_self_harm,"No, I haven’t had those urges and I feel in control of my emotions.","33_self_harm, 0",33_self_harm
6140,0,0,33_self_harm,I don’t engage in self-harming behaviors and haven’t in the past.,"33_self_harm, 0",33_self_harm
6141,0,0,33_self_harm,"Whenever I feel down, I go for a walk or call a friend instead of hurting myself.","33_self_harm, 0",33_self_harm
6142,0,0,33_self_harm,I have healthy coping mechanisms and don’t feel the need to self-harm.,"33_self_harm, 0",33_self_harm
6143,0,0,33_self_harm,"No, and I feel confident I can manage any stress that comes up.","32_coping, 0",32_coping
6144,0,0,33_self_harm,I don't think self-harming is right.,"33_self_harm, 0",33_self_harm
6145,0,0,33_self_harm,I talk things out with my support group instead of bottling it up.,"7_emo, 0",7_emo
6146,0,0,33_self_harm,"I’ve never found self-harm appealing or helpful, and I don’t plan to start.","33_self_harm, 0",33_self_harm
6147,0,0,33_self_harm,"When I get upset, I meditate or practice deep breathing instead of harming myself.","33_self_harm, 0",33_self_harm
6148,0,0,33_self_harm,I’ve built routines that help me manage stress well without hurting myself.,"32_coping, 0",32_coping
6149,0,0,33_self_harm,"No, and I’m proud of the way I manage emotional pain now.","33_self_harm, 0",33_self_harm
6150,0,0,33_self_harm,I’ve worked on my emotional regulation and don’t feel that urge anymore.,"33_self_harm, 0",33_self_harm
6151,0,0,33_self_harm,I exercise regularly and it helps me release difficult emotions safely.,"37_exercise, 0",37_exercise
6152,0,0,33_self_harm,My coping skills have improved a lot and I don't resort to anything harmful.,"32_coping, 0",32_coping
6153,0,0,33_self_harm,I focus on self-care and mindfulness when I’m feeling low.,"32_coping, 0",32_coping
6154,0,0,33_self_harm,"No, I’m in a stable place emotionally and physically.","2_mood, 0",2_mood
6155,0,0,33_self_harm,I feel supported and safe enough to not consider self-harm.,"33_self_harm, 0",33_self_harm
6156,0,0,33_self_harm,"No urges lately, and if anything came up, I know how to handle it.","33_self_harm, 0",33_self_harm
6157,0,0,33_self_harm,I have people I can talk to instead of turning inward.,"26_support_social, 0",26_support_social
6158,0,0,33_self_harm,"I distract myself in healthy ways, like reading or puzzles.","32_coping, 0",32_coping
6159,0,0,33_self_harm,My therapist helped me develop strategies that really work.,"32_coping, 0",32_coping
6160,0,0,33_self_harm,I haven’t had any thoughts of self-harm in a long time.,"33_self_harm, 0",33_self_harm
6161,0,0,33_self_harm,I’m really focused on recovery and healing now.,"32_coping, 0",32_coping
6162,0,0,33_self_harm,I no longer identify with that behavior.,"Other, 0","NA, 99"
6163,0,0,33_self_harm,I’ve replaced old habits with healthier ones.,"32_coping, 0",32_coping
6164,0,0,33_self_harm,"When I feel bad, I remind myself of my progress and self-worth.","32_coping, 0",32_coping
6165,0,0,33_self_harm,"No, and I don’t feel triggered by things that used to affect me.","2_mood, 0",2_mood
6166,0,0,33_self_harm,I’ve built a lot of emotional resilience.,"32_coping, 0",32_coping
6167,0,0,33_self_harm,I set boundaries to protect my mental health.,"29_safe_sex, 0",29_safe_sex
6168,0,0,33_self_harm,"I do yoga when I feel anxious, it’s really grounding.","32_coping, 0",32_coping
6169,0,0,33_self_harm,I’m able to identify and manage my triggers well.,"32_coping, 0",32_coping
6170,0,0,33_self_harm,I’ve found creative expression helps me release emotions.,"32_coping, 0",32_coping
6171,0,0,33_self_harm,No thoughts like that lately.,"33_self_harm, 0",33_self_harm
6172,0,0,33_self_harm,My support system is solid and I rely on them during tough times.,"26_support_social, 0",26_support_social
6173,0,0,33_self_harm,I haven’t needed to use my crisis plan in months.,"8_safe, 0",8_safe
6174,0,0,33_self_harm,"I’m in a good place, so it doesn’t even cross my mind anymore.","33_self_harm, 0",33_self_harm
6175,0,0,33_self_harm,I’ve developed better tools to process pain.,"32_coping, 0",32_coping
6176,0,0,33_self_harm,"I practice gratitude, and it keeps me grounded in the good.","32_coping, 0",32_coping
6177,0,0,33_self_harm,I feel empowered in my recovery.,"2_mood, 0",2_mood
6178,0,0,33_self_harm,I’ve gone a year without any thoughts of self-harm.,"33_self_harm, 0",33_self_harm
6179,0,0,33_self_harm,I focus on my goals and they keep me motivated to stay safe.,"8_safe, 0",8_safe
6180,0,0,33_self_harm,I remind myself how far I’ve come when I struggle.,"32_coping, 0",32_coping
6181,0,0,33_self_harm,I trust myself to make healthy choices.,"17_problem, 0",17_problem
6182,0,0,33_self_harm,I haven’t self-harmed and don’t plan to.,"33_self_harm, 0",33_self_harm
6183,0,0,33_self_harm,I rely on therapy and healthy routines instead.,"4_care, 0",4_care
6184,0,0,33_self_harm,"Even on bad days, I can manage without harming myself.","33_self_harm, 0",33_self_harm
6185,0,0,33_self_harm,I’ve got emergency contacts I can reach out to.,"8_safe, 0",8_safe
6186,0,0,33_self_harm,I do grounding exercises when I feel triggered.,"32_coping, 0",32_coping
6187,0,0,33_self_harm,I’ve committed to a healthier lifestyle and it’s working.,"Other, 0","NA, 99"
6188,0,0,33_self_harm,I don’t have urges and I’m stable emotionally.,"2_mood, 0",2_mood
6189,0,0,33_self_harm,I monitor my emotions and act before it escalates.,"2_mood, 0",2_mood
6190,0,0,33_self_harm,I reward myself for not giving in to old habits.,"32_coping, 0",32_coping
6191,0,0,33_self_harm,"I’m in tune with myself now, I know when I need help.","32_coping, 0",32_coping
6192,0,0,33_self_harm,I haven’t had a crisis moment in quite some time.,"8_safe, 0",8_safe
6193,0,0,33_self_harm,"When I feel off, I reflect instead of reacting.","32_coping, 0",32_coping
6194,0,0,33_self_harm,"No urges or behaviors, I'm doing better than ever.","33_self_harm, 0",33_self_harm
6195,0,0,33_self_harm,Therapy has helped me create a lasting sense of peace.,"2_mood, 0",2_mood
6196,1,1,33_self_harm,"I’ve had urges occasionally, but I don’t act on them anymore.","33_self_harm, 1",33_self_harm
6197,1,1,33_self_harm,"Sometimes the thought crosses my mind, but I use skills to cope.","33_self_harm, 1",33_self_harm
6198,1,1,33_self_harm,"It’s been a while since I’ve self-harmed, but I do think about it under stress.","33_self_harm, 1",33_self_harm
6199,1,1,33_self_harm,"I haven’t done it recently, but I still have days when the urge returns.","33_self_harm, 1",33_self_harm
6200,1,0,33_self_harm,"I avoid things that could trigger self-harming, just in case.","33_self_harm, 0",33_self_harm
6201,1,1,33_self_harm,"The thoughts come up in tough moments, but I redirect myself quickly.","33_self_harm, 1",33_self_harm
6202,1,1,33_self_harm,"I’ve felt tempted a few times this month, but didn’t act on it.","33_self_harm, 1",33_self_harm
6203,1,0,33_self_harm,I journal about those feelings instead of acting on them.,"32_coping, 0",32_coping
6204,1,1,33_self_harm,"Sometimes I scratch lightly, but not in a way that breaks the skin.","33_self_harm, 1",33_self_harm
6205,1,1,33_self_harm,It helps to keep my environment safe and remove sharp objects.,"33_self_harm, 1",33_self_harm
6206,1,1,33_self_harm,"I still feel ashamed about past behavior, but I’m not doing it anymore.","2_mood, 1",2_mood
6207,1,0,33_self_harm,I keep a note on my phone of things to do instead when I get urges.,"32_coping, 0",32_coping
6208,1,1,33_self_harm,"The thoughts are still there, but they’re easier to manage now.","2_mood, 1",2_mood
6209,1,0,33_self_harm,"There are moments where I struggle, but I stay safe.","8_safe, 0",8_safe
6210,1,0,33_self_harm,I’ve talked to my therapist about those thoughts and we have a plan.,"4_care, 0",4_care
6211,1,1,33_self_harm,Sometimes I write on my arm with a marker instead of hurting myself.,"33_self_harm, 1",33_self_harm
6212,1,1,33_self_harm,"It’s not gone completely, but I’m getting better at managing.","32_coping, 1",32_coping
6213,1,1,33_self_harm,"I struggle with stress sometimes, and the urge briefly returns.","33_self_harm, 1",33_self_harm
6214,1,1,33_self_harm,I haven’t acted on those urges in months.,"33_self_harm, 1",33_self_harm
6215,1,1,33_self_harm,"The thoughts come up when I feel overwhelmed, but I know what to do.","33_self_harm, 1",33_self_harm
6216,1,1,33_self_harm,"I’ve learned to cope without harming myself, but the temptation isn’t zero.","33_self_harm, 1",33_self_harm
6217,1,1,33_self_harm,I feel safer now but still cautious when I’m emotional.,"8_safe, 1",8_safe
6218,1,1,33_self_harm,"I sometimes feel like I want to, but I don’t give in.","33_self_harm, 1",33_self_harm
6219,1,0,33_self_harm,"I’ve made progress, but I still have to stay vigilant.","Other, 0","NA, 99"
6220,1,1,33_self_harm,"I haven’t self-harmed since last semester, and I want to keep it that way.","33_self_harm, 1",33_self_harm
6221,1,1,33_self_harm,"There’s still a part of me that thinks it helps, but I resist it.","3_medication, 1",3_medication
6222,1,1,33_self_harm,"The urges are manageable now, but not gone entirely.","33_self_harm, 1",33_self_harm
6223,1,0,33_self_harm,I stay around people when I feel unsafe.,"8_safe, 0",8_safe
6224,1,0,33_self_harm,I keep my therapist updated when the thoughts get stronger.,"4_care, 0",4_care
6225,1,0,33_self_harm,"My safety plan helps, even if I don’t need it all the time.","8_safe, 0",8_safe
6226,1,1,33_self_harm,"The urge has faded, but I still worry it might come back.","33_self_harm, 1",33_self_harm
6227,1,1,33_self_harm,It’s more of a mental battle now than a physical one.,"2_mood, 1",2_mood
6228,1,1,33_self_harm,It lingers sometimes after bad news or stress.,"2_mood, 1",2_mood
6229,1,1,33_self_harm,"I used to self-harm, and the memories still haunt me.","33_self_harm, 1",33_self_harm
6230,1,1,33_self_harm,I occasionally dream about it and wake up uneasy.,"10_sleep, 1",10_sleep
6231,1,1,33_self_harm,"The thoughts come and go, but I try not to dwell on them.","32_coping, 1",32_coping
6232,1,1,33_self_harm,"It used to be worse, but now it’s just a slight whisper in my head.","2_mood, 1",2_mood
6233,1,2,33_self_harm,There are moments I feel close to slipping.,"33_self_harm, 2",33_self_harm
6234,1,0,33_self_harm,It helps to keep a log of my emotions and thoughts.,"32_coping, 0",32_coping
6235,1,0,33_self_harm,I’m careful with myself on anniversaries or tough days.,"8_safe, 0",8_safe
6236,1,1,33_self_harm,"When I get lonely, that’s when it sneaks in.","2_mood, 1",2_mood
6237,1,1,33_self_harm,"I can still remember the relief it gave me, which worries me.","33_self_harm, 1",33_self_harm
6238,1,1,33_self_harm,"The idea crosses my mind, but I tell myself I’ve come too far.","33_self_harm, 1",33_self_harm
6239,1,2,33_self_harm,Sometimes I press into things without breaking the skin.,"33_self_harm, 2",33_self_harm
6240,1,0,33_self_harm,I’m aware of my patterns and try to interrupt them early.,"32_coping, 0",32_coping
6241,1,0,33_self_harm,I delay the urge and it usually fades.,"33_self_harm, 0",33_self_harm
6242,1,0,33_self_harm,I distract myself with music or games when I feel off.,"32_coping, 0",32_coping
6243,1,0,33_self_harm,My therapist says I’m in a recovery phase.,"4_care, 0",4_care
6244,1,1,33_self_harm,"I use grounding tools, but I need reminders.","32_coping, 1",32_coping
6245,1,0,33_self_harm,I confide in one trusted person when things get dark.,"7_emo, 0",7_emo
6246,1,1,33_self_harm,Sometimes I write about the urges without acting.,"33_self_harm, 1",33_self_harm
6247,1,0,33_self_harm,I tell myself I deserve better now.,"32_coping, 0",32_coping
6248,1,1,33_self_harm,"I feel better lately, but I’m not 100% yet.","2_mood, 1",2_mood
6249,1,0,33_self_harm,I look back at my scars and remind myself I’m healing.,"33_self_harm, 0",33_self_harm
6250,1,0,33_self_harm,"I manage it, but I wouldn’t say I’m fully past it.","Other, 0","NA, 99"
6251,2,2,33_self_harm,"Yes, I self-harmed last night.","33_self_harm, 2",33_self_harm
6252,2,0,33_self_harm,I’ve been doing it more frequently lately and I can’t seem to stop.,"Other, 0","NA, 99"
6253,2,2,33_self_harm,"The urge is constant, and I don’t always resist.","33_self_harm, 2",33_self_harm
6254,2,2,33_self_harm,Sometimes it feels like the only way to feel something.,"33_self_harm, 2",33_self_harm
6255,2,2,33_self_harm,I hide my cuts so no one knows.,"33_self_harm, 2",33_self_harm
6256,2,0,33_self_harm,It’s hard to go more than a few days without doing it.,"Other, 0","NA, 99"
6257,2,2,33_self_harm,I feel out of control and scared of what I might do next.,"8_safe, 2",8_safe
6258,2,2,33_self_harm,I’ve used sharp objects recently to hurt myself.,"33_self_harm, 2",33_self_harm
6259,2,2,33_self_harm,"Sometimes I hurt myself without thinking, I just go numb.","33_self_harm, 2",33_self_harm
6260,2,1,33_self_harm,I haven’t told anyone because I don’t want them to worry.,"7_emo, 1",7_emo
6261,2,2,33_self_harm,I don’t know what else to do when I feel like this.,"32_coping, 2",32_coping
6262,2,2,33_self_harm,I self-harmed this week and feel ashamed.,"33_self_harm, 2",33_self_harm
6263,2,2,33_self_harm,The pain feels like a release I can’t get otherwise.,"33_self_harm, 2",33_self_harm
6264,2,2,33_self_harm,"I don’t know how to stop, and I’m scared.","8_safe, 2",8_safe
6265,2,2,33_self_harm,"I keep it a secret, but it’s getting worse.","7_emo, 2",7_emo
6266,2,0,33_self_harm,It’s happening more often now than before.,"Other, 0","NA, 99"
6267,2,0,33_self_harm,I’m not sure I want to stop completely.,"Maybe, 0","NA, 99"
6268,2,1,33_self_harm,It feels like punishment I deserve.,"2_mood, 1",2_mood
6269,2,2,33_self_harm,I’ve been cutting deeper and more often.,"33_self_harm, 2",33_self_harm
6270,2,2,33_self_harm,Sometimes I use multiple methods in one night.,"33_self_harm, 2",33_self_harm
6271,2,2,33_self_harm,I feel alone and hurting myself is my escape.,"33_self_harm, 2",33_self_harm
6272,2,2,33_self_harm,I’ve bled a lot recently and didn’t seek help.,"8_safe, 2",8_safe
6273,2,2,33_self_harm,Sometimes I hurt myself in places no one can see.,"33_self_harm, 2",33_self_harm
6274,2,2,33_self_harm,I’ve started burning myself instead of cutting.,"33_self_harm, 2",33_self_harm
6275,2,0,33_self_harm,I have a stash of tools I use when I need to.,"32_coping, 0",32_coping
6276,2,2,33_self_harm,"Even when things are okay, I still feel the urge.","33_self_harm, 2",33_self_harm
6277,2,0,33_self_harm,"I wish I didn’t rely on it, but I do.","Other, 0","NA, 99"
6278,2,2,33_self_harm,I’ve thought about going further than self-harm.,"33_self_harm, 2",33_self_harm
6279,2,2,33_self_harm,I’ve had to lie about the injuries.,"8_safe, 2",8_safe
6280,2,1,33_self_harm,"I feel guilty after, but still do it again.","32_coping, 1",32_coping
6281,2,1,33_self_harm,It’s hard to imagine coping without it.,"32_coping, 1",32_coping
6282,2,2,33_self_harm,I’ve used alcohol and self-harm together.,"33_self_harm, 2",33_self_harm
6283,2,0,33_self_harm,It’s becoming a part of my routine.,"Other, 0","NA, 99"
6284,2,2,33_self_harm,I’ve injured myself badly enough to need first aid.,"8_safe, 2",8_safe
6285,2,2,33_self_harm,I sometimes want to stop but don’t feel capable.,"33_self_harm, 2",33_self_harm
6286,2,2,33_self_harm,It happens in secret and I feel ashamed.,"33_self_harm, 2",33_self_harm
6287,2,1,33_self_harm,I told a friend but they didn’t know how to help.,"26_support_social, 1",26_support_social
6288,2,2,33_self_harm,I hurt myself even when I don’t feel that bad.,"33_self_harm, 2",33_self_harm
6289,2,1,33_self_harm,I can’t sleep unless I’ve done it.,"10_sleep, 1",10_sleep
6290,2,1,33_self_harm,It’s starting to interfere with school and work.,"12_work, 1",12_work
6291,2,2,33_self_harm,Sometimes I blackout and find out I’ve hurt myself.,"33_self_harm, 2",33_self_harm
6292,2,1,33_self_harm,I need help but don’t know where to start.,"17_problem, 1",17_problem
6293,2,0,33_self_harm,It’s happening more often than I want to admit.,"Other, 0","NA, 99"
6294,2,1,33_self_harm,I’ve been triggered by small things recently.,"2_mood, 1",2_mood
6295,2,0,33_self_harm,Sometimes I fantasize about it during the day.,"Other, 0","NA, 99"
6296,2,2,33_self_harm,I’ve left marks I can’t explain.,"33_self_harm, 2",33_self_harm
6297,2,2,33_self_harm,I don’t feel safe alone right now.,"8_safe, 2",8_safe
6298,2,2,33_self_harm,The urges are stronger than my will.,"33_self_harm, 2",33_self_harm
6299,2,1,33_self_harm,I feel numb and this is how I get through it.,"2_mood, 1",2_mood
6300,2,1,33_self_harm,I don’t know who to talk to.,"26_support_social, 1",26_support_social
6301,2,2,33_self_harm,It feels like my only option.,"33_self_harm, 2",33_self_harm
6302,2,2,33_self_harm,I’ve thought about going to the ER.,"8_safe, 2",8_safe
6303,2,2,33_self_harm,I feel like I’m spiraling.,"2_mood, 2",2_mood
6304,2,2,33_self_harm,I can’t promise I’ll be safe tonight.,"8_safe, 2",8_safe
6305,2,2,33_self_harm,Sometimes I want someone to stop me.,"33_self_harm, 2",33_self_harm
6306,0,0,34_lawful,"No, I’ve never been arrested.","34_lawful, 0",34_lawful
6307,0,0,34_lawful,I haven’t had any issues with the law.,"35_legal, 0",35_legal
6308,0,0,34_lawful,"No arrests or anything like that, I keep a clean record.","34_lawful, 0",34_lawful
6309,0,0,34_lawful,I’ve never been in trouble with the police.,"34_lawful, 0",34_lawful
6310,0,0,34_lawful,"Nope, nothing like that. I try to avoid anything illegal.","34_lawful, 0",34_lawful
6311,0,0,34_lawful,I've always been careful to follow rules and laws.,"34_lawful, 0",34_lawful
6312,0,0,34_lawful,I haven't even gotten a parking ticket in years.,"34_lawful, 0",34_lawful
6313,0,0,34_lawful,I respect authority and try to set a good example.,"34_lawful, 0",34_lawful
6314,0,0,34_lawful,"Not recently or ever, I’m very law-abiding.","34_lawful, 0",34_lawful
6315,0,0,34_lawful,"I do everything by the book, even pay my taxes early.","34_lawful, 0",34_lawful
6316,0,0,34_lawful,I’ve had no legal trouble. I like to stay on the safe side.,"34_lawful, 0",34_lawful
6317,0,0,34_lawful,"Not at all, I haven’t had any reason to interact with law enforcement.","34_lawful, 0",34_lawful
6318,0,0,34_lawful,Never. I’m pretty cautious when it comes to legal stuff.,"34_lawful, 0",34_lawful
6319,0,0,34_lawful,No. I usually avoid places or situations that might cause trouble.,"9_risk, 0",9_risk
6320,0,0,34_lawful,I’ve never been involved in anything illegal.,"34_lawful, 0",34_lawful
6321,0,0,34_lawful,Not even a jaywalking ticket.,"34_lawful, 0",34_lawful
6322,0,0,34_lawful,I try to live a quiet and lawful life.,"34_lawful, 0",34_lawful
6323,0,0,34_lawful,"No, I’m usually the person reminding others not to break the rules.","34_lawful, 0",34_lawful
6324,0,0,34_lawful,"I've worked in positions of trust, so staying out of legal trouble is essential.","34_lawful, 0",34_lawful
6325,0,0,34_lawful,Not at all. I’ve always valued doing the right thing.,"34_lawful, 0",34_lawful
6326,0,0,34_lawful,I have a clean background check and no criminal history.,"34_lawful, 0",34_lawful
6327,0,0,34_lawful,I'm someone who overthinks before doing anything risky.,"9_risk, 0",9_risk
6328,0,0,34_lawful,"I was raised to respect the law, and I carry that with me.","34_lawful, 0",34_lawful
6329,0,0,34_lawful,"No trouble whatsoever, clean record across the board.","35_legal, 0",35_legal
6330,0,0,34_lawful,I even volunteer for community safety programs.,"25_community, 0",25_community
6331,0,0,34_lawful,Not at all. My work requires a background check.,"34_lawful, 0",34_lawful
6332,0,0,34_lawful,"Never had issues, and I intend to keep it that way.","Other, 0","NA, 99"
6333,0,0,34_lawful,"No run-ins with the law, I avoid risky behavior.","34_lawful, 0",34_lawful
6334,0,0,34_lawful,I avoid confrontation and illegal activity whenever possible.,"34_lawful, 0",34_lawful
6335,0,0,34_lawful,"No, I don’t even drink or go out much.","22_substance, 0",22_substance
6336,0,0,34_lawful,Never had to deal with the police in a negative way.,"34_lawful, 0",34_lawful
6337,0,0,34_lawful,Not in my life. I’m very mindful of my actions.,"9_risk, 0",9_risk
6338,0,0,34_lawful,I follow traffic laws.,"34_lawful, 0",34_lawful
6339,0,0,34_lawful,"Absolutely not, I value structure and accountability.","No, 0","NA, 99"
6340,0,0,34_lawful,Never. I’ve always been on the straight and narrow.,"34_lawful, 0",34_lawful
6341,0,0,34_lawful,"Nothing like that, I’m known as the “rule follower” in my group.","34_lawful, 0",34_lawful
6342,0,0,34_lawful,Not even close to being arrested. I live very carefully.,"34_lawful, 0",34_lawful
6343,0,0,34_lawful,I grew up with a strong moral compass and respect for rules.,"34_lawful, 0",34_lawful
6344,0,0,34_lawful,"Never been in handcuffs, not even for fun.","34_lawful, 0",34_lawful
6345,0,0,34_lawful,I pay attention to my surroundings and avoid bad influences.,"8_safe, 0",8_safe
6346,0,0,34_lawful,"I’ve worked in law enforcement, definitely law-abiding.","34_lawful, 0",34_lawful
6347,0,0,34_lawful,I prioritize safety and legality in everything I do.,"34_lawful, 0",34_lawful
6348,0,0,34_lawful,Not once. I try to set a good example for my kids.,"22_substance, 0",22_substance
6349,0,0,34_lawful,"My background is spotless, no legal infractions ever.","34_lawful, 0",34_lawful
6350,0,0,34_lawful,Absolutely not. I consider myself an upstanding citizen.,"34_lawful, 0",34_lawful
6351,0,0,34_lawful,I’m the type to return lost wallets to the police.,"34_lawful, 0",34_lawful
6352,0,0,34_lawful,Nope. I’m always aware of legal consequences.,"34_lawful, 0",34_lawful
6353,0,0,34_lawful,"No arrests, citations, or legal disputes, ever.","34_lawful, 0",34_lawful
6354,0,0,34_lawful,Not at all. I’ve lived my life by the book.,"34_lawful, 0",34_lawful
6355,0,0,34_lawful,"I work in compliance, so being law-abiding is part of my job.","34_lawful, 0",34_lawful
6356,0,0,34_lawful,I don’t associate with people who break the law.,"34_lawful, 0",34_lawful
6357,0,0,34_lawful,I live with integrity and try to make ethical decisions.,"17_problem, 0",17_problem
6358,0,0,34_lawful,Zero trouble. I’ve never even been questioned by the police.,"34_lawful, 0",34_lawful
6359,0,0,34_lawful,I’ve been part of neighborhood watch programs.,"25_community, 0",25_community
6360,0,0,34_lawful,I stay away from risky situations and bad crowds.,"9_risk, 0",9_risk
6361,0,0,34_lawful,I’ve taken courses on civic responsibility.,"25_community, 0",25_community
6362,0,0,34_lawful,"No legal issues, and I plan to keep it that way.","35_legal, 0",35_legal
6363,0,0,34_lawful,"I report illegal activity if I see it, never engage in it.","34_lawful, 0",34_lawful
6364,0,0,34_lawful,I consider myself a responsible member of society.,"34_lawful, 0",34_lawful
6365,0,0,34_lawful,I've always tried to be a responsible citizen.,"34_lawful, 0",34_lawful
6366,0,0,34_lawful,I always try to follow the law.,"34_lawful, 0",34_lawful
6367,1,1,34_lawful,"I had a speeding ticket last month, but nothing serious.","34_lawful, 1",34_lawful
6368,1,1,34_lawful,I was once cited for noise complaints in college.,"34_lawful, 1",34_lawful
6369,1,0,34_lawful,"I was stopped for shoplifting when I was a teen, but never arrested.","34_lawful, 0",34_lawful
6370,1,1,34_lawful,"I got into a verbal argument that got the cops called, but it was resolved.","8_safe, 1",8_safe
6371,1,1,34_lawful,"I was briefly detained for protesting, but it was peaceful.","35_legal, 1",35_legal
6372,1,1,34_lawful,"I’ve had a few parking violations, but nothing major.","34_lawful, 1",34_lawful
6373,1,0,34_lawful,"I was involved in a bar fight years ago, no charges pressed.","34_lawful, 0",34_lawful
6374,1,1,34_lawful,I’ve had a warning for trespassing while hiking in a restricted area.,"34_lawful, 1",34_lawful
6375,1,1,34_lawful,I missed a court date once for a traffic violation.,"35_legal, 1",35_legal
6376,1,1,34_lawful,I was cited for public intoxication in my 20s.,"22_substance, 1",22_substance
6377,1,1,34_lawful,"Got pulled over for expired registration, but I fixed it quickly.","35_legal, 1",35_legal
6378,1,1,34_lawful,There was an incident with my landlord but it didn’t escalate.,"8_safe, 1",8_safe
6379,1,1,34_lawful,I’ve gotten warnings from police for minor stuff.,"34_lawful, 1",34_lawful
6380,1,1,34_lawful,Once received a misdemeanor for underage drinking.,"34_lawful, 1",34_lawful
6381,1,1,34_lawful,Got a citation for skateboarding in a restricted zone.,"34_lawful, 1",34_lawful
6382,1,0,34_lawful,"Once detained at a protest, nothing violent or criminal.","34_lawful, 0",34_lawful
6383,1,1,34_lawful,"I had to go to traffic court, but no criminal charges.","35_legal, 1",35_legal
6384,1,1,34_lawful,Was once caught vandalizing a school desk when I was a teen.,"34_lawful, 1",34_lawful
6385,1,1,34_lawful,"I was part of a prank that went too far, just got a warning.","34_lawful, 1",34_lawful
6386,1,1,34_lawful,I forgot to pay a fine and had to deal with the court.,"35_legal, 1",35_legal
6387,1,1,34_lawful,Once accidentally carried a pocketknife into a courthouse.,"34_lawful, 1",34_lawful
6388,1,0,34_lawful,"I was once investigated but cleared, just wrong place, wrong time.","35_legal, 0",35_legal
6389,1,1,34_lawful,My background has some blemishes from college days.,"35_legal, 1",35_legal
6390,1,0,34_lawful,"I’ve made a few mistakes, but I’ve learned from them.","17_problem, 0",17_problem
6391,1,0,34_lawful,Nothing recent. I had a few issues in my youth.,"Other, 0","NA, 99"
6392,1,0,34_lawful,I was on probation for a minor offense years ago.,"35_legal, 0",35_legal
6393,1,1,34_lawful,Had a misdemeanor for marijuana possession in college.,"35_legal, 1",35_legal
6394,1,1,34_lawful,Got in trouble for curfew violations as a teen.,"34_lawful, 1",34_lawful
6395,1,1,34_lawful,Once detained overnight during a misunderstanding.,"35_legal, 1",35_legal
6396,1,1,34_lawful,I’ve had brushes with the law but nothing serious.,"34_lawful, 1",34_lawful
6397,1,1,34_lawful,"I’ve had to attend court-mandated community service, but nothing recently.","35_legal, 1",35_legal
6398,1,1,34_lawful,"I was once caught tagging a wall, didn’t realize it was a crime.","34_lawful, 1",34_lawful
6399,1,1,34_lawful,I’ve had to deal with the legal system for petty stuff.,"35_legal, 1",35_legal
6400,1,1,34_lawful,I once got into trouble for jumping a subway turnstile.,"34_lawful, 1",34_lawful
6401,1,1,34_lawful,"I've had police contact, but never serious consequences.","34_lawful, 1",34_lawful
6402,1,1,34_lawful,"Once filed a false report unintentionally, misunderstanding.","34_lawful, 1",34_lawful
6403,1,0,34_lawful,I’ve had a warrant for unpaid tickets but took care of it.,"35_legal, 0",35_legal
6404,1,0,34_lawful,"Some minor criminal records from years ago, nothing recent.","34_lawful, 0",34_lawful
6405,1,1,34_lawful,Had to pay restitution for a small theft.,"35_legal, 1",35_legal
6406,1,1,34_lawful,"My record isn’t perfect, but I’m not a threat to society.","34_lawful, 1",34_lawful
6407,1,1,34_lawful,Had a run-in with law enforcement for a misunderstanding.,"35_legal, 1",35_legal
6408,1,0,34_lawful,"I’ve had legal trouble, but it was non-violent and resolved.","35_legal, 0",35_legal
6409,1,1,34_lawful,Got arrested once for a prank gone wrong.,"34_lawful, 1",34_lawful
6410,1,1,34_lawful,I’ve been to court a couple of times but no convictions.,"35_legal, 1",35_legal
6411,1,1,34_lawful,I was caught with fake ID when I was younger.,"34_lawful, 1",34_lawful
6412,1,1,34_lawful,Had to do community service as a teen.,"35_legal, 1",35_legal
6413,1,0,34_lawful,I’ve been given probation before but complied fully.,"35_legal, 0",35_legal
6414,1,1,34_lawful,"My mistakes were mostly due to bad peer influence, and now I try to stay away.","27_relationship_social, 1",27_relationship_social
6415,1,0,34_lawful,Been in trouble once or twice but nothing ongoing.,"35_legal, 0",35_legal
6416,1,1,34_lawful,I got too drunk at a party once and got escorted out.,"22_substance, 1",22_substance
6417,1,2,34_lawful,Had a trespassing charge for entering a construction site.,"35_legal, 2",35_legal
6418,1,1,34_lawful,Minor scuffle at a party got police involved once.,"34_lawful, 1",34_lawful
6419,1,0,34_lawful,"Once charged for disorderly conduct, dismissed now.","35_legal, 0",35_legal
6420,1,1,34_lawful,Had an encounter with law enforcement during college.,"34_lawful, 1",34_lawful
6421,1,1,34_lawful,I was involved in a heated protest once that got out of control.,"9_risk, 1",9_risk
6422,1,2,34_lawful,I’ve had to take a diversion program to avoid charges.,"35_legal, 2",35_legal
6423,1,0,34_lawful,"I’ve had a juvenile record, but it’s been sealed.","35_legal, 0",35_legal
6424,1,0,34_lawful,I used to hang out with the wrong crowd but changed.,"27_relationship_social, 0",27_relationship_social
6425,1,1,34_lawful,"Nothing violent, just impulsive behavior in my past.","9_risk, 1",9_risk
6426,2,2,34_lawful,"Yes, I was arrested last week for assault.","34_lawful, 2",34_lawful
6427,2,2,34_lawful,I’m currently out on bail and waiting for a court hearing.,"35_legal, 2",35_legal
6428,2,2,34_lawful,I’ve been arrested multiple times for theft.,"34_lawful, 2",34_lawful
6429,2,2,34_lawful,"I got into legal trouble again this month, same issue as before.","34_lawful, 2",34_lawful
6430,2,2,34_lawful,I violated probation and am facing consequences.,"34_lawful, 2",34_lawful
6431,2,2,34_lawful,I’m actively involved in some things that are not legal.,"34_lawful, 2",34_lawful
6432,2,2,34_lawful,I’ve had frequent interactions with the police recently.,"35_legal, 2",35_legal
6433,2,2,34_lawful,I was evicted and had to deal with the sheriff’s department.,"35_legal, 2",35_legal
6434,2,2,34_lawful,I’m wanted for missing a court appearance.,"35_legal, 2",35_legal
6435,2,2,34_lawful,I’ve been in and out of jail over the past year.,"34_lawful, 2",34_lawful
6436,2,2,34_lawful,"I don’t feel safe talking about this, there’s a lot going on.","8_safe, 2",8_safe
6437,2,2,34_lawful,I’m being investigated for fraud.,"35_legal, 2",35_legal
6438,2,2,34_lawful,I’ve been caught shoplifting recently.,"34_lawful, 2",34_lawful
6439,2,2,34_lawful,I was arrested for drug possession again last month.,"35_legal, 2",35_legal
6440,2,2,34_lawful,"I can’t seem to stay out of trouble, it’s a cycle.","34_lawful, 2",34_lawful
6441,2,2,34_lawful,I’m not supposed to be in this state due to parole restrictions.,"34_lawful, 2",34_lawful
6442,2,2,34_lawful,"Yes, I’ve had legal trouble recently, and it’s ongoing.","35_legal, 2",35_legal
6443,2,2,34_lawful,My license was revoked due to multiple DUI offenses.,"34_lawful, 2",34_lawful
6444,2,2,34_lawful,I’ve been charged with resisting arrest.,"35_legal, 2",35_legal
6445,2,2,34_lawful,I broke into a building and got caught.,"34_lawful, 2",34_lawful
6446,2,2,34_lawful,I’ve been involved in gang activity and got picked up recently.,"34_lawful, 2",34_lawful
6447,2,2,34_lawful,"Yes, I’ve been incarcerated this year.","34_lawful, 2",34_lawful
6448,2,2,34_lawful,I’ve been charged with identity theft.,"35_legal, 2",35_legal
6449,2,2,34_lawful,I was arrested for carrying an unlicensed weapon.,"34_lawful, 2",34_lawful
6450,2,2,34_lawful,I’m under house arrest right now.,"35_legal, 2",35_legal
6451,2,2,34_lawful,"Yes, I’ve been arrested for violating a restraining order.","34_lawful, 2",34_lawful
6452,2,2,34_lawful,I recently fled from the police during a traffic stop.,"34_lawful, 2",34_lawful
6453,2,2,34_lawful,I was involved in an altercation that turned violent.,"8_safe, 2",8_safe
6454,2,2,34_lawful,I’m facing felony charges for burglary.,"35_legal, 2",35_legal
6455,2,2,34_lawful,I violated a court order and got detained.,"34_lawful, 2",34_lawful
6456,2,2,34_lawful,I’ve had a violent outburst that led to arrest.,"34_lawful, 2",34_lawful
6457,2,2,34_lawful,I’ve recently served time for property damage.,"34_lawful, 2",34_lawful
6458,2,1,34_lawful,I’m still dealing with the aftermath of a criminal conviction.,"35_legal, 1",35_legal
6459,2,2,34_lawful,I’ve been arrested more than once in the last six months.,"34_lawful, 2",34_lawful
6460,2,1,34_lawful,I’ve been convicted of a serious crime before.,"34_lawful, 1",34_lawful
6461,2,0,34_lawful,I’ve had to meet with my parole officer this week.,"35_legal, 0",35_legal
6462,2,2,34_lawful,I was caught driving without a license again.,"34_lawful, 2",34_lawful
6463,2,2,34_lawful,I’m facing multiple charges from different jurisdictions.,"35_legal, 2",35_legal
6464,2,2,34_lawful,I got arrested for a hit-and-run incident.,"35_legal, 2",35_legal
6465,2,2,34_lawful,"Yes, I’ve been booked again, third time this year.","34_lawful, 2",34_lawful
6466,2,2,34_lawful,I had to appear in criminal court this week.,"35_legal, 2",35_legal
6467,2,2,34_lawful,I was charged with stalking.,"35_legal, 2",35_legal
6468,2,2,34_lawful,I’ve been detained for public endangerment.,"35_legal, 2",35_legal
6469,2,2,34_lawful,I’ve been caught violating probation conditions again.,"34_lawful, 2",34_lawful
6470,2,2,34_lawful,"Yes, I recently committed a crime and was caught.","34_lawful, 2",34_lawful
6471,2,2,34_lawful,"I’m trying to stay out of jail, but it’s not going well.","34_lawful, 2",34_lawful
6472,2,2,34_lawful,I’m awaiting sentencing for a felony offense.,"35_legal, 2",35_legal
6473,2,2,34_lawful,I have an ankle monitor right now.,"35_legal, 2",35_legal
6474,2,2,34_lawful,My record is long and still growing.,"34_lawful, 2",34_lawful
6475,2,2,34_lawful,I don’t know how to stop getting arrested.,"34_lawful, 2",34_lawful
6476,2,2,34_lawful,"Yes, I’ve harmed someone and the police were involved.","34_lawful, 2",34_lawful
6477,2,2,34_lawful,I’m hiding from law enforcement at the moment.,"34_lawful, 2",34_lawful
6478,2,2,34_lawful,I’ve been involved in ongoing criminal activity.,"34_lawful, 2",34_lawful
6479,2,2,34_lawful,I’m in deep legal trouble and don’t know what to do.,"35_legal, 2",35_legal
6480,2,2,34_lawful,I’ve been kicked out of housing due to my criminal behavior.,"34_lawful, 2",34_lawful
6481,2,2,34_lawful,I’ve been repeatedly warned by the police and still mess up.,"34_lawful, 2",34_lawful
6482,2,2,34_lawful,I was arrested during a mental health crisis and it keeps happening.,"34_lawful, 2",34_lawful
6483,0,0,35_legal,"No legal issues at all, everything’s been smooth.","35_legal, 0",35_legal
6484,0,0,35_legal,I haven’t had any legal trouble recently.,"34_lawful, 0",34_lawful
6485,0,0,35_legal,"Nope, nothing involving the law in my life lately.","35_legal, 0",35_legal
6486,0,0,35_legal,"I’m completely in the clear, legally speaking.","35_legal, 0",35_legal
6487,0,0,35_legal,"I’ve never been in legal trouble, and that hasn’t changed.","34_lawful, 0",34_lawful
6488,0,0,35_legal,All good on the legal front.,"35_legal, 0",35_legal
6489,0,0,35_legal,"No court dates, tickets, or anything like that.","35_legal, 0",35_legal
6490,0,0,35_legal,Haven’t even had a parking ticket in years.,"34_lawful, 0",34_lawful
6491,0,0,35_legal,I double-check everything to stay on the right side of the law.,"34_lawful, 0",34_lawful
6492,0,0,35_legal,My record is clean and I plan to keep it that way.,"34_lawful, 0",34_lawful
6493,0,0,35_legal,"I pay my taxes, follow the rules, and avoid any conflicts.","34_lawful, 0",34_lawful
6494,0,0,35_legal,Not involved in any lawsuits or legal proceedings.,"35_legal, 0",35_legal
6495,0,0,35_legal,"No issues, work and personal life are stable.","13_work_life, 0",13_work_life
6496,0,0,35_legal,I have no current or past legal concerns to speak of.,"35_legal, 0",35_legal
6497,0,0,35_legal,I make sure I understand my rights and responsibilities.,"34_lawful, 0",34_lawful
6498,0,0,35_legal,"I recently renewed my driver’s license, all in order.","35_legal, 0",35_legal
6499,0,0,35_legal,"I had to fill out a background check for a job, and it came back clean.","34_lawful, 0",34_lawful
6500,0,0,35_legal,I haven’t even had a traffic stop lately.,"34_lawful, 0",34_lawful
6501,0,0,35_legal,"My employer conducted a compliance audit, and there were no issues on my end.","34_lawful, 0",34_lawful
6502,0,0,35_legal,"I keep everything documented just in case, but haven’t needed it.","Other, 0","NA, 99"
6503,0,0,35_legal,I’ve helped friends with legal paperwork but haven’t needed it myself.,"35_legal, 0",35_legal
6504,0,0,35_legal,I’m not under investigation or anything like that.,"35_legal, 0",35_legal
6505,0,0,35_legal,I have no pending legal obligations.,"35_legal, 0",35_legal
6506,0,0,35_legal,"No restraining orders, no tickets, no disputes.","35_legal, 0",35_legal
6507,0,0,35_legal,I feel secure in my legal and personal responsibilities.,"35_legal, 0",35_legal
6508,0,0,35_legal,No fines or violations of any sort.,"34_lawful, 0",34_lawful
6509,0,0,35_legal,All contracts I’m part of are well-reviewed and legitimate.,"35_legal, 0",35_legal
6510,0,0,35_legal,I even renewed my passport early to avoid any issues.,"35_legal, 0",35_legal
6511,0,0,35_legal,"I’ve consulted a lawyer before, but only for preventive advice.","35_legal, 0",35_legal
6512,0,0,35_legal,Everything’s been peaceful and orderly in my life.,"2_mood, 0",2_mood
6513,0,0,35_legal,I always double-check regulations when traveling or working.,"34_lawful, 0",34_lawful
6514,0,0,35_legal,"My ID, registration, and insurance are all current.","35_legal, 0",35_legal
6515,0,0,35_legal,No calls from collections or legal notices of any kind.,"35_legal, 0",35_legal
6516,0,0,35_legal,I’m very organized with my legal and financial records.,"15_finance, 0",15_finance
6517,0,0,35_legal,"No disputes with neighbors, landlords, or employers.","35_legal, 0",35_legal
6518,0,0,35_legal,Even my taxes were done early this year.,"15_finance, 0",15_finance
6519,0,0,35_legal,Nothing even remotely close to legal trouble lately.,"35_legal, 0",35_legal
6520,0,0,35_legal,I’ve had a good track record with compliance and law.,"34_lawful, 0",34_lawful
6521,0,0,35_legal,No involvement in any civil or criminal matters.,"35_legal, 0",35_legal
6522,0,0,35_legal,I try to keep a low profile and do things by the book.,"34_lawful, 0",34_lawful
6523,0,0,35_legal,"No warning letters, no citations, nothing.","34_lawful, 0",34_lawful
6524,0,0,35_legal,Not even close to needing legal representation.,"35_legal, 0",35_legal
6525,0,0,35_legal,Life has been steady and lawfully uneventful.,"34_lawful, 0",34_lawful
6526,0,0,35_legal,I haven’t received any mail from law offices or courts.,"35_legal, 0",35_legal
6527,0,0,35_legal,Haven’t needed a lawyer in a long time.,"35_legal, 0",35_legal
6528,0,0,35_legal,"I recently did a background check on myself just to be sure, clean.","35_legal, 0",35_legal
6529,0,0,35_legal,No legal claims made by or against me.,"35_legal, 0",35_legal
6530,0,0,35_legal,"Even with some stressful moments, nothing legal came up.","35_legal, 0",35_legal
6531,0,0,35_legal,"My family situation is legally sound, no custody issues or disputes.","35_legal, 0",35_legal
6532,0,0,35_legal,The last time I was in court was for jury duty.,"35_legal, 0",35_legal
6533,0,0,35_legal,"I got legal insurance, but never had to use it.","35_legal, 0",35_legal
6534,0,0,35_legal,I have a will and living trust all properly filed.,"35_legal, 0",35_legal
6535,0,0,35_legal,I’ve reviewed workplace policies and haven’t violated any.,"34_lawful, 0",34_lawful
6536,0,0,35_legal,No incidents with law enforcement at all.,"34_lawful, 0",34_lawful
6537,0,0,35_legal,I feel confident in how I manage all legal matters.,"35_legal, 0",35_legal
6538,0,0,35_legal,I haven’t had a legal concern in my adult life.,"35_legal, 0",35_legal
6539,1,0,35_legal,"I got a speeding ticket last month, but I paid it off quickly.","35_legal, 0",35_legal
6540,1,1,35_legal,"I was late renewing my car registration, but it’s fixed now.","14_show_up, 1",14_show_up
6541,1,1,35_legal,"Had to deal with a landlord dispute, but it didn’t escalate legally.","35_legal, 1",35_legal
6542,1,1,35_legal,"Got a warning from my HOA about noise, nothing serious.","35_legal, 1",35_legal
6543,1,1,35_legal,"Missed a court summons once due to a mailing error, but rescheduled.","35_legal, 1",35_legal
6544,1,0,35_legal,"I was contacted about an old unpaid toll, but it’s settled now.","35_legal, 0",35_legal
6545,1,1,35_legal,There was a brief misunderstanding with the police during a traffic stop.,"35_legal, 1",35_legal
6546,1,1,35_legal,A former friend threatened to sue me but didn’t follow through.,"35_legal, 1",35_legal
6547,1,0,35_legal,"Got scammed online and had to file a police report, but it’s resolved.","35_legal, 0",35_legal
6548,1,0,35_legal,"My bank flagged some unusual activity, I reported it just in case.","15_finance, 0",15_finance
6549,1,1,35_legal,Had to consult a lawyer about a copyright issue for my side project.,"35_legal, 1",35_legal
6550,1,1,35_legal,"I was asked to appear as a witness, not a suspect, in a minor case.","35_legal, 1",35_legal
6551,1,1,35_legal,Some confusion with my name in public records caused issues.,"35_legal, 1",35_legal
6552,1,1,35_legal,"A parking ticket escalated before I realized, I paid it off.","35_legal, 1",35_legal
6553,1,1,35_legal,Had to attend a mediation meeting at work but no formal charges.,"35_legal, 1",35_legal
6554,1,1,35_legal,"Got pulled over for a broken taillight, just a fix-it ticket.","35_legal, 1",35_legal
6555,1,1,35_legal,Dealt with a delayed insurance payout and had to get legal advice.,"35_legal, 1",35_legal
6556,1,1,35_legal,I had to respond to a small claims issue involving a contractor.,"35_legal, 1",35_legal
6557,1,0,35_legal,Received a notice about jury duty but had to request a deferral.,"35_legal, 0",35_legal
6558,1,0,35_legal,Had a misunderstanding during international travel.,"Other, 0","NA, 99"
6559,1,0,35_legal,"There was a fraud charge on my card, but it was bank-handled.","15_finance, 0",15_finance
6560,1,0,35_legal,"Dealt with a contested refund policy, but not in court.","35_legal, 0",35_legal
6561,1,0,35_legal,"My name came up in a civil record, now cleared.","35_legal, 0",35_legal
6562,1,1,35_legal,"Signed something I didn’t fully understand, now being cautious.","35_legal, 1",35_legal
6563,1,1,35_legal,Had to review a lease agreement after miscommunication with a roommate.,"27_relationship_social, 1",27_relationship_social
6564,1,1,35_legal,Someone used my email for fake registrations.,"35_legal, 1",35_legal
6565,1,1,35_legal,A background check flagged something minor from college days.,"35_legal, 1",35_legal
6566,1,1,35_legal,Got a formal warning at work related to compliance.,"12_work, 1",12_work
6567,1,1,35_legal,I missed a fine deadline once and had to pay extra.,"35_legal, 1",35_legal
6568,1,1,35_legal,Had to contact a lawyer once for advice during a messy breakup.,"35_legal, 1",35_legal
6569,1,1,35_legal,A contractor ghosted me and I considered small claims court.,"35_legal, 1",35_legal
6570,1,1,35_legal,"My social media post was flagged legally once, but nothing came of it.","35_legal, 1",35_legal
6571,1,1,35_legal,Dealt with online impersonation and had to report it.,"35_legal, 1",35_legal
6572,1,0,35_legal,"A friend was arrested while I was with them, but I wasn’t involved.","34_lawful, 0",34_lawful
6573,1,1,35_legal,A car accident required legal documentation and statements.,"35_legal, 1",35_legal
6574,1,1,35_legal,My ex tried to involve me in a custody disagreement.,"35_legal, 1",35_legal
6575,1,0,35_legal,"I had to get a restraining order for someone, but it wasn’t contested.","35_legal, 0",35_legal
6576,1,0,35_legal,"Dealt with a tax filing mistake, but I cleared it up.","35_legal, 0",35_legal
6577,1,1,35_legal,"I once got into a shouting match that police responded to, no charges.","34_lawful, 1",34_lawful
6578,1,1,35_legal,Had to dispute a false charge from a gym membership contract.,"35_legal, 1",35_legal
6579,1,1,35_legal,Got a letter from a collection agency about a bill I didn’t owe.,"35_legal, 1",35_legal
6580,1,1,35_legal,A distant family member tried to rope me into a lawsuit.,"35_legal, 1",35_legal
6581,1,1,35_legal,Dealt with copyright claims on a YouTube video.,"35_legal, 1",35_legal
6582,1,1,35_legal,I’ve been procrastinating on responding to a legal notice.,"35_legal, 1",35_legal
6583,1,1,35_legal,I sometimes feel anxious about legal paperwork I don’t understand.,"35_legal, 1",35_legal
6584,1,1,35_legal,A client broke contract terms and I had to send a legal notice.,"35_legal, 1",35_legal
6585,1,0,35_legal,"I had to do community service once, years ago.","35_legal, 0",35_legal
6586,1,0,35_legal,Police asked me questions after a neighborhood incident.,"35_legal, 0",35_legal
6587,1,1,35_legal,"Filed a report after a bike was stolen, but I didn’t follow up.","35_legal, 1",35_legal
6588,1,1,35_legal,There’s a legal matter from years ago I haven’t fully closed.,"35_legal, 1",35_legal
6589,1,1,35_legal,My business got a warning from city code enforcement.,"35_legal, 1",35_legal
6590,1,0,35_legal,I felt harassed by someone online but didn’t escalate it.,"9_risk, 0",9_risk
6591,1,1,35_legal,My last rental situation had disputes that almost went legal.,"35_legal, 1",35_legal
6592,1,0,35_legal,"A coworker once falsely accused me of something, but HR resolved it.","27_relationship_social, 0",27_relationship_social
6593,1,1,35_legal,I’m a bit behind on paperwork for some licensing.,"35_legal, 1",35_legal
6594,1,1,35_legal,I’ve been meaning to review my rights more seriously.,"35_legal, 1",35_legal
6595,1,1,35_legal,Got scammed once and never fully got the money back.,"15_finance, 1",15_finance
6596,1,1,35_legal,"I feel nervous when I get official letters, even if they’re harmless.","2_mood, 1",2_mood
6597,1,0,35_legal,I avoid certain things just because I’m scared they might be legally tricky.,"34_lawful, 0",34_lawful
6598,2,2,35_legal,I’m currently facing criminal charges and it’s overwhelming.,"35_legal, 2",35_legal
6599,2,2,35_legal,I have an upcoming court date for assault charges.,"35_legal, 2",35_legal
6600,2,2,35_legal,I’ve been arrested multiple times this year.,"34_lawful, 2",34_lawful
6601,2,2,35_legal,I violated probation recently and might go back to jail.,"34_lawful, 2",34_lawful
6602,2,2,35_legal,I’m avoiding an active warrant because I’m scared of getting locked up.,"35_legal, 2",35_legal
6603,2,2,35_legal,I was recently evicted and I think the process wasn’t legal.,"35_legal, 2",35_legal
6604,2,2,35_legal,I’m being sued for a large amount of money I don’t have.,"35_legal, 2",35_legal
6605,2,2,35_legal,"I have a restraining order filed against me, and I violated it once.","34_lawful, 2",34_lawful
6606,2,2,35_legal,I lost custody of my child due to ongoing legal battles.,"35_legal, 2",35_legal
6607,2,2,35_legal,I’ve had the police called on me several times this month.,"34_lawful, 2",34_lawful
6608,2,2,35_legal,I was caught shoplifting and don’t know what’s going to happen.,"35_legal, 2",35_legal
6609,2,2,35_legal,I forged documents and now I’m under investigation.,"34_lawful, 2",34_lawful
6610,2,2,35_legal,I committed tax fraud and the IRS is investigating me.,"35_legal, 2",35_legal
6611,2,2,35_legal,I’m scared to leave the state because of unresolved legal issues.,"35_legal, 2",35_legal
6612,2,2,35_legal,I’ve had multiple DUIs and just got another one.,"22_substance, 2",22_substance
6613,2,2,35_legal,I got violent during an argument and charges were filed.,"35_legal, 2",35_legal
6614,2,2,35_legal,I don’t understand the legal documents I received and haven’t taken action.,"35_legal, 2",35_legal
6615,2,2,35_legal,I was recently charged with domestic violence.,"34_lawful, 2",34_lawful
6616,2,2,35_legal,I’m part of an ongoing criminal investigation.,"35_legal, 2",35_legal
6617,2,2,35_legal,I was caught with drugs and am awaiting sentencing.,"35_legal, 2",35_legal
6618,2,2,35_legal,I hit someone during a road rage incident and now face charges.,"34_lawful, 2",34_lawful
6619,2,2,35_legal,I’ve been in and out of jail several times in the last year.,"34_lawful, 2",34_lawful
6620,2,2,35_legal,I’ve ignored multiple court summonses because I feel hopeless.,"35_legal, 2",35_legal
6621,2,2,35_legal,My business was shut down for illegal practices.,"34_lawful, 2",34_lawful
6622,2,2,35_legal,I faked insurance claims and now I’m being audited.,"34_lawful, 2",34_lawful
6623,2,2,35_legal,I was arrested at a protest and released on bail.,"35_legal, 2",35_legal
6624,2,2,35_legal,I’m being charged with harassment by a coworker.,"35_legal, 2",35_legal
6625,2,2,35_legal,I was involved in a scam and now I’m being sued.,"35_legal, 2",35_legal
6626,2,2,35_legal,I fled a domestic abuse situation and now I’m tangled in legal red tape.,"35_legal, 2",35_legal
6627,2,2,35_legal,I feel like I can’t go to the police even when I’m in danger.,"8_safe, 2",8_safe
6628,2,2,35_legal,I hit someone during a fight and now there’s a lawsuit.,"35_legal, 2",35_legal
6629,2,2,35_legal,I’ve committed fraud in the past and it’s coming back to haunt me.,"35_legal, 2",35_legal
6630,2,2,35_legal,I’ve stolen things to survive and it’s catching up with me.,"34_lawful, 2",34_lawful
6631,2,2,35_legal,My mental state made me do illegal things and I regret it deeply.,"34_lawful, 2",34_lawful
6632,2,2,35_legal,I violated a no-contact order with my ex.,"34_lawful, 2",34_lawful
6633,2,2,35_legal,I don’t show up to court because I panic and shut down.,"14_show_up, 2",14_show_up
6634,2,2,35_legal,I’ve falsified immigration documents out of desperation.,"34_lawful, 2",34_lawful
6635,2,2,35_legal,I’ve been living under a false identity to avoid arrest.,"34_lawful, 2",34_lawful
6636,2,2,35_legal,I had to file for bankruptcy after legal threats.,"35_legal, 2",35_legal
6637,2,2,35_legal,I think I’m being watched by law enforcement and it’s terrifying.,"8_safe, 2",8_safe
6638,2,2,35_legal,I’ve made threats online and now I’m facing consequences.,"35_legal, 2",35_legal
6639,2,2,35_legal,I’ve been violent toward others and it’s now a legal problem.,"35_legal, 2",35_legal
6640,2,2,35_legal,I constantly break the law and feel like I can’t stop.,"34_lawful, 2",34_lawful
6641,2,2,35_legal,I don’t believe in the legal system so I ignore it entirely.,"34_lawful, 2",34_lawful
6642,2,2,35_legal,I was caught trespassing and threatened someone during the incident.,"34_lawful, 2",34_lawful
6643,2,2,35_legal,I forged someone’s signature and got caught.,"34_lawful, 2",34_lawful
6644,2,2,35_legal,I’m being accused of stalking and I don’t know how to respond.,"35_legal, 2",35_legal
6645,2,2,35_legal,I tried to bribe an officer and now it’s worse.,"34_lawful, 2",34_lawful
6646,2,2,35_legal,I’ve been detained during border crossings multiple times.,"35_legal, 2",35_legal
6647,2,2,35_legal,I participated in cybercrime and now I’m being investigated.,"35_legal, 2",35_legal
6648,2,2,35_legal,My therapist recommended legal aid because my situation is serious.,"35_legal, 2",35_legal
6649,2,2,35_legal,I’m terrified of going to prison and can’t sleep.,"10_sleep, 2",10_sleep
6650,2,1,35_legal,I feel like I deserve punishment for what I did.,"2_mood, 1",2_mood
6651,2,2,35_legal,I’ve lied under oath and it’s eating me alive.,"34_lawful, 2",34_lawful
6652,2,2,35_legal,I think about running away from everything to avoid court.,"34_lawful, 2",34_lawful
6653,2,2,35_legal,I was caught hacking a system and legal actions are being taken.,"35_legal, 2",35_legal
6654,0,0,36_hygiene,I shower every morning and night.,"36_hygiene, 0",36_hygiene
6655,0,0,36_hygiene,I make sure to brush and floss twice a day.,"36_hygiene, 0",36_hygiene
6656,0,0,36_hygiene,I have a skincare routine that I follow consistently.,"36_hygiene, 0",36_hygiene
6657,0,0,36_hygiene,"I feel best when I’m clean, so I always prioritize hygiene.","36_hygiene, 0",36_hygiene
6658,0,0,36_hygiene,I keep my nails trimmed and clean weekly.,"36_hygiene, 0",36_hygiene
6659,0,0,36_hygiene,I never go to bed without brushing my teeth.,"36_hygiene, 0",36_hygiene
6660,0,0,36_hygiene,"Hygiene is a part of my self-care, and I enjoy it.","36_hygiene, 0",36_hygiene
6661,0,0,36_hygiene,I go to the barber once a month like clockwork.,"36_hygiene, 0",36_hygiene
6662,0,0,36_hygiene,I wash my hair regularly and use conditioner.,"36_hygiene, 0",36_hygiene
6663,0,0,36_hygiene,I always wear clean clothes and do laundry twice a week.,"36_hygiene, 0",36_hygiene
6664,0,0,36_hygiene,I use deodorant daily and carry one with me.,"36_hygiene, 0",36_hygiene
6665,0,0,36_hygiene,I keep hand sanitizer in my bag and use it after the subway.,"36_hygiene, 0",36_hygiene
6666,0,0,36_hygiene,I wash my hands every time I come home.,"36_hygiene, 0",36_hygiene
6667,0,0,36_hygiene,I change my bed sheets weekly.,"5_house, 0",5_house
6668,0,0,36_hygiene,I clip my toenails every other week.,"36_hygiene, 0",36_hygiene
6669,0,0,36_hygiene,I’m very particular about oral hygiene and I use a water flosser too.,"36_hygiene, 0",36_hygiene
6670,0,0,36_hygiene,My hygiene is excellent.,"36_hygiene, 0",36_hygiene
6671,0,0,36_hygiene,I shower more when I’m stressed because it helps me reset.,"32_coping, 0",32_coping
6672,0,0,36_hygiene,I clean my ears safely once a week.,"36_hygiene, 0",36_hygiene
6673,0,0,36_hygiene,My room smells fresh because I keep it clean and well-ventilated.,"5_house, 0",5_house
6674,0,0,36_hygiene,I have a checklist for hygiene tasks and I stick to it.,"36_hygiene, 0",36_hygiene
6675,0,0,36_hygiene,I replace my toothbrush every 2 months.,"36_hygiene, 0",36_hygiene
6676,0,0,36_hygiene,I schedule regular dentist and doctor visits.,"4_care, 0",4_care
6677,0,0,36_hygiene,I never wear the same socks twice without washing.,"36_hygiene, 0",36_hygiene
6678,0,0,36_hygiene,I clean my phone screen regularly.,"36_hygiene, 0",36_hygiene
6679,0,0,36_hygiene,I always have tissues and wipes on hand.,"36_hygiene, 0",36_hygiene
6680,0,0,36_hygiene,"Even when I’m busy, I make time for a quick rinse and fresh clothes.","36_hygiene, 0",36_hygiene
6681,0,0,36_hygiene,"My hygiene habits are pretty solid, I don’t skip them.","36_hygiene, 0",36_hygiene
6682,0,0,36_hygiene,I clean under my nails after I cook or garden.,"36_hygiene, 0",36_hygiene
6683,0,0,36_hygiene,I keep a fresh towel for my face separate from my body towel.,"36_hygiene, 0",36_hygiene
6684,0,0,36_hygiene,Hygiene makes me feel in control of my life.,"36_hygiene, 0",36_hygiene
6685,0,0,36_hygiene,"I don’t need reminders, I just like being clean.","36_hygiene, 0",36_hygiene
6686,0,0,36_hygiene,I track my water intake and it helps my skin stay clear.,"16_nutrition, 0",16_nutrition
6687,0,0,36_hygiene,I wipe down my work desk every evening.,"5_house, 0",5_house
6688,0,0,36_hygiene,My partner appreciates how well I take care of myself.,"36_hygiene, 0",36_hygiene
6689,0,0,36_hygiene,I always wear sunscreen and moisturize.,"36_hygiene, 0",36_hygiene
6690,0,0,36_hygiene,I exfoliate once a week and love the glow.,"36_hygiene, 0",36_hygiene
6691,0,0,36_hygiene,"Even on sick days, I try to brush and change clothes.","36_hygiene, 0",36_hygiene
6692,0,0,36_hygiene,I feel off if I skip my hygiene routines.,"36_hygiene, 0",36_hygiene
6693,0,0,36_hygiene,I clean my glasses daily for clear vision.,"36_hygiene, 0",36_hygiene
6694,0,0,36_hygiene,I floss with picks because it’s quicker and keeps me consistent.,"36_hygiene, 0",36_hygiene
6695,0,0,36_hygiene,Hygiene is part of how I show up for the day.,"36_hygiene, 0",36_hygiene
6696,0,0,36_hygiene,My hygiene routine helps me sleep better.,"10_sleep, 0",10_sleep
6697,0,0,36_hygiene,"I enjoy hot showers, it’s therapeutic and cleansing.","36_hygiene, 0",36_hygiene
6698,0,0,36_hygiene,I keep my beard well-groomed and use beard oil.,"36_hygiene, 0",36_hygiene
6699,0,0,36_hygiene,I do a deep-clean self-care routine every Sunday.,"36_hygiene, 0",36_hygiene
6700,0,0,36_hygiene,"Even when camping, I pack wipes and dry shampoo.","36_hygiene, 0",36_hygiene
6701,0,0,36_hygiene,I always carry breath mints and gum.,"36_hygiene, 0",36_hygiene
6702,0,0,36_hygiene,My hygiene routine gives me a sense of normalcy.,"36_hygiene, 0",36_hygiene
6703,0,0,36_hygiene,"I have reminders set just in case, but I rarely need them.","Other, 0","NA, 99"
6704,0,0,36_hygiene,I feel proud of how well I care for my hygiene.,"36_hygiene, 0",36_hygiene
6705,0,0,36_hygiene,My roommates joke I’m the cleanest in the house.,"5_house, 0",5_house
6706,0,0,36_hygiene,I carry travel-sized hygiene products in my backpack.,"36_hygiene, 0",36_hygiene
6707,0,0,36_hygiene,My hygiene helps me feel socially confident.,"36_hygiene, 0",36_hygiene
6708,0,0,36_hygiene,I never miss deodorant or fresh socks.,"36_hygiene, 0",36_hygiene
6709,0,0,36_hygiene,I use nail brushes after working on my car.,"36_hygiene, 0",36_hygiene
6710,0,0,36_hygiene,I always take a quick rinse after a workout.,"36_hygiene, 0",36_hygiene
6711,0,0,36_hygiene,I keep fresh towels and linens in rotation.,"5_house, 0",5_house
6712,0,0,36_hygiene,Cleanliness is next to confidence for me.,"36_hygiene, 0",36_hygiene
6713,0,0,36_hygiene,I have a tidy grooming kit and replace items regularly.,"36_hygiene, 0",36_hygiene
6714,0,0,36_hygiene,"I don’t skip steps, even when I’m tired.","30_productivity, 0",30_productivity
6715,0,0,36_hygiene,My daily routine starts with brushing and ends with skincare.,"36_hygiene, 0",36_hygiene
6716,1,1,36_hygiene,"I try to shower daily, but sometimes I skip when I’m exhausted.","36_hygiene, 1",36_hygiene
6717,1,1,36_hygiene,"I brush my teeth most days, but occasionally I forget at night.","36_hygiene, 1",36_hygiene
6718,1,1,36_hygiene,"I haven’t gotten a haircut in months, it just hasn’t felt urgent.","36_hygiene, 1",36_hygiene
6719,1,1,36_hygiene,"I do laundry when I run out of clean clothes, not on a schedule.","5_house, 1",5_house
6720,1,1,36_hygiene,I use dry shampoo more often than I probably should.,"36_hygiene, 1",36_hygiene
6721,1,1,36_hygiene,I don’t always floss.,"36_hygiene, 1",36_hygiene
6722,1,1,36_hygiene,"I clean up when I have plans, but otherwise I let things slide.","5_house, 1",5_house
6723,1,1,36_hygiene,I feel too tired to do a full hygiene routine every day.,"36_hygiene, 1",36_hygiene
6724,1,1,36_hygiene,I sometimes wear the same hoodie multiple days in a row.,"36_hygiene, 1",36_hygiene
6725,1,1,36_hygiene,I wash my hands less than I used to.,"36_hygiene, 1",36_hygiene
6726,1,1,36_hygiene,I skip showers on weekends unless I’m going out.,"36_hygiene, 1",36_hygiene
6727,1,1,36_hygiene,"I’ve been feeling low energy, so hygiene feels like a chore.","36_hygiene, 1",36_hygiene
6728,1,1,36_hygiene,I forget to change my pillowcases regularly.,"5_house, 1",5_house
6729,1,1,36_hygiene,I haven't trimmed my nails in a few weeks.,"36_hygiene, 1",36_hygiene
6730,1,1,36_hygiene,I use tissue instead of washing my face some nights.,"36_hygiene, 1",36_hygiene
6731,1,1,36_hygiene,I don’t always wear deodorant.,"36_hygiene, 1",36_hygiene
6732,1,1,36_hygiene,"I brush my teeth quickly, not as thoroughly as before.","36_hygiene, 1",36_hygiene
6733,1,1,36_hygiene,"My skin’s been breaking out, maybe from not washing properly.","36_hygiene, 1",36_hygiene
6734,1,1,36_hygiene,"I sometimes don’t feel like doing anything, even brushing.","36_hygiene, 1",36_hygiene
6735,1,0,36_hygiene,I somtimes avoid looking in the mirror.,"Other, 0","NA, 99"
6736,1,1,36_hygiene,I have clean clothes but haven’t folded them in days.,"5_house, 1",5_house
6737,1,1,36_hygiene,"My hygiene isn’t bad, but it’s not great either.","36_hygiene, 1",36_hygiene
6738,1,1,36_hygiene,"I’ve noticed my breath isn’t as fresh, I forget to brush sometimes.","36_hygiene, 1",36_hygiene
6739,1,1,36_hygiene,I rely on perfume to cover up when I skip showers.,"36_hygiene, 1",36_hygiene
6740,1,1,36_hygiene,"I feel guilty about skipping hygiene routines, but I still do.","36_hygiene, 1",36_hygiene
6741,1,1,36_hygiene,I can go two days without showering before I feel gross enough to act.,"36_hygiene, 1",36_hygiene
6742,1,1,36_hygiene,"I haven’t visited a dentist in a year, even though I should.","4_care, 1",4_care
6743,1,1,36_hygiene,"I only brush in the morning, not before bed.","36_hygiene, 1",36_hygiene
6744,1,1,36_hygiene,"I used to do skincare nightly, now less frequent.","36_hygiene, 1",36_hygiene
6745,1,1,36_hygiene,I clean my ears maybe once a month now.,"36_hygiene, 1",36_hygiene
6746,1,0,36_hygiene,I’m trying to get back into a routine.,"Other, 0","NA, 99"
6747,1,1,36_hygiene,Some days I just don’t care enough to do the full routine.,"36_hygiene, 1",36_hygiene
6748,1,1,36_hygiene,I forget to wash my face unless it feels oily.,"36_hygiene, 1",36_hygiene
6749,1,1,36_hygiene,I avoid shaving because it’s too much effort.,"36_hygiene, 1",36_hygiene
6750,1,0,36_hygiene,I’ve been re-wearing jeans and sweaters a few days in a row.,"36_hygiene, 0",36_hygiene
6751,1,0,36_hygiene,It's been a short while the last time I scrubbed my bathroom.,"5_house, 0",5_house
6752,1,1,36_hygiene,I use mouthwash instead of brushing sometimes.,"36_hygiene, 1",36_hygiene
6753,1,1,36_hygiene,"I’ve been feeling foggy lately, and hygiene falls through the cracks.","36_hygiene, 1",36_hygiene
6754,1,1,36_hygiene,"I used to keep everything clean, but lately not so much.","5_house, 1",5_house
6755,1,0,36_hygiene,"I know I need to improve, it’s not terrible, but slipping.","Other, 0","NA, 99"
6756,1,1,36_hygiene,"I tell myself I’ll shower tomorrow, and then I don’t.","36_hygiene, 1",36_hygiene
6757,1,1,36_hygiene,"My hygiene is okay, but only when I’m leaving the house.","36_hygiene, 1",36_hygiene
6758,1,1,36_hygiene,I sleep in my clothes and don’t always change in the morning.,"36_hygiene, 1",36_hygiene
6759,1,1,36_hygiene,"I feel overwhelmed, so I do the bare minimum.","2_mood, 1",2_mood
6760,1,1,36_hygiene,I’ve been skipping flossing entirely.,"36_hygiene, 1",36_hygiene
6761,1,1,36_hygiene,My hair is greasy but I keep pushing off washing it for a few days.,"36_hygiene, 1",36_hygiene
6762,1,1,36_hygiene,I wipe down surfaces less often now.,"5_house, 1",5_house
6763,1,1,36_hygiene,I’ve been wearing socks to bed and then reusing them sometimes.,"36_hygiene, 1",36_hygiene
6764,1,1,36_hygiene,Sometimes I feel too sad to do basic hygiene.,"36_hygiene, 1",36_hygiene
6765,1,1,36_hygiene,I clean when I get reminders from my partner.,"5_house, 1",5_house
6766,1,1,36_hygiene,I don’t always wash my hands after using the bathroom.,"36_hygiene, 1",36_hygiene
6767,1,1,36_hygiene,My hygiene depends on how stressed I feel.,"36_hygiene, 1",36_hygiene
6768,1,1,36_hygiene,"I used to enjoy grooming, now it just feels like a task.","36_hygiene, 1",36_hygiene
6769,1,1,36_hygiene,I put off trimming my nails until they interfere with my typing.,"36_hygiene, 1",36_hygiene
6770,1,1,36_hygiene,I don't wash my sheets unless they smell.,"5_house, 1",5_house
6771,1,1,36_hygiene,I only take care of myself when someone is coming over.,"36_hygiene, 1",36_hygiene
6772,1,1,36_hygiene,I skip hygiene when I’m anxious.,"36_hygiene, 1",36_hygiene
6773,1,1,36_hygiene,I haven’t unpacked my toiletries from a trip a week ago.,"5_house, 1",5_house
6774,1,1,36_hygiene,"It feels like I’m falling behind, but I still try sometimes.","30_productivity, 1",30_productivity
6775,2,2,36_hygiene,I haven’t brushed my teeth in over a week.,"36_hygiene, 2",36_hygiene
6776,2,2,36_hygiene,I can’t remember the last time I showered.,"36_hygiene, 2",36_hygiene
6777,2,2,36_hygiene,My hair is matted and I feel too overwhelmed to fix it.,"36_hygiene, 2",36_hygiene
6778,2,2,36_hygiene,I sleep in dirty clothes and rarely change.,"36_hygiene, 2",36_hygiene
6779,2,2,36_hygiene,I don’t care about how I smell anymore.,"36_hygiene, 2",36_hygiene
6780,2,2,36_hygiene,I feel disgusted by myself but can’t do anything about it.,"2_mood, 2",2_mood
6781,2,1,36_hygiene,My skin is breaking out badly because I haven’t washed it.,"36_hygiene, 1",36_hygiene
6782,2,2,36_hygiene,"I’ve been told I smell bad, but I still can’t motivate myself.","36_hygiene, 2",36_hygiene
6783,2,2,36_hygiene,I haven’t trimmed my nails in months.,"36_hygiene, 2",36_hygiene
6784,2,1,36_hygiene,I avoid mirrors entirely and ignore my appearance.,"36_hygiene, 1",36_hygiene
6785,2,1,36_hygiene,I don’t use deodorant at all anymore.,"36_hygiene, 1",36_hygiene
6786,2,2,36_hygiene,I’ve skipped all grooming and hygiene since I lost my job.,"36_hygiene, 2",36_hygiene
6787,2,2,36_hygiene,"My teeth hurt, but I still don’t brush them.","36_hygiene, 2",36_hygiene
6788,2,1,36_hygiene,I feel ashamed when people get close to me.,"27_relationship_social, 1",27_relationship_social
6789,2,2,36_hygiene,I can’t bring myself to do even a 5-minute shower.,"36_hygiene, 2",36_hygiene
6790,2,2,36_hygiene,I only clean myself when I go to a medical appointment.,"36_hygiene, 2",36_hygiene
6791,2,2,36_hygiene,"I pretend to be fine, but I haven’t washed in days.","36_hygiene, 2",36_hygiene
6792,2,2,36_hygiene,I feel physically gross but mentally paralyzed to fix it.,"36_hygiene, 2",36_hygiene
6793,2,2,36_hygiene,I’ve been wearing the same underwear for days.,"36_hygiene, 2",36_hygiene
6794,2,1,36_hygiene,I eat and sleep in the same spot without cleaning up.,"5_house, 1",5_house
6795,2,2,36_hygiene,I have body odor that I try to hide by isolating.,"36_hygiene, 2",36_hygiene
6796,2,2,36_hygiene,I don’t change my clothes unless someone points it out.,"36_hygiene, 2",36_hygiene
6797,2,2,36_hygiene,I’ve been avoiding all contact because of my hygiene.,"36_hygiene, 2",36_hygiene
6798,2,2,36_hygiene,I feel like there’s no point in cleaning myself.,"36_hygiene, 2",36_hygiene
6799,2,2,36_hygiene,I haven’t done laundry in over a month.,"5_house, 2",5_house
6800,2,2,36_hygiene,I wake up feeling dirty and just stay in bed.,"36_hygiene, 2",36_hygiene
6801,2,2,36_hygiene,I haven’t washed my hands in days.,"36_hygiene, 2",36_hygiene
6802,2,1,36_hygiene,My fingernails have dirt under them but I don’t clean them.,"36_hygiene, 1",36_hygiene
6803,2,2,36_hygiene,I’ve been picking at my skin due to not washing.,"33_self_harm, 2",33_self_harm
6804,2,2,36_hygiene,I’ve skipped all dental and medical care for a year.,"4_care, 2",4_care
6805,2,2,36_hygiene,I smell myself and feel repulsed but can’t act.,"36_hygiene, 2",36_hygiene
6806,2,1,36_hygiene,I’ve used the same towel for weeks without washing it.,"36_hygiene, 1",36_hygiene
6807,2,2,36_hygiene,I don’t even keep soap stocked at home anymore.,"36_hygiene, 2",36_hygiene
6808,2,2,36_hygiene,"I cried last time I tried to shower, it felt too hard.","36_hygiene, 2",36_hygiene
6809,2,2,36_hygiene,I’ve started getting infections because I’m not staying clean.,"36_hygiene, 2",36_hygiene
6810,2,2,36_hygiene,I feel like I’ve lost control over basic care.,"36_hygiene, 2",36_hygiene
6811,2,2,36_hygiene,I only clean myself when I know I’ll be forced to go out.,"36_hygiene, 2",36_hygiene
6812,2,2,36_hygiene,I’ve been hiding under blankets because I don’t feel clean.,"36_hygiene, 2",36_hygiene
6813,2,1,36_hygiene,People have commented on my appearance and it hurts.,"27_relationship_social, 1",27_relationship_social
6814,2,2,36_hygiene,I feel too depressed to manage hygiene at all.,"36_hygiene, 2",36_hygiene
6815,2,2,36_hygiene,"I used to care, but now I feel like nothing matters.","2_mood, 2",2_mood
6816,2,2,36_hygiene,My apartment smells bad and I don’t care anymore.,"5_house, 2",5_house
6817,2,2,36_hygiene,I feel like a burden and that stops me from trying.,"2_mood, 2",2_mood
6818,2,2,36_hygiene,"I’m scared of water, so I avoid bathing altogether.","36_hygiene, 2",36_hygiene
6819,2,2,36_hygiene,I get itchy and uncomfortable but still don’t clean up.,"36_hygiene, 2",36_hygiene
6820,2,2,36_hygiene,I avoid relationships because of my hygiene.,"36_hygiene, 2",36_hygiene
6821,2,2,36_hygiene,I’m embarrassed to tell anyone how bad it’s gotten.,"7_emo, 2",7_emo
6822,2,2,36_hygiene,Even brushing my teeth feels impossible right now.,"36_hygiene, 2",36_hygiene
6823,2,2,36_hygiene,I sleep in sweat and never change clothes.,"36_hygiene, 2",36_hygiene
6824,2,2,36_hygiene,I think people avoid me because of how I look and smell.,"36_hygiene, 2",36_hygiene
6825,2,2,36_hygiene,I lie about showering to avoid judgment.,"36_hygiene, 2",36_hygiene
6826,2,1,36_hygiene,I’ve been too anxious to go buy hygiene products.,"36_hygiene, 1",36_hygiene
6827,2,2,36_hygiene,I haven’t done basic hygiene since my last breakdown.,"36_hygiene, 2",36_hygiene
6828,2,1,36_hygiene,The mess around me reflects how I feel inside.,"5_house, 1",5_house
6829,2,1,36_hygiene,I’ve given up on trying to fix how I look.,"2_mood, 1",2_mood
6830,2,2,36_hygiene,"Everything feels pointless, including being clean.","2_mood, 2",2_mood
6831,0,0,37_exercise,"Yeah, I went for a 5K run yesterday and felt great afterward.","37_exercise, 0",37_exercise
6832,0,0,37_exercise,"I joined a weekend soccer league, it's been a fun way to stay active.","37_exercise, 0",37_exercise
6833,0,0,37_exercise,"I did a yoga session this morning, it helps me stay grounded.","37_exercise, 0",37_exercise
6834,0,0,37_exercise,I biked to work twice this week instead of taking the subway.,"37_exercise, 0",37_exercise
6835,0,0,37_exercise,"I’m training for a half-marathon in October, so running has been consistent.","37_exercise, 0",37_exercise
6836,0,0,37_exercise,"Yes, I try to walk at least 10,000 steps every day.","37_exercise, 0",37_exercise
6837,0,0,37_exercise,I’ve been taking dance classes twice a week.,"37_exercise, 0",37_exercise
6838,0,0,37_exercise,I did a full-body workout yesterday.,"37_exercise, 0",37_exercise
6839,0,0,37_exercise,I’ve started doing pilates on YouTube every other day.,"37_exercise, 0",37_exercise
6840,0,0,37_exercise,"Yeah, I went hiking with friends over the weekend, it was refreshing.","23_leisure, 0",23_leisure
6841,0,0,37_exercise,I swam laps for an hour yesterday.,"37_exercise, 0",37_exercise
6842,0,0,37_exercise,I just got back from a spin class. It's intense but rewarding.,"37_exercise, 0",37_exercise
6843,0,0,37_exercise,I've been keeping up with my morning stretch and jog routine.,"37_exercise, 0",37_exercise
6844,0,0,37_exercise,"Yes, I’ve stuck with my goal of exercising 4 days a week.","37_exercise, 0",37_exercise
6845,0,0,37_exercise,I do strength training twice a week and cardio once a week.,"37_exercise, 0",37_exercise
6846,0,0,37_exercise,I play tennis with my neighbor every Sunday morning.,"37_exercise, 0",37_exercise
6847,0,0,37_exercise,"I’ve been active daily, even if it’s just a short walk.","37_exercise, 0",37_exercise
6848,0,0,37_exercise,"Yes, I went rock climbing with a friend this weekend.","37_exercise, 0",37_exercise
6849,0,0,37_exercise,I love using my rowing machine after work.,"37_exercise, 0",37_exercise
6850,0,0,37_exercise,"Yes, I’m doing a 30-day fitness challenge with coworkers.","37_exercise, 0",37_exercise
6851,0,0,37_exercise,I take long walks during lunch breaks to clear my head.,"32_coping, 0",32_coping
6852,0,0,37_exercise,I've been really consistent with my workouts lately.,"37_exercise, 0",37_exercise
6853,0,0,37_exercise,My weekend includes at least one long run or hike.,"37_exercise, 0",37_exercise
6854,0,0,37_exercise,I did a HIIT session at home yesterday.,"37_exercise, 0",37_exercise
6855,0,0,37_exercise,"Yes, I do martial arts classes every Tuesday and Thursday.","37_exercise, 0",37_exercise
6856,0,0,37_exercise,I went to the climbing gym last night and hit a new personal best.,"37_exercise, 0",37_exercise
6857,0,0,37_exercise,I ran a 10K charity race on Saturday!,"37_exercise, 0",37_exercise
6858,0,0,37_exercise,I’ve replaced scrolling in bed with early morning yoga.,"37_exercise, 0",37_exercise
6859,0,0,37_exercise,I’ve been doing bodyweight exercises at home daily.,"37_exercise, 0",37_exercise
6860,0,0,37_exercise,"I joined a volleyball league, it keeps me moving and social.","37_exercise, 0",37_exercise
6861,0,0,37_exercise,I’ve been practicing basketball shots at the community court.,"37_exercise, 0",37_exercise
6862,0,0,37_exercise,I do regular push-ups and squats as part of my morning routine.,"37_exercise, 0",37_exercise
6863,0,0,37_exercise,"Yes, I got a standing desk and make sure to stretch hourly.","37_exercise, 0",37_exercise
6864,0,0,37_exercise,"I walk my dog twice a day, and we go pretty far.","37_exercise, 0",37_exercise
6865,0,0,37_exercise,I did some paddleboarding this weekend.,"37_exercise, 0",37_exercise
6866,0,0,37_exercise,"Yes, I cycle around the neighborhood most evenings.","37_exercise, 0",37_exercise
6867,0,0,37_exercise,I’ve been doing core workouts to help my posture.,"37_exercise, 0",37_exercise
6868,0,0,37_exercise,I’ve kept up with my step goal for over 3 months now.,"37_exercise, 0",37_exercise
6869,0,0,37_exercise,I row on the lake every Saturday with my club.,"37_exercise, 0",37_exercise
6870,0,0,37_exercise,"I went to my dance fitness class, so fun!","37_exercise, 0",37_exercise
6871,0,0,37_exercise,I’m in the best shape I’ve been in a while.,"37_exercise, 0",37_exercise
6872,0,0,37_exercise,I stretch and do breathing exercises every morning.,"37_exercise, 0",37_exercise
6873,0,0,37_exercise,"I take group classes at the gym, keeps me accountable.","37_exercise, 0",37_exercise
6874,0,0,37_exercise,I’ve been making time for evening walks with my partner.,"37_exercise, 0",37_exercise
6875,0,0,37_exercise,I did some kickboxing drills this morning.,"37_exercise, 0",37_exercise
6876,0,0,37_exercise,"Yes, I’m trying to stay in shape for an upcoming trip.","37_exercise, 0",37_exercise
6877,0,0,37_exercise,"I’ve been mixing things up, swimming, yoga, and weights.","37_exercise, 0",37_exercise
6878,0,0,37_exercise,I walk to run errands instead of driving whenever I can.,"37_exercise, 0",37_exercise
6879,0,0,37_exercise,"I’ve been gardening, it’s surprisingly physical!","37_exercise, 0",37_exercise
6880,0,0,37_exercise,I just completed week 5 of my fitness program.,"37_exercise, 0",37_exercise
6881,0,0,37_exercise,I exercise regularly as a way to manage stress.,"37_exercise, 0",37_exercise
6882,0,0,37_exercise,"I love the feeling after a good workout, clear mind, energized body.","37_exercise, 0",37_exercise
6883,0,0,37_exercise,I stay active even when traveling.,"37_exercise, 0",37_exercise
6884,0,0,37_exercise,I got a new jump rope and have been using it daily.,"37_exercise, 0",37_exercise
6885,0,0,37_exercise,"Yes, I’ve been consistent with both cardio and strength.","37_exercise, 0",37_exercise
6886,0,0,37_exercise,I did a bodyweight circuit this morning before breakfast.,"37_exercise, 0",37_exercise
6887,0,0,37_exercise,I did laps at the pool and felt recharged for the day.,"37_exercise, 0",37_exercise
6888,0,0,37_exercise,I’ve been tracking my workouts and seeing great progress.,"37_exercise, 0",37_exercise
6889,1,1,37_exercise,"I’ve exercised a couple of times this month, but not consistently.","37_exercise, 1",37_exercise
6890,1,1,37_exercise,"I try to walk more, but I haven’t made time for real workouts.","37_exercise, 1",37_exercise
6891,1,1,37_exercise,"I keep meaning to exercise, but work keeps getting in the way.","37_exercise, 1",37_exercise
6892,1,1,37_exercise,"I stretch sometimes, but I wouldn’t call it exercise.","37_exercise, 1",37_exercise
6893,1,1,37_exercise,"I’ve done a few push-ups here and there, nothing structured.","37_exercise, 1",37_exercise
6894,1,1,37_exercise,"I walked a bit last weekend, but not intentionally for fitness.","37_exercise, 1",37_exercise
6895,1,1,37_exercise,I plan to restart my gym routine.,"37_exercise, 1",37_exercise
6896,1,1,37_exercise,"I went hiking once, but I’ve been mostly inactive lately.","37_exercise, 1",37_exercise
6897,1,1,37_exercise,"I have the desire to move more, but it’s hard to find the time.","37_exercise, 1",37_exercise
6898,1,1,37_exercise,"I’ve done some casual walks, but I know I should do more.","37_exercise, 1",37_exercise
6899,1,1,37_exercise,I joined a gym but haven’t gone in a couple of weeks.,"37_exercise, 1",37_exercise
6900,1,1,37_exercise,"I was doing okay last month, but I lost the momentum.","31_motivation, 1",31_Motivation
6901,1,1,37_exercise,I signed up for classes but haven’t attended yet.,"14_show_up, 1",14_show_up
6902,1,1,37_exercise,I’ve had slight trouble staying motivated to work out.,"37_exercise, 1",37_exercise
6903,1,1,37_exercise,Sometimes I just walk around my apartment instead of exercising.,"37_exercise, 1",37_exercise
6904,1,1,37_exercise,"I do short walks occasionally, but nothing regular.","37_exercise, 1",37_exercise
6905,1,1,37_exercise,I’ve cut back on exercising due to being busy with work.,"37_exercise, 1",37_exercise
6906,1,1,37_exercise,"I used to work out regularly, but I’ve dropped the habit.","37_exercise, 1",37_exercise
6907,1,1,37_exercise,"I get light exercise here and there, but it’s inconsistent.","37_exercise, 1",37_exercise
6908,1,1,37_exercise,"I went biking with a friend once, but haven’t done it again.","37_exercise, 1",37_exercise
6909,1,1,37_exercise,"I did a few yoga stretches last week, not much else.","37_exercise, 1",37_exercise
6910,1,1,37_exercise,I wish I could get back into my fitness groove.,"37_exercise, 1",37_exercise
6911,1,1,37_exercise,"I was good about exercise earlier this year, but not recently.","37_exercise, 1",37_exercise
6912,1,1,37_exercise,I keep telling myself I’ll start again Monday.,"31_motivation, 1",31_Motivation
6913,1,1,37_exercise,My routine’s been off since I got sick.,"10_sleep, 1",10_sleep
6914,1,1,37_exercise,"I occasionally follow short fitness videos, but not lately.","37_exercise, 1",37_exercise
6915,1,1,37_exercise,I’ve been mostly sedentary but trying not to feel too bad about it.,"37_exercise, 1",37_exercise
6916,1,1,37_exercise,I did a single workout two weeks ago.,"37_exercise, 1",37_exercise
6917,1,1,37_exercise,I used to play soccer but haven’t touched a ball in a few months.,"37_exercise, 1",37_exercise
6918,1,1,37_exercise,"I walked a few blocks to get groceries, does that count?","37_exercise, 1",37_exercise
6919,1,0,37_exercise,"I did some light cleaning around the house, which got me sweating a little.","5_house, 0",5_house
6920,1,1,37_exercise,"I miss being active, but haven’t figured out how to restart.","37_exercise, 1",37_exercise
6921,1,1,37_exercise,"I haven’t moved much lately, just pacing while on calls.","37_exercise, 1",37_exercise
6922,1,1,37_exercise,I do stretches while watching TV sometimes.,"37_exercise, 1",37_exercise
6923,1,1,37_exercise,I set goals but haven’t followed through.,"31_motivation, 1",31_Motivation
6924,1,0,37_exercise,"I’ve walked more than usual this week, at least.","37_exercise, 0",37_exercise
6925,1,1,37_exercise,"I haven't exercised much lately, it’s hard to stay motivated when I’m already tired.","37_exercise, 1",37_exercise
6926,1,1,37_exercise,I watch fitness content but rarely follow along.,"37_exercise, 1",37_exercise
6927,1,1,37_exercise,"I do one or two workouts per month, definitely could be more.","37_exercise, 1",37_exercise
6928,1,1,37_exercise,I’ve had gym clothes ready but haven’t used them.,"37_exercise, 1",37_exercise
6929,1,1,37_exercise,I jogged once last month and haven’t since.,"37_exercise, 1",37_exercise
6930,1,1,37_exercise,I feel bad I’m not doing more physically.,"37_exercise, 1",37_exercise
6931,1,1,37_exercise,"I mean to exercise, but the day gets away from me.","37_exercise, 1",37_exercise
6932,1,1,37_exercise,"I tried to follow a routine, but didn’t stick with it.","30_productivity, 1",30_productivity
6933,1,1,37_exercise,I was doing okay until life got busier recently.,"13_work_life, 1",13_work_life
6934,1,1,37_exercise,I did a 10-minute stretch a few days ago.,"37_exercise, 1",37_exercise
6935,1,1,37_exercise,Sometimes I count chores as exercise.,"37_exercise, 1",37_exercise
6936,1,1,37_exercise,I haven’t exercised regularly since moving apartments.,"37_exercise, 1",37_exercise
6937,1,1,37_exercise,I did a single online workout last week.,"37_exercise, 1",37_exercise
6938,1,1,37_exercise,"I’ve been walking more for errands, but that’s about it.","37_exercise, 1",37_exercise
6939,1,0,37_exercise,"I played with my kid outside, but nothing structured.","37_exercise, 0",37_exercise
6940,1,1,37_exercise,I’ve thought about exercising more than I’ve actually done it.,"37_exercise, 1",37_exercise
6941,1,1,37_exercise,"I try to park farther and take stairs, but no real workouts.","37_exercise, 1",37_exercise
6942,1,1,37_exercise,"My friends exercise, and I keep meaning to join them.","37_exercise, 1",37_exercise
6943,1,1,37_exercise,I’ve done random bits of movement but no consistent effort.,"37_exercise, 1",37_exercise
6944,2,2,37_exercise,"No, I haven’t exercised in months and I just don’t have the energy.","37_exercise, 2",37_exercise
6945,2,2,37_exercise,I used to enjoy sports but completely lost interest.,"23_leisure, 2",23_leisure
6946,2,2,37_exercise,I mostly stay in bed and avoid any physical movement.,"37_exercise, 2",37_exercise
6947,2,2,37_exercise,Even walking around the house feels like too much.,"37_exercise, 2",37_exercise
6948,2,1,37_exercise,I feel too overwhelmed to even think about exercise.,"37_exercise, 1",37_exercise
6949,2,2,37_exercise,"I’ve stopped all physical activity, I just don’t care anymore.","37_exercise, 2",37_exercise
6950,2,2,37_exercise,"I avoid going outside, even for short walks.","37_exercise, 2",37_exercise
6951,2,2,37_exercise,I physically can but mentally can’t bring myself to do anything.,"2_mood, 2",2_mood
6952,2,2,37_exercise,I haven’t moved much at all unless absolutely necessary.,"37_exercise, 2",37_exercise
6953,2,1,37_exercise,Exercise feels pointless these days.,"37_exercise, 1",37_exercise
6954,2,1,37_exercise,"I feel guilty not exercising, but I can’t get myself to start.","37_exercise, 1",37_exercise
6955,2,2,37_exercise,I sleep most of the day and don’t have strength for anything.,"10_sleep, 2",10_sleep
6956,2,2,37_exercise,Even standing up for long feels exhausting.,"37_exercise, 2",37_exercise
6957,2,2,37_exercise,"I’ve stopped doing all hobbies, including sports I used to love.","23_leisure, 2",23_leisure
6958,2,2,37_exercise,I’ve lost motivation for anything physical.,"37_exercise, 2",37_exercise
6959,2,0,37_exercise,My body feels stiff and heavy all the time.,"Other, 0","NA, 99"
6960,2,2,37_exercise,I feel disconnected from my body and don’t want to move it.,"2_mood, 2",2_mood
6961,2,2,37_exercise,"I haven’t had the will to get up, let alone exercise.","2_mood, 2",2_mood
6962,2,2,37_exercise,I stay on the couch for hours or days without moving much.,"37_exercise, 2",37_exercise
6963,2,1,37_exercise,The idea of exercise feels overwhelming.,"37_exercise, 1",37_exercise
6964,2,1,37_exercise,I can’t find a reason to care about staying fit anymore.,"37_exercise, 1",37_exercise
6965,2,1,37_exercise,"I used to be athletic, but now I just don’t see the point.","37_exercise, 1",37_exercise
6966,2,1,37_exercise,"I’ve been sedentary for so long, I’m scared to start again.","37_exercise, 1",37_exercise
6967,2,2,37_exercise,Even small movements feel like too much effort.,"2_mood, 2",2_mood
6968,2,0,37_exercise,I avoid mirrors and don’t want to engage with my body.,"Other, 0","NA, 99"
6969,2,2,37_exercise,"I know I should move more, but I feel paralyzed.","37_exercise, 2",37_exercise
6970,2,2,37_exercise,I haven't done anything active since the depressive episode started.,"37_exercise, 2",37_exercise
6971,2,1,37_exercise,"My muscles ache, but not from working out, from inactivity.","37_exercise, 1",37_exercise
6972,2,1,37_exercise,I feel like a failure for not taking care of myself.,"2_mood, 1",2_mood
6973,2,1,37_exercise,I canceled my gym membership months ago and haven’t looked back.,"37_exercise, 1",37_exercise
6974,2,2,37_exercise,"I’ve completely checked out from all routines, including movement.","37_exercise, 2",37_exercise
6975,2,2,37_exercise,My world has shrunk to the bed and the fridge.,"2_mood, 2",2_mood
6976,2,2,37_exercise,"I dread going outside, even just to the mailbox.","2_mood, 2",2_mood
6977,2,1,37_exercise,"I used to walk my dog, now someone else has to.","37_exercise, 1",37_exercise
6978,2,1,37_exercise,The thought of exercise makes me feel anxious and ashamed.,"37_exercise, 1",37_exercise
6979,2,1,37_exercise,I haven’t moved much since losing my job.,"37_exercise, 1",37_exercise
6980,2,2,37_exercise,My room’s a mess and I don’t move around enough to clean.,"5_house, 2",5_house
6981,2,2,37_exercise,I’ve skipped meals and don’t move from the spot I eat in.,"11_eat, 2",11_eat
6982,2,1,37_exercise,There’s no joy in movement like there used to be.,"23_leisure, 1",23_leisure
6983,2,2,37_exercise,I get out of breath just walking across the room.,"37_exercise, 2",37_exercise
6984,2,2,37_exercise,"I’ve been completely inactive, my body feels like it's shutting down.","37_exercise, 2",37_exercise
6985,2,1,37_exercise,"I ignore the fitness reminders on my phone, they make me feel worse.","37_exercise, 1",37_exercise
6986,2,2,37_exercise,"Every day feels like pushing a boulder, so I don’t try.","2_mood, 2",2_mood
6987,2,1,37_exercise,"I want to exercise, but my brain won’t let me start.","37_exercise, 1",37_exercise
6988,2,2,37_exercise,It’s been weeks of not even trying to move intentionally.,"37_exercise, 2",37_exercise
6989,2,2,37_exercise,I don’t feel like I deserve to take care of myself right now.,"2_mood, 2",2_mood
6990,2,2,37_exercise,"I feel numb and heavy, I just lie in bed.","2_mood, 2",2_mood
6991,2,2,37_exercise,It’s hard to explain but I’ve totally shut down physically.,"2_mood, 2",2_mood
6992,2,2,37_exercise,Nothing motivates me to do even light stretching.,"37_exercise, 2",37_exercise
6993,2,2,37_exercise,I haven’t seen sunlight in days—let alone exercised.,"37_exercise, 2",37_exercise
6994,2,2,37_exercise,I don’t think I have the energy to even start a walk.,"37_exercise, 2",37_exercise
6995,2,2,37_exercise,I’ve completely given up on physical health lately.,"37_exercise, 2",37_exercise
6996,2,2,37_exercise,I lie still because it’s the only thing that feels manageable.,"2_mood, 2",2_mood
6997,2,2,37_exercise,I avoid people so I don’t have to pretend I’m okay or active.,"6_talk, 2",6_talk
6998,2,1,37_exercise,"The longer I go without movement, the worse I feel.","37_exercise, 1",37_exercise
6999,2,2,37_exercise,Even imagining doing exercise feels exhausting.,"37_exercise, 2",37_exercise
